filename,class,class_id,split,path
fiber_0000.png,fiber,0,train,C:\Users\hs085\Downloads\MICROPLASTIC_DETECTOR-main\MICROPLASTIC_DETECTOR-main\dataset\train\fiber\fiber_0000.png
fiber_0001.png,fiber,0,train,C:\Users\hs085\Downloads\MICROPLASTIC_DETECTOR-main\MICROPLASTIC_DETECTOR-main\dataset\train\fiber\fiber_0001.png
fiber_0002.png,fiber,0,train,C:\Users\hs085\Downloads\MICROPLASTIC_DETECTOR-main\MICROPLASTIC_DETECTOR-main\dataset\train\fiber\fiber_0002.png
fiber_0003.png,fiber,0,train,C:\Users\hs085\Downloads\MICROPLASTIC_DETECTOR-main\MICROPLASTIC_DETECTOR-main\dataset\train\fiber\fiber_0003.png
fiber_0004.png,fiber,0,train,C:\Users\hs085\Downloads\MICROPLASTIC_DETECTOR-main\MICROPLASTIC_DETECTOR-main\dataset\train\fiber\fiber_0004.png
fiber_0005.png,fiber,0,train,C:\Users\hs085\Downloads\MICROPLASTIC_DETECTOR-main\MICROPLASTIC_DETECTOR-main\dataset\train\fiber\fiber_0005.png
fiber_0006.png,fiber,0,train,C:\Users\hs085\Downloads\MICROPLASTIC_DETECTOR-main\MICROPLASTIC_DETECTOR-main\dataset\train\fiber\fiber_0006.png
fiber_0007.png,fiber,0,train,C:\Users\hs085\Downloads\MICROPLASTIC_DETECTOR-main\MICROPLASTIC_DETECTOR-main\dataset\train\fiber\fiber_0007.png
fiber_0008.png,fiber,0,train,C:\Users\hs085\Downloads\MICROPLASTIC_DETECTOR-main\MICROPLASTIC_DETECTOR-main\dataset\train\fiber\fiber_0008.png
fiber_0009.png,fiber,0,train,C:\Users\hs085\Downloads\MICROPLASTIC_DETECTOR-main\MICROPLASTIC_DETECTOR-main\dataset\train\fiber\fiber_0009.png
fiber_0010.png,fiber,0,train,C:\Users\hs085\Downloads\MICROPLASTIC_DETECTOR-main\MICROPLASTIC_DETECTOR-main\dataset\train\fiber\fiber_0010.png
fiber_0011.png,fiber,0,train,C:\Users\hs085\Downloads\MICROPLASTIC_DETECTOR-main\MICROPLASTIC_DETECTOR-main\dataset\train\fiber\fiber_0011.png
fiber_0012.png,fiber,0,train,C:\Users\hs085\Downloads\MICROPLASTIC_DETECTOR-main\MICROPLASTIC_DETECTOR-main\dataset\train\fiber\fiber_0012.png
fiber_0013.png,fiber,0,train,C:\Users\hs085\Downloads\MICROPLASTIC_DETECTOR-main\MICROPLASTIC_DETECTOR-main\dataset\train\fiber\fiber_0013.png
fiber_0014.png,fiber,0,train,C:\Users\hs085\Downloads\MICROPLASTIC_DETECTOR-main\MICROPLASTIC_DETECTOR-main\dataset\train\fiber\fiber_0014.png
fiber_0015.png,fiber,0,train,C:\Users\hs085\Downloads\MICROPLASTIC_DETECTOR-main\MICROPLASTIC_DETECTOR-main\dataset\train\fiber\fiber_0015.png
fiber_0016.png,fiber,0,train,C:\Users\hs085\Downloads\MICROPLASTIC_DETECTOR-main\MICROPLASTIC_DETECTOR-main\dataset\train\fiber\fiber_0016.png
fiber_0017.png,fiber,0,train,C:\Users\hs085\Downloads\MICROPLASTIC_DETECTOR-main\MICROPLASTIC_DETECTOR-main\dataset\train\fiber\fiber_0017.png
fiber_0018.png,fiber,0,train,C:\Users\hs085\Downloads\MICROPLASTIC_DETECTOR-main\MICROPLASTIC_DETECTOR-main\dataset\train\fiber\fiber_0018.png
fiber_0019.png,fiber,0,train,C:\Users\hs085\Downloads\MICROPLASTIC_DETECTOR-main\MICROPLASTIC_DETECTOR-main\dataset\train\fiber\fiber_0019.png
fiber_0020.png,fiber,0,train,C:\Users\hs085\Downloads\MICROPLASTIC_DETECTOR-main\MICROPLASTIC_DETECTOR-main\dataset\train\fiber\fiber_0020.png
fiber_0021.png,fiber,0,train,C:\Users\hs085\Downloads\MICROPLASTIC_DETECTOR-main\MICROPLASTIC_DETECTOR-main\dataset\train\fiber\fiber_0021.png
fiber_0022.png,fiber,0,train,C:\Users\hs085\Downloads\MICROPLASTIC_DETECTOR-main\MICROPLASTIC_DETECTOR-main\dataset\train\fiber\fiber_0022.png
fiber_0023.png,fiber,0,train,C:\Users\hs085\Downloads\MICROPLASTIC_DETECTOR-main\MICROPLASTIC_DETECTOR-main\dataset\train\fiber\fiber_0023.png
fiber_0024.png,fiber,0,train,C:\Users\hs085\Downloads\MICROPLASTIC_DETECTOR-main\MICROPLASTIC_DETECTOR-main\dataset\train\fiber\fiber_0024.png
fiber_0025.png,fiber,0,train,C:\Users\hs085\Downloads\MICROPLASTIC_DETECTOR-main\MICROPLASTIC_DETECTOR-main\dataset\train\fiber\fiber_0025.png
fiber_0026.png,fiber,0,train,C:\Users\hs085\Downloads\MICROPLASTIC_DETECTOR-main\MICROPLASTIC_DETECTOR-main\dataset\train\fiber\fiber_0026.png
fiber_0027.png,fiber,0,train,C:\Users\hs085\Downloads\MICROPLASTIC_DETECTOR-main\MICROPLASTIC_DETECTOR-main\dataset\train\fiber\fiber_0027.png
fiber_0028.png,fiber,0,train,C:\Users\hs085\Downloads\MICROPLASTIC_DETECTOR-main\MICROPLASTIC_DETECTOR-main\dataset\train\fiber\fiber_0028.png
fiber_0029.png,fiber,0,train,C:\Users\hs085\Downloads\MICROPLASTIC_DETECTOR-main\MICROPLASTIC_DETECTOR-main\dataset\train\fiber\fiber_0029.png
fiber_0030.png,fiber,0,train,C:\Users\hs085\Downloads\MICROPLASTIC_DETECTOR-main\MICROPLASTIC_DETECTOR-main\dataset\train\fiber\fiber_0030.png
fiber_0031.png,fiber,0,train,C:\Users\hs085\Downloads\MICROPLASTIC_DETECTOR-main\MICROPLASTIC_DETECTOR-main\dataset\train\fiber\fiber_0031.png
fiber_0032.png,fiber,0,train,C:\Users\hs085\Downloads\MICROPLASTIC_DETECTOR-main\MICROPLASTIC_DETECTOR-main\dataset\train\fiber\fiber_0032.png
fiber_0033.png,fiber,0,train,C:\Users\hs085\Downloads\MICROPLASTIC_DETECTOR-main\MICROPLASTIC_DETECTOR-main\dataset\train\fiber\fiber_0033.png
fiber_0034.png,fiber,0,train,C:\Users\hs085\Downloads\MICROPLASTIC_DETECTOR-main\MICROPLASTIC_DETECTOR-main\dataset\train\fiber\fiber_0034.png
fiber_0035.png,fiber,0,train,C:\Users\hs085\Downloads\MICROPLASTIC_DETECTOR-main\MICROPLASTIC_DETECTOR-main\dataset\train\fiber\fiber_0035.png
fiber_0036.png,fiber,0,train,C:\Users\hs085\Downloads\MICROPLASTIC_DETECTOR-main\MICROPLASTIC_DETECTOR-main\dataset\train\fiber\fiber_0036.png
fiber_0037.png,fiber,0,train,C:\Users\hs085\Downloads\MICROPLASTIC_DETECTOR-main\MICROPLASTIC_DETECTOR-main\dataset\train\fiber\fiber_0037.png
fiber_0038.png,fiber,0,train,C:\Users\hs085\Downloads\MICROPLASTIC_DETECTOR-main\MICROPLASTIC_DETECTOR-main\dataset\train\fiber\fiber_0038.png
fiber_0039.png,fiber,0,train,C:\Users\hs085\Downloads\MICROPLASTIC_DETECTOR-main\MICROPLASTIC_DETECTOR-main\dataset\train\fiber\fiber_0039.png
fiber_0040.png,fiber,0,train,C:\Users\hs085\Downloads\MICROPLASTIC_DETECTOR-main\MICROPLASTIC_DETECTOR-main\dataset\train\fiber\fiber_0040.png
fiber_0041.png,fiber,0,train,C:\Users\hs085\Downloads\MICROPLASTIC_DETECTOR-main\MICROPLASTIC_DETECTOR-main\dataset\train\fiber\fiber_0041.png
fiber_0042.png,fiber,0,train,C:\Users\hs085\Downloads\MICROPLASTIC_DETECTOR-main\MICROPLASTIC_DETECTOR-main\dataset\train\fiber\fiber_0042.png
fiber_0043.png,fiber,0,train,C:\Users\hs085\Downloads\MICROPLASTIC_DETECTOR-main\MICROPLASTIC_DETECTOR-main\dataset\train\fiber\fiber_0043.png
fiber_0044.png,fiber,0,train,C:\Users\hs085\Downloads\MICROPLASTIC_DETECTOR-main\MICROPLASTIC_DETECTOR-main\dataset\train\fiber\fiber_0044.png
fiber_0045.png,fiber,0,train,C:\Users\hs085\Downloads\MICROPLASTIC_DETECTOR-main\MICROPLASTIC_DETECTOR-main\dataset\train\fiber\fiber_0045.png
fiber_0046.png,fiber,0,train,C:\Users\hs085\Downloads\MICROPLASTIC_DETECTOR-main\MICROPLASTIC_DETECTOR-main\dataset\train\fiber\fiber_0046.png
fiber_0047.png,fiber,0,train,C:\Users\hs085\Downloads\MICROPLASTIC_DETECTOR-main\MICROPLASTIC_DETECTOR-main\dataset\train\fiber\fiber_0047.png
fiber_0048.png,fiber,0,train,C:\Users\hs085\Downloads\MICROPLASTIC_DETECTOR-main\MICROPLASTIC_DETECTOR-main\dataset\train\fiber\fiber_0048.png
fiber_0049.png,fiber,0,train,C:\Users\hs085\Downloads\MICROPLASTIC_DETECTOR-main\MICROPLASTIC_DETECTOR-main\dataset\train\fiber\fiber_0049.png
fiber_0050.png,fiber,0,train,C:\Users\hs085\Downloads\MICROPLASTIC_DETECTOR-main\MICROPLASTIC_DETECTOR-main\dataset\train\fiber\fiber_0050.png
fiber_0051.png,fiber,0,train,C:\Users\hs085\Downloads\MICROPLASTIC_DETECTOR-main\MICROPLASTIC_DETECTOR-main\dataset\train\fiber\fiber_0051.png
fiber_0052.png,fiber,0,train,C:\Users\hs085\Downloads\MICROPLASTIC_DETECTOR-main\MICROPLASTIC_DETECTOR-main\dataset\train\fiber\fiber_0052.png
fiber_0053.png,fiber,0,train,C:\Users\hs085\Downloads\MICROPLASTIC_DETECTOR-main\MICROPLASTIC_DETECTOR-main\dataset\train\fiber\fiber_0053.png
fiber_0054.png,fiber,0,train,C:\Users\hs085\Downloads\MICROPLASTIC_DETECTOR-main\MICROPLASTIC_DETECTOR-main\dataset\train\fiber\fiber_0054.png
fiber_0055.png,fiber,0,train,C:\Users\hs085\Downloads\MICROPLASTIC_DETECTOR-main\MICROPLASTIC_DETECTOR-main\dataset\train\fiber\fiber_0055.png
fiber_0056.png,fiber,0,train,C:\Users\hs085\Downloads\MICROPLASTIC_DETECTOR-main\MICROPLASTIC_DETECTOR-main\dataset\train\fiber\fiber_0056.png
fiber_0057.png,fiber,0,train,C:\Users\hs085\Downloads\MICROPLASTIC_DETECTOR-main\MICROPLASTIC_DETECTOR-main\dataset\train\fiber\fiber_0057.png
fiber_0058.png,fiber,0,train,C:\Users\hs085\Downloads\MICROPLASTIC_DETECTOR-main\MICROPLASTIC_DETECTOR-main\dataset\train\fiber\fiber_0058.png
fiber_0059.png,fiber,0,train,C:\Users\hs085\Downloads\MICROPLASTIC_DETECTOR-main\MICROPLASTIC_DETECTOR-main\dataset\train\fiber\fiber_0059.png
fiber_0060.png,fiber,0,train,C:\Users\hs085\Downloads\MICROPLASTIC_DETECTOR-main\MICROPLASTIC_DETECTOR-main\dataset\train\fiber\fiber_0060.png
fiber_0061.png,fiber,0,train,C:\Users\hs085\Downloads\MICROPLASTIC_DETECTOR-main\MICROPLASTIC_DETECTOR-main\dataset\train\fiber\fiber_0061.png
fiber_0062.png,fiber,0,train,C:\Users\hs085\Downloads\MICROPLASTIC_DETECTOR-main\MICROPLASTIC_DETECTOR-main\dataset\train\fiber\fiber_0062.png
fiber_0063.png,fiber,0,train,C:\Users\hs085\Downloads\MICROPLASTIC_DETECTOR-main\MICROPLASTIC_DETECTOR-main\dataset\train\fiber\fiber_0063.png
fiber_0064.png,fiber,0,train,C:\Users\hs085\Downloads\MICROPLASTIC_DETECTOR-main\MICROPLASTIC_DETECTOR-main\dataset\train\fiber\fiber_0064.png
fiber_0065.png,fiber,0,train,C:\Users\hs085\Downloads\MICROPLASTIC_DETECTOR-main\MICROPLASTIC_DETECTOR-main\dataset\train\fiber\fiber_0065.png
fiber_0066.png,fiber,0,train,C:\Users\hs085\Downloads\MICROPLASTIC_DETECTOR-main\MICROPLASTIC_DETECTOR-main\dataset\train\fiber\fiber_0066.png
fiber_0067.png,fiber,0,train,C:\Users\hs085\Downloads\MICROPLASTIC_DETECTOR-main\MICROPLASTIC_DETECTOR-main\dataset\train\fiber\fiber_0067.png
fiber_0068.png,fiber,0,train,C:\Users\hs085\Downloads\MICROPLASTIC_DETECTOR-main\MICROPLASTIC_DETECTOR-main\dataset\train\fiber\fiber_0068.png
fiber_0069.png,fiber,0,train,C:\Users\hs085\Downloads\MICROPLASTIC_DETECTOR-main\MICROPLASTIC_DETECTOR-main\dataset\train\fiber\fiber_0069.png
fiber_0070.png,fiber,0,train,C:\Users\hs085\Downloads\MICROPLASTIC_DETECTOR-main\MICROPLASTIC_DETECTOR-main\dataset\train\fiber\fiber_0070.png
fiber_0071.png,fiber,0,train,C:\Users\hs085\Downloads\MICROPLASTIC_DETECTOR-main\MICROPLASTIC_DETECTOR-main\dataset\train\fiber\fiber_0071.png
fiber_0072.png,fiber,0,train,C:\Users\hs085\Downloads\MICROPLASTIC_DETECTOR-main\MICROPLASTIC_DETECTOR-main\dataset\train\fiber\fiber_0072.png
fiber_0073.png,fiber,0,train,C:\Users\hs085\Downloads\MICROPLASTIC_DETECTOR-main\MICROPLASTIC_DETECTOR-main\dataset\train\fiber\fiber_0073.png
fiber_0074.png,fiber,0,train,C:\Users\hs085\Downloads\MICROPLASTIC_DETECTOR-main\MICROPLASTIC_DETECTOR-main\dataset\train\fiber\fiber_0074.png
fiber_0075.png,fiber,0,train,C:\Users\hs085\Downloads\MICROPLASTIC_DETECTOR-main\MICROPLASTIC_DETECTOR-main\dataset\train\fiber\fiber_0075.png
fiber_0076.png,fiber,0,train,C:\Users\hs085\Downloads\MICROPLASTIC_DETECTOR-main\MICROPLASTIC_DETECTOR-main\dataset\train\fiber\fiber_0076.png
fiber_0077.png,fiber,0,train,C:\Users\hs085\Downloads\MICROPLASTIC_DETECTOR-main\MICROPLASTIC_DETECTOR-main\dataset\train\fiber\fiber_0077.png
fiber_0078.png,fiber,0,train,C:\Users\hs085\Downloads\MICROPLASTIC_DETECTOR-main\MICROPLASTIC_DETECTOR-main\dataset\train\fiber\fiber_0078.png
fiber_0079.png,fiber,0,train,C:\Users\hs085\Downloads\MICROPLASTIC_DETECTOR-main\MICROPLASTIC_DETECTOR-main\dataset\train\fiber\fiber_0079.png
fiber_0080.png,fiber,0,train,C:\Users\hs085\Downloads\MICROPLASTIC_DETECTOR-main\MICROPLASTIC_DETECTOR-main\dataset\train\fiber\fiber_0080.png
fiber_0081.png,fiber,0,train,C:\Users\hs085\Downloads\MICROPLASTIC_DETECTOR-main\MICROPLASTIC_DETECTOR-main\dataset\train\fiber\fiber_0081.png
fiber_0082.png,fiber,0,train,C:\Users\hs085\Downloads\MICROPLASTIC_DETECTOR-main\MICROPLASTIC_DETECTOR-main\dataset\train\fiber\fiber_0082.png
fiber_0083.png,fiber,0,train,C:\Users\hs085\Downloads\MICROPLASTIC_DETECTOR-main\MICROPLASTIC_DETECTOR-main\dataset\train\fiber\fiber_0083.png
fiber_0084.png,fiber,0,train,C:\Users\hs085\Downloads\MICROPLASTIC_DETECTOR-main\MICROPLASTIC_DETECTOR-main\dataset\train\fiber\fiber_0084.png
fiber_0085.png,fiber,0,train,C:\Users\hs085\Downloads\MICROPLASTIC_DETECTOR-main\MICROPLASTIC_DETECTOR-main\dataset\train\fiber\fiber_0085.png
fiber_0086.png,fiber,0,train,C:\Users\hs085\Downloads\MICROPLASTIC_DETECTOR-main\MICROPLASTIC_DETECTOR-main\dataset\train\fiber\fiber_0086.png
fiber_0087.png,fiber,0,train,C:\Users\hs085\Downloads\MICROPLASTIC_DETECTOR-main\MICROPLASTIC_DETECTOR-main\dataset\train\fiber\fiber_0087.png
fiber_0088.png,fiber,0,train,C:\Users\hs085\Downloads\MICROPLASTIC_DETECTOR-main\MICROPLASTIC_DETECTOR-main\dataset\train\fiber\fiber_0088.png
fiber_0089.png,fiber,0,train,C:\Users\hs085\Downloads\MICROPLASTIC_DETECTOR-main\MICROPLASTIC_DETECTOR-main\dataset\train\fiber\fiber_0089.png
fiber_0090.png,fiber,0,train,C:\Users\hs085\Downloads\MICROPLASTIC_DETECTOR-main\MICROPLASTIC_DETECTOR-main\dataset\train\fiber\fiber_0090.png
fiber_0091.png,fiber,0,train,C:\Users\hs085\Downloads\MICROPLASTIC_DETECTOR-main\MICROPLASTIC_DETECTOR-main\dataset\train\fiber\fiber_0091.png
fiber_0092.png,fiber,0,train,C:\Users\hs085\Downloads\MICROPLASTIC_DETECTOR-main\MICROPLASTIC_DETECTOR-main\dataset\train\fiber\fiber_0092.png
fiber_0093.png,fiber,0,train,C:\Users\hs085\Downloads\MICROPLASTIC_DETECTOR-main\MICROPLASTIC_DETECTOR-main\dataset\train\fiber\fiber_0093.png
fiber_0094.png,fiber,0,train,C:\Users\hs085\Downloads\MICROPLASTIC_DETECTOR-main\MICROPLASTIC_DETECTOR-main\dataset\train\fiber\fiber_0094.png
fiber_0095.png,fiber,0,train,C:\Users\hs085\Downloads\MICROPLASTIC_DETECTOR-main\MICROPLASTIC_DETECTOR-main\dataset\train\fiber\fiber_0095.png
fiber_0096.png,fiber,0,train,C:\Users\hs085\Downloads\MICROPLASTIC_DETECTOR-main\MICROPLASTIC_DETECTOR-main\dataset\train\fiber\fiber_0096.png
fiber_0097.png,fiber,0,train,C:\Users\hs085\Downloads\MICROPLASTIC_DETECTOR-main\MICROPLASTIC_DETECTOR-main\dataset\train\fiber\fiber_0097.png
fiber_0098.png,fiber,0,train,C:\Users\hs085\Downloads\MICROPLASTIC_DETECTOR-main\MICROPLASTIC_DETECTOR-main\dataset\train\fiber\fiber_0098.png
fiber_0099.png,fiber,0,train,C:\Users\hs085\Downloads\MICROPLASTIC_DETECTOR-main\MICROPLASTIC_DETECTOR-main\dataset\train\fiber\fiber_0099.png
fiber_0100.png,fiber,0,train,C:\Users\hs085\Downloads\MICROPLASTIC_DETECTOR-main\MICROPLASTIC_DETECTOR-main\dataset\train\fiber\fiber_0100.png
fiber_0101.png,fiber,0,train,C:\Users\hs085\Downloads\MICROPLASTIC_DETECTOR-main\MICROPLASTIC_DETECTOR-main\dataset\train\fiber\fiber_0101.png
fiber_0102.png,fiber,0,train,C:\Users\hs085\Downloads\MICROPLASTIC_DETECTOR-main\MICROPLASTIC_DETECTOR-main\dataset\train\fiber\fiber_0102.png
fiber_0103.png,fiber,0,train,C:\Users\hs085\Downloads\MICROPLASTIC_DETECTOR-main\MICROPLASTIC_DETECTOR-main\dataset\train\fiber\fiber_0103.png
fiber_0104.png,fiber,0,train,C:\Users\hs085\Downloads\MICROPLASTIC_DETECTOR-main\MICROPLASTIC_DETECTOR-main\dataset\train\fiber\fiber_0104.png
fiber_0105.png,fiber,0,train,C:\Users\hs085\Downloads\MICROPLASTIC_DETECTOR-main\MICROPLASTIC_DETECTOR-main\dataset\train\fiber\fiber_0105.png
fiber_0106.png,fiber,0,train,C:\Users\hs085\Downloads\MICROPLASTIC_DETECTOR-main\MICROPLASTIC_DETECTOR-main\dataset\train\fiber\fiber_0106.png
fiber_0107.png,fiber,0,train,C:\Users\hs085\Downloads\MICROPLASTIC_DETECTOR-main\MICROPLASTIC_DETECTOR-main\dataset\train\fiber\fiber_0107.png
fiber_0108.png,fiber,0,train,C:\Users\hs085\Downloads\MICROPLASTIC_DETECTOR-main\MICROPLASTIC_DETECTOR-main\dataset\train\fiber\fiber_0108.png
fiber_0109.png,fiber,0,train,C:\Users\hs085\Downloads\MICROPLASTIC_DETECTOR-main\MICROPLASTIC_DETECTOR-main\dataset\train\fiber\fiber_0109.png
fiber_0110.png,fiber,0,train,C:\Users\hs085\Downloads\MICROPLASTIC_DETECTOR-main\MICROPLASTIC_DETECTOR-main\dataset\train\fiber\fiber_0110.png
fiber_0111.png,fiber,0,train,C:\Users\hs085\Downloads\MICROPLASTIC_DETECTOR-main\MICROPLASTIC_DETECTOR-main\dataset\train\fiber\fiber_0111.png
fiber_0112.png,fiber,0,train,C:\Users\hs085\Downloads\MICROPLASTIC_DETECTOR-main\MICROPLASTIC_DETECTOR-main\dataset\train\fiber\fiber_0112.png
fiber_0113.png,fiber,0,train,C:\Users\hs085\Downloads\MICROPLASTIC_DETECTOR-main\MICROPLASTIC_DETECTOR-main\dataset\train\fiber\fiber_0113.png
fiber_0114.png,fiber,0,train,C:\Users\hs085\Downloads\MICROPLASTIC_DETECTOR-main\MICROPLASTIC_DETECTOR-main\dataset\train\fiber\fiber_0114.png
fiber_0115.png,fiber,0,train,C:\Users\hs085\Downloads\MICROPLASTIC_DETECTOR-main\MICROPLASTIC_DETECTOR-main\dataset\train\fiber\fiber_0115.png
fiber_0116.png,fiber,0,train,C:\Users\hs085\Downloads\MICROPLASTIC_DETECTOR-main\MICROPLASTIC_DETECTOR-main\dataset\train\fiber\fiber_0116.png
fiber_0117.png,fiber,0,train,C:\Users\hs085\Downloads\MICROPLASTIC_DETECTOR-main\MICROPLASTIC_DETECTOR-main\dataset\train\fiber\fiber_0117.png
fiber_0118.png,fiber,0,train,C:\Users\hs085\Downloads\MICROPLASTIC_DETECTOR-main\MICROPLASTIC_DETECTOR-main\dataset\train\fiber\fiber_0118.png
fiber_0119.png,fiber,0,train,C:\Users\hs085\Downloads\MICROPLASTIC_DETECTOR-main\MICROPLASTIC_DETECTOR-main\dataset\train\fiber\fiber_0119.png
fiber_0120.png,fiber,0,train,C:\Users\hs085\Downloads\MICROPLASTIC_DETECTOR-main\MICROPLASTIC_DETECTOR-main\dataset\train\fiber\fiber_0120.png
fiber_0121.png,fiber,0,train,C:\Users\hs085\Downloads\MICROPLASTIC_DETECTOR-main\MICROPLASTIC_DETECTOR-main\dataset\train\fiber\fiber_0121.png
fiber_0122.png,fiber,0,train,C:\Users\hs085\Downloads\MICROPLASTIC_DETECTOR-main\MICROPLASTIC_DETECTOR-main\dataset\train\fiber\fiber_0122.png
fiber_0123.png,fiber,0,train,C:\Users\hs085\Downloads\MICROPLASTIC_DETECTOR-main\MICROPLASTIC_DETECTOR-main\dataset\train\fiber\fiber_0123.png
fiber_0124.png,fiber,0,train,C:\Users\hs085\Downloads\MICROPLASTIC_DETECTOR-main\MICROPLASTIC_DETECTOR-main\dataset\train\fiber\fiber_0124.png
fiber_0125.png,fiber,0,train,C:\Users\hs085\Downloads\MICROPLASTIC_DETECTOR-main\MICROPLASTIC_DETECTOR-main\dataset\train\fiber\fiber_0125.png
fiber_0126.png,fiber,0,train,C:\Users\hs085\Downloads\MICROPLASTIC_DETECTOR-main\MICROPLASTIC_DETECTOR-main\dataset\train\fiber\fiber_0126.png
fiber_0127.png,fiber,0,train,C:\Users\hs085\Downloads\MICROPLASTIC_DETECTOR-main\MICROPLASTIC_DETECTOR-main\dataset\train\fiber\fiber_0127.png
fiber_0128.png,fiber,0,train,C:\Users\hs085\Downloads\MICROPLASTIC_DETECTOR-main\MICROPLASTIC_DETECTOR-main\dataset\train\fiber\fiber_0128.png
fiber_0129.png,fiber,0,train,C:\Users\hs085\Downloads\MICROPLASTIC_DETECTOR-main\MICROPLASTIC_DETECTOR-main\dataset\train\fiber\fiber_0129.png
fiber_0130.png,fiber,0,train,C:\Users\hs085\Downloads\MICROPLASTIC_DETECTOR-main\MICROPLASTIC_DETECTOR-main\dataset\train\fiber\fiber_0130.png
fiber_0131.png,fiber,0,train,C:\Users\hs085\Downloads\MICROPLASTIC_DETECTOR-main\MICROPLASTIC_DETECTOR-main\dataset\train\fiber\fiber_0131.png
fiber_0132.png,fiber,0,train,C:\Users\hs085\Downloads\MICROPLASTIC_DETECTOR-main\MICROPLASTIC_DETECTOR-main\dataset\train\fiber\fiber_0132.png
fiber_0133.png,fiber,0,train,C:\Users\hs085\Downloads\MICROPLASTIC_DETECTOR-main\MICROPLASTIC_DETECTOR-main\dataset\train\fiber\fiber_0133.png
fiber_0134.png,fiber,0,train,C:\Users\hs085\Downloads\MICROPLASTIC_DETECTOR-main\MICROPLASTIC_DETECTOR-main\dataset\train\fiber\fiber_0134.png
fiber_0135.png,fiber,0,train,C:\Users\hs085\Downloads\MICROPLASTIC_DETECTOR-main\MICROPLASTIC_DETECTOR-main\dataset\train\fiber\fiber_0135.png
fiber_0136.png,fiber,0,train,C:\Users\hs085\Downloads\MICROPLASTIC_DETECTOR-main\MICROPLASTIC_DETECTOR-main\dataset\train\fiber\fiber_0136.png
fiber_0137.png,fiber,0,train,C:\Users\hs085\Downloads\MICROPLASTIC_DETECTOR-main\MICROPLASTIC_DETECTOR-main\dataset\train\fiber\fiber_0137.png
fiber_0138.png,fiber,0,train,C:\Users\hs085\Downloads\MICROPLASTIC_DETECTOR-main\MICROPLASTIC_DETECTOR-main\dataset\train\fiber\fiber_0138.png
fiber_0139.png,fiber,0,train,C:\Users\hs085\Downloads\MICROPLASTIC_DETECTOR-main\MICROPLASTIC_DETECTOR-main\dataset\train\fiber\fiber_0139.png
fiber_0140.png,fiber,0,train,C:\Users\hs085\Downloads\MICROPLASTIC_DETECTOR-main\MICROPLASTIC_DETECTOR-main\dataset\train\fiber\fiber_0140.png
fiber_0141.png,fiber,0,train,C:\Users\hs085\Downloads\MICROPLASTIC_DETECTOR-main\MICROPLASTIC_DETECTOR-main\dataset\train\fiber\fiber_0141.png
fiber_0142.png,fiber,0,train,C:\Users\hs085\Downloads\MICROPLASTIC_DETECTOR-main\MICROPLASTIC_DETECTOR-main\dataset\train\fiber\fiber_0142.png
fiber_0143.png,fiber,0,train,C:\Users\hs085\Downloads\MICROPLASTIC_DETECTOR-main\MICROPLASTIC_DETECTOR-main\dataset\train\fiber\fiber_0143.png
fiber_0144.png,fiber,0,train,C:\Users\hs085\Downloads\MICROPLASTIC_DETECTOR-main\MICROPLASTIC_DETECTOR-main\dataset\train\fiber\fiber_0144.png
fiber_0145.png,fiber,0,train,C:\Users\hs085\Downloads\MICROPLASTIC_DETECTOR-main\MICROPLASTIC_DETECTOR-main\dataset\train\fiber\fiber_0145.png
fiber_0146.png,fiber,0,train,C:\Users\hs085\Downloads\MICROPLASTIC_DETECTOR-main\MICROPLASTIC_DETECTOR-main\dataset\train\fiber\fiber_0146.png
fiber_0147.png,fiber,0,train,C:\Users\hs085\Downloads\MICROPLASTIC_DETECTOR-main\MICROPLASTIC_DETECTOR-main\dataset\train\fiber\fiber_0147.png
fiber_0148.png,fiber,0,train,C:\Users\hs085\Downloads\MICROPLASTIC_DETECTOR-main\MICROPLASTIC_DETECTOR-main\dataset\train\fiber\fiber_0148.png
fiber_0149.png,fiber,0,train,C:\Users\hs085\Downloads\MICROPLASTIC_DETECTOR-main\MICROPLASTIC_DETECTOR-main\dataset\train\fiber\fiber_0149.png
fiber_0150.png,fiber,0,train,C:\Users\hs085\Downloads\MICROPLASTIC_DETECTOR-main\MICROPLASTIC_DETECTOR-main\dataset\train\fiber\fiber_0150.png
fiber_0151.png,fiber,0,train,C:\Users\hs085\Downloads\MICROPLASTIC_DETECTOR-main\MICROPLASTIC_DETECTOR-main\dataset\train\fiber\fiber_0151.png
fiber_0152.png,fiber,0,train,C:\Users\hs085\Downloads\MICROPLASTIC_DETECTOR-main\MICROPLASTIC_DETECTOR-main\dataset\train\fiber\fiber_0152.png
fiber_0153.png,fiber,0,train,C:\Users\hs085\Downloads\MICROPLASTIC_DETECTOR-main\MICROPLASTIC_DETECTOR-main\dataset\train\fiber\fiber_0153.png
fiber_0154.png,fiber,0,train,C:\Users\hs085\Downloads\MICROPLASTIC_DETECTOR-main\MICROPLASTIC_DETECTOR-main\dataset\train\fiber\fiber_0154.png
fiber_0155.png,fiber,0,train,C:\Users\hs085\Downloads\MICROPLASTIC_DETECTOR-main\MICROPLASTIC_DETECTOR-main\dataset\train\fiber\fiber_0155.png
fiber_0156.png,fiber,0,train,C:\Users\hs085\Downloads\MICROPLASTIC_DETECTOR-main\MICROPLASTIC_DETECTOR-main\dataset\train\fiber\fiber_0156.png
fiber_0157.png,fiber,0,train,C:\Users\hs085\Downloads\MICROPLASTIC_DETECTOR-main\MICROPLASTIC_DETECTOR-main\dataset\train\fiber\fiber_0157.png
fiber_0158.png,fiber,0,train,C:\Users\hs085\Downloads\MICROPLASTIC_DETECTOR-main\MICROPLASTIC_DETECTOR-main\dataset\train\fiber\fiber_0158.png
fiber_0159.png,fiber,0,train,C:\Users\hs085\Downloads\MICROPLASTIC_DETECTOR-main\MICROPLASTIC_DETECTOR-main\dataset\train\fiber\fiber_0159.png
fiber_0160.png,fiber,0,train,C:\Users\hs085\Downloads\MICROPLASTIC_DETECTOR-main\MICROPLASTIC_DETECTOR-main\dataset\train\fiber\fiber_0160.png
fiber_0161.png,fiber,0,train,C:\Users\hs085\Downloads\MICROPLASTIC_DETECTOR-main\MICROPLASTIC_DETECTOR-main\dataset\train\fiber\fiber_0161.png
fiber_0162.png,fiber,0,train,C:\Users\hs085\Downloads\MICROPLASTIC_DETECTOR-main\MICROPLASTIC_DETECTOR-main\dataset\train\fiber\fiber_0162.png
fiber_0163.png,fiber,0,train,C:\Users\hs085\Downloads\MICROPLASTIC_DETECTOR-main\MICROPLASTIC_DETECTOR-main\dataset\train\fiber\fiber_0163.png
fiber_0164.png,fiber,0,train,C:\Users\hs085\Downloads\MICROPLASTIC_DETECTOR-main\MICROPLASTIC_DETECTOR-main\dataset\train\fiber\fiber_0164.png
fiber_0165.png,fiber,0,train,C:\Users\hs085\Downloads\MICROPLASTIC_DETECTOR-main\MICROPLASTIC_DETECTOR-main\dataset\train\fiber\fiber_0165.png
fiber_0166.png,fiber,0,train,C:\Users\hs085\Downloads\MICROPLASTIC_DETECTOR-main\MICROPLASTIC_DETECTOR-main\dataset\train\fiber\fiber_0166.png
fiber_0167.png,fiber,0,train,C:\Users\hs085\Downloads\MICROPLASTIC_DETECTOR-main\MICROPLASTIC_DETECTOR-main\dataset\train\fiber\fiber_0167.png
fiber_0168.png,fiber,0,train,C:\Users\hs085\Downloads\MICROPLASTIC_DETECTOR-main\MICROPLASTIC_DETECTOR-main\dataset\train\fiber\fiber_0168.png
fiber_0169.png,fiber,0,train,C:\Users\hs085\Downloads\MICROPLASTIC_DETECTOR-main\MICROPLASTIC_DETECTOR-main\dataset\train\fiber\fiber_0169.png
fiber_0170.png,fiber,0,train,C:\Users\hs085\Downloads\MICROPLASTIC_DETECTOR-main\MICROPLASTIC_DETECTOR-main\dataset\train\fiber\fiber_0170.png
fiber_0171.png,fiber,0,train,C:\Users\hs085\Downloads\MICROPLASTIC_DETECTOR-main\MICROPLASTIC_DETECTOR-main\dataset\train\fiber\fiber_0171.png
fiber_0172.png,fiber,0,train,C:\Users\hs085\Downloads\MICROPLASTIC_DETECTOR-main\MICROPLASTIC_DETECTOR-main\dataset\train\fiber\fiber_0172.png
fiber_0173.png,fiber,0,train,C:\Users\hs085\Downloads\MICROPLASTIC_DETECTOR-main\MICROPLASTIC_DETECTOR-main\dataset\train\fiber\fiber_0173.png
fiber_0174.png,fiber,0,train,C:\Users\hs085\Downloads\MICROPLASTIC_DETECTOR-main\MICROPLASTIC_DETECTOR-main\dataset\train\fiber\fiber_0174.png
fiber_0175.png,fiber,0,train,C:\Users\hs085\Downloads\MICROPLASTIC_DETECTOR-main\MICROPLASTIC_DETECTOR-main\dataset\train\fiber\fiber_0175.png
fiber_0176.png,fiber,0,train,C:\Users\hs085\Downloads\MICROPLASTIC_DETECTOR-main\MICROPLASTIC_DETECTOR-main\dataset\train\fiber\fiber_0176.png
fiber_0177.png,fiber,0,train,C:\Users\hs085\Downloads\MICROPLASTIC_DETECTOR-main\MICROPLASTIC_DETECTOR-main\dataset\train\fiber\fiber_0177.png
fiber_0178.png,fiber,0,train,C:\Users\hs085\Downloads\MICROPLASTIC_DETECTOR-main\MICROPLASTIC_DETECTOR-main\dataset\train\fiber\fiber_0178.png
fiber_0179.png,fiber,0,train,C:\Users\hs085\Downloads\MICROPLASTIC_DETECTOR-main\MICROPLASTIC_DETECTOR-main\dataset\train\fiber\fiber_0179.png
fiber_0180.png,fiber,0,train,C:\Users\hs085\Downloads\MICROPLASTIC_DETECTOR-main\MICROPLASTIC_DETECTOR-main\dataset\train\fiber\fiber_0180.png
fiber_0181.png,fiber,0,train,C:\Users\hs085\Downloads\MICROPLASTIC_DETECTOR-main\MICROPLASTIC_DETECTOR-main\dataset\train\fiber\fiber_0181.png
fiber_0182.png,fiber,0,train,C:\Users\hs085\Downloads\MICROPLASTIC_DETECTOR-main\MICROPLASTIC_DETECTOR-main\dataset\train\fiber\fiber_0182.png
fiber_0183.png,fiber,0,train,C:\Users\hs085\Downloads\MICROPLASTIC_DETECTOR-main\MICROPLASTIC_DETECTOR-main\dataset\train\fiber\fiber_0183.png
fiber_0184.png,fiber,0,train,C:\Users\hs085\Downloads\MICROPLASTIC_DETECTOR-main\MICROPLASTIC_DETECTOR-main\dataset\train\fiber\fiber_0184.png
fiber_0185.png,fiber,0,train,C:\Users\hs085\Downloads\MICROPLASTIC_DETECTOR-main\MICROPLASTIC_DETECTOR-main\dataset\train\fiber\fiber_0185.png
fiber_0186.png,fiber,0,train,C:\Users\hs085\Downloads\MICROPLASTIC_DETECTOR-main\MICROPLASTIC_DETECTOR-main\dataset\train\fiber\fiber_0186.png
fiber_0187.png,fiber,0,train,C:\Users\hs085\Downloads\MICROPLASTIC_DETECTOR-main\MICROPLASTIC_DETECTOR-main\dataset\train\fiber\fiber_0187.png
fiber_0188.png,fiber,0,train,C:\Users\hs085\Downloads\MICROPLASTIC_DETECTOR-main\MICROPLASTIC_DETECTOR-main\dataset\train\fiber\fiber_0188.png
fiber_0189.png,fiber,0,train,C:\Users\hs085\Downloads\MICROPLASTIC_DETECTOR-main\MICROPLASTIC_DETECTOR-main\dataset\train\fiber\fiber_0189.png
fiber_0190.png,fiber,0,train,C:\Users\hs085\Downloads\MICROPLASTIC_DETECTOR-main\MICROPLASTIC_DETECTOR-main\dataset\train\fiber\fiber_0190.png
fiber_0191.png,fiber,0,train,C:\Users\hs085\Downloads\MICROPLASTIC_DETECTOR-main\MICROPLASTIC_DETECTOR-main\dataset\train\fiber\fiber_0191.png
fiber_0192.png,fiber,0,train,C:\Users\hs085\Downloads\MICROPLASTIC_DETECTOR-main\MICROPLASTIC_DETECTOR-main\dataset\train\fiber\fiber_0192.png
fiber_0193.png,fiber,0,train,C:\Users\hs085\Downloads\MICROPLASTIC_DETECTOR-main\MICROPLASTIC_DETECTOR-main\dataset\train\fiber\fiber_0193.png
fiber_0194.png,fiber,0,train,C:\Users\hs085\Downloads\MICROPLASTIC_DETECTOR-main\MICROPLASTIC_DETECTOR-main\dataset\train\fiber\fiber_0194.png
fiber_0195.png,fiber,0,train,C:\Users\hs085\Downloads\MICROPLASTIC_DETECTOR-main\MICROPLASTIC_DETECTOR-main\dataset\train\fiber\fiber_0195.png
fiber_0196.png,fiber,0,train,C:\Users\hs085\Downloads\MICROPLASTIC_DETECTOR-main\MICROPLASTIC_DETECTOR-main\dataset\train\fiber\fiber_0196.png
fiber_0197.png,fiber,0,train,C:\Users\hs085\Downloads\MICROPLASTIC_DETECTOR-main\MICROPLASTIC_DETECTOR-main\dataset\train\fiber\fiber_0197.png
fiber_0198.png,fiber,0,train,C:\Users\hs085\Downloads\MICROPLASTIC_DETECTOR-main\MICROPLASTIC_DETECTOR-main\dataset\train\fiber\fiber_0198.png
fiber_0199.png,fiber,0,train,C:\Users\hs085\Downloads\MICROPLASTIC_DETECTOR-main\MICROPLASTIC_DETECTOR-main\dataset\train\fiber\fiber_0199.png
fiber_0200.png,fiber,0,train,C:\Users\hs085\Downloads\MICROPLASTIC_DETECTOR-main\MICROPLASTIC_DETECTOR-main\dataset\train\fiber\fiber_0200.png
fiber_0201.png,fiber,0,train,C:\Users\hs085\Downloads\MICROPLASTIC_DETECTOR-main\MICROPLASTIC_DETECTOR-main\dataset\train\fiber\fiber_0201.png
fiber_0202.png,fiber,0,train,C:\Users\hs085\Downloads\MICROPLASTIC_DETECTOR-main\MICROPLASTIC_DETECTOR-main\dataset\train\fiber\fiber_0202.png
fiber_0203.png,fiber,0,train,C:\Users\hs085\Downloads\MICROPLASTIC_DETECTOR-main\MICROPLASTIC_DETECTOR-main\dataset\train\fiber\fiber_0203.png
fiber_0204.png,fiber,0,train,C:\Users\hs085\Downloads\MICROPLASTIC_DETECTOR-main\MICROPLASTIC_DETECTOR-main\dataset\train\fiber\fiber_0204.png
fiber_0205.png,fiber,0,train,C:\Users\hs085\Downloads\MICROPLASTIC_DETECTOR-main\MICROPLASTIC_DETECTOR-main\dataset\train\fiber\fiber_0205.png
fiber_0206.png,fiber,0,train,C:\Users\hs085\Downloads\MICROPLASTIC_DETECTOR-main\MICROPLASTIC_DETECTOR-main\dataset\train\fiber\fiber_0206.png
fiber_0207.png,fiber,0,train,C:\Users\hs085\Downloads\MICROPLASTIC_DETECTOR-main\MICROPLASTIC_DETECTOR-main\dataset\train\fiber\fiber_0207.png
fiber_0208.png,fiber,0,train,C:\Users\hs085\Downloads\MICROPLASTIC_DETECTOR-main\MICROPLASTIC_DETECTOR-main\dataset\train\fiber\fiber_0208.png
fiber_0209.png,fiber,0,train,C:\Users\hs085\Downloads\MICROPLASTIC_DETECTOR-main\MICROPLASTIC_DETECTOR-main\dataset\train\fiber\fiber_0209.png
fiber_0210.png,fiber,0,train,C:\Users\hs085\Downloads\MICROPLASTIC_DETECTOR-main\MICROPLASTIC_DETECTOR-main\dataset\train\fiber\fiber_0210.png
fiber_0211.png,fiber,0,train,C:\Users\hs085\Downloads\MICROPLASTIC_DETECTOR-main\MICROPLASTIC_DETECTOR-main\dataset\train\fiber\fiber_0211.png
fiber_0212.png,fiber,0,train,C:\Users\hs085\Downloads\MICROPLASTIC_DETECTOR-main\MICROPLASTIC_DETECTOR-main\dataset\train\fiber\fiber_0212.png
fiber_0213.png,fiber,0,train,C:\Users\hs085\Downloads\MICROPLASTIC_DETECTOR-main\MICROPLASTIC_DETECTOR-main\dataset\train\fiber\fiber_0213.png
fiber_0214.png,fiber,0,train,C:\Users\hs085\Downloads\MICROPLASTIC_DETECTOR-main\MICROPLASTIC_DETECTOR-main\dataset\train\fiber\fiber_0214.png
fiber_0215.png,fiber,0,train,C:\Users\hs085\Downloads\MICROPLASTIC_DETECTOR-main\MICROPLASTIC_DETECTOR-main\dataset\train\fiber\fiber_0215.png
fiber_0216.png,fiber,0,train,C:\Users\hs085\Downloads\MICROPLASTIC_DETECTOR-main\MICROPLASTIC_DETECTOR-main\dataset\train\fiber\fiber_0216.png
fiber_0217.png,fiber,0,train,C:\Users\hs085\Downloads\MICROPLASTIC_DETECTOR-main\MICROPLASTIC_DETECTOR-main\dataset\train\fiber\fiber_0217.png
fiber_0218.png,fiber,0,train,C:\Users\hs085\Downloads\MICROPLASTIC_DETECTOR-main\MICROPLASTIC_DETECTOR-main\dataset\train\fiber\fiber_0218.png
fiber_0219.png,fiber,0,train,C:\Users\hs085\Downloads\MICROPLASTIC_DETECTOR-main\MICROPLASTIC_DETECTOR-main\dataset\train\fiber\fiber_0219.png
fiber_0220.png,fiber,0,train,C:\Users\hs085\Downloads\MICROPLASTIC_DETECTOR-main\MICROPLASTIC_DETECTOR-main\dataset\train\fiber\fiber_0220.png
fiber_0221.png,fiber,0,train,C:\Users\hs085\Downloads\MICROPLASTIC_DETECTOR-main\MICROPLASTIC_DETECTOR-main\dataset\train\fiber\fiber_0221.png
fiber_0222.png,fiber,0,train,C:\Users\hs085\Downloads\MICROPLASTIC_DETECTOR-main\MICROPLASTIC_DETECTOR-main\dataset\train\fiber\fiber_0222.png
fiber_0223.png,fiber,0,train,C:\Users\hs085\Downloads\MICROPLASTIC_DETECTOR-main\MICROPLASTIC_DETECTOR-main\dataset\train\fiber\fiber_0223.png
fiber_0224.png,fiber,0,train,C:\Users\hs085\Downloads\MICROPLASTIC_DETECTOR-main\MICROPLASTIC_DETECTOR-main\dataset\train\fiber\fiber_0224.png
fiber_0225.png,fiber,0,train,C:\Users\hs085\Downloads\MICROPLASTIC_DETECTOR-main\MICROPLASTIC_DETECTOR-main\dataset\train\fiber\fiber_0225.png
fiber_0226.png,fiber,0,train,C:\Users\hs085\Downloads\MICROPLASTIC_DETECTOR-main\MICROPLASTIC_DETECTOR-main\dataset\train\fiber\fiber_0226.png
fiber_0227.png,fiber,0,train,C:\Users\hs085\Downloads\MICROPLASTIC_DETECTOR-main\MICROPLASTIC_DETECTOR-main\dataset\train\fiber\fiber_0227.png
fiber_0228.png,fiber,0,train,C:\Users\hs085\Downloads\MICROPLASTIC_DETECTOR-main\MICROPLASTIC_DETECTOR-main\dataset\train\fiber\fiber_0228.png
fiber_0229.png,fiber,0,train,C:\Users\hs085\Downloads\MICROPLASTIC_DETECTOR-main\MICROPLASTIC_DETECTOR-main\dataset\train\fiber\fiber_0229.png
fiber_0230.png,fiber,0,train,C:\Users\hs085\Downloads\MICROPLASTIC_DETECTOR-main\MICROPLASTIC_DETECTOR-main\dataset\train\fiber\fiber_0230.png
fiber_0231.png,fiber,0,train,C:\Users\hs085\Downloads\MICROPLASTIC_DETECTOR-main\MICROPLASTIC_DETECTOR-main\dataset\train\fiber\fiber_0231.png
fiber_0232.png,fiber,0,train,C:\Users\hs085\Downloads\MICROPLASTIC_DETECTOR-main\MICROPLASTIC_DETECTOR-main\dataset\train\fiber\fiber_0232.png
fiber_0233.png,fiber,0,train,C:\Users\hs085\Downloads\MICROPLASTIC_DETECTOR-main\MICROPLASTIC_DETECTOR-main\dataset\train\fiber\fiber_0233.png
fiber_0234.png,fiber,0,train,C:\Users\hs085\Downloads\MICROPLASTIC_DETECTOR-main\MICROPLASTIC_DETECTOR-main\dataset\train\fiber\fiber_0234.png
fiber_0235.png,fiber,0,train,C:\Users\hs085\Downloads\MICROPLASTIC_DETECTOR-main\MICROPLASTIC_DETECTOR-main\dataset\train\fiber\fiber_0235.png
fiber_0236.png,fiber,0,train,C:\Users\hs085\Downloads\MICROPLASTIC_DETECTOR-main\MICROPLASTIC_DETECTOR-main\dataset\train\fiber\fiber_0236.png
fiber_0237.png,fiber,0,train,C:\Users\hs085\Downloads\MICROPLASTIC_DETECTOR-main\MICROPLASTIC_DETECTOR-main\dataset\train\fiber\fiber_0237.png
fiber_0238.png,fiber,0,train,C:\Users\hs085\Downloads\MICROPLASTIC_DETECTOR-main\MICROPLASTIC_DETECTOR-main\dataset\train\fiber\fiber_0238.png
fiber_0239.png,fiber,0,train,C:\Users\hs085\Downloads\MICROPLASTIC_DETECTOR-main\MICROPLASTIC_DETECTOR-main\dataset\train\fiber\fiber_0239.png
fiber_0240.png,fiber,0,train,C:\Users\hs085\Downloads\MICROPLASTIC_DETECTOR-main\MICROPLASTIC_DETECTOR-main\dataset\train\fiber\fiber_0240.png
fiber_0241.png,fiber,0,train,C:\Users\hs085\Downloads\MICROPLASTIC_DETECTOR-main\MICROPLASTIC_DETECTOR-main\dataset\train\fiber\fiber_0241.png
fiber_0242.png,fiber,0,train,C:\Users\hs085\Downloads\MICROPLASTIC_DETECTOR-main\MICROPLASTIC_DETECTOR-main\dataset\train\fiber\fiber_0242.png
fiber_0243.png,fiber,0,train,C:\Users\hs085\Downloads\MICROPLASTIC_DETECTOR-main\MICROPLASTIC_DETECTOR-main\dataset\train\fiber\fiber_0243.png
fiber_0244.png,fiber,0,train,C:\Users\hs085\Downloads\MICROPLASTIC_DETECTOR-main\MICROPLASTIC_DETECTOR-main\dataset\train\fiber\fiber_0244.png
fiber_0245.png,fiber,0,train,C:\Users\hs085\Downloads\MICROPLASTIC_DETECTOR-main\MICROPLASTIC_DETECTOR-main\dataset\train\fiber\fiber_0245.png
fiber_0246.png,fiber,0,train,C:\Users\hs085\Downloads\MICROPLASTIC_DETECTOR-main\MICROPLASTIC_DETECTOR-main\dataset\train\fiber\fiber_0246.png
fiber_0247.png,fiber,0,train,C:\Users\hs085\Downloads\MICROPLASTIC_DETECTOR-main\MICROPLASTIC_DETECTOR-main\dataset\train\fiber\fiber_0247.png
fiber_0248.png,fiber,0,train,C:\Users\hs085\Downloads\MICROPLASTIC_DETECTOR-main\MICROPLASTIC_DETECTOR-main\dataset\train\fiber\fiber_0248.png
fiber_0249.png,fiber,0,train,C:\Users\hs085\Downloads\MICROPLASTIC_DETECTOR-main\MICROPLASTIC_DETECTOR-main\dataset\train\fiber\fiber_0249.png
fiber_0250.png,fiber,0,train,C:\Users\hs085\Downloads\MICROPLASTIC_DETECTOR-main\MICROPLASTIC_DETECTOR-main\dataset\train\fiber\fiber_0250.png
fiber_0251.png,fiber,0,train,C:\Users\hs085\Downloads\MICROPLASTIC_DETECTOR-main\MICROPLASTIC_DETECTOR-main\dataset\train\fiber\fiber_0251.png
fiber_0252.png,fiber,0,train,C:\Users\hs085\Downloads\MICROPLASTIC_DETECTOR-main\MICROPLASTIC_DETECTOR-main\dataset\train\fiber\fiber_0252.png
fiber_0253.png,fiber,0,train,C:\Users\hs085\Downloads\MICROPLASTIC_DETECTOR-main\MICROPLASTIC_DETECTOR-main\dataset\train\fiber\fiber_0253.png
fiber_0254.png,fiber,0,train,C:\Users\hs085\Downloads\MICROPLASTIC_DETECTOR-main\MICROPLASTIC_DETECTOR-main\dataset\train\fiber\fiber_0254.png
fiber_0255.png,fiber,0,train,C:\Users\hs085\Downloads\MICROPLASTIC_DETECTOR-main\MICROPLASTIC_DETECTOR-main\dataset\train\fiber\fiber_0255.png
fiber_0256.png,fiber,0,train,C:\Users\hs085\Downloads\MICROPLASTIC_DETECTOR-main\MICROPLASTIC_DETECTOR-main\dataset\train\fiber\fiber_0256.png
fiber_0257.png,fiber,0,train,C:\Users\hs085\Downloads\MICROPLASTIC_DETECTOR-main\MICROPLASTIC_DETECTOR-main\dataset\train\fiber\fiber_0257.png
fiber_0258.png,fiber,0,train,C:\Users\hs085\Downloads\MICROPLASTIC_DETECTOR-main\MICROPLASTIC_DETECTOR-main\dataset\train\fiber\fiber_0258.png
fiber_0259.png,fiber,0,train,C:\Users\hs085\Downloads\MICROPLASTIC_DETECTOR-main\MICROPLASTIC_DETECTOR-main\dataset\train\fiber\fiber_0259.png
fiber_0260.png,fiber,0,train,C:\Users\hs085\Downloads\MICROPLASTIC_DETECTOR-main\MICROPLASTIC_DETECTOR-main\dataset\train\fiber\fiber_0260.png
fiber_0261.png,fiber,0,train,C:\Users\hs085\Downloads\MICROPLASTIC_DETECTOR-main\MICROPLASTIC_DETECTOR-main\dataset\train\fiber\fiber_0261.png
fiber_0262.png,fiber,0,train,C:\Users\hs085\Downloads\MICROPLASTIC_DETECTOR-main\MICROPLASTIC_DETECTOR-main\dataset\train\fiber\fiber_0262.png
fiber_0263.png,fiber,0,train,C:\Users\hs085\Downloads\MICROPLASTIC_DETECTOR-main\MICROPLASTIC_DETECTOR-main\dataset\train\fiber\fiber_0263.png
fiber_0264.png,fiber,0,train,C:\Users\hs085\Downloads\MICROPLASTIC_DETECTOR-main\MICROPLASTIC_DETECTOR-main\dataset\train\fiber\fiber_0264.png
fiber_0265.png,fiber,0,train,C:\Users\hs085\Downloads\MICROPLASTIC_DETECTOR-main\MICROPLASTIC_DETECTOR-main\dataset\train\fiber\fiber_0265.png
fiber_0266.png,fiber,0,train,C:\Users\hs085\Downloads\MICROPLASTIC_DETECTOR-main\MICROPLASTIC_DETECTOR-main\dataset\train\fiber\fiber_0266.png
fiber_0267.png,fiber,0,train,C:\Users\hs085\Downloads\MICROPLASTIC_DETECTOR-main\MICROPLASTIC_DETECTOR-main\dataset\train\fiber\fiber_0267.png
fiber_0268.png,fiber,0,train,C:\Users\hs085\Downloads\MICROPLASTIC_DETECTOR-main\MICROPLASTIC_DETECTOR-main\dataset\train\fiber\fiber_0268.png
fiber_0269.png,fiber,0,train,C:\Users\hs085\Downloads\MICROPLASTIC_DETECTOR-main\MICROPLASTIC_DETECTOR-main\dataset\train\fiber\fiber_0269.png
fiber_0270.png,fiber,0,train,C:\Users\hs085\Downloads\MICROPLASTIC_DETECTOR-main\MICROPLASTIC_DETECTOR-main\dataset\train\fiber\fiber_0270.png
fiber_0271.png,fiber,0,train,C:\Users\hs085\Downloads\MICROPLASTIC_DETECTOR-main\MICROPLASTIC_DETECTOR-main\dataset\train\fiber\fiber_0271.png
fiber_0272.png,fiber,0,train,C:\Users\hs085\Downloads\MICROPLASTIC_DETECTOR-main\MICROPLASTIC_DETECTOR-main\dataset\train\fiber\fiber_0272.png
fiber_0273.png,fiber,0,train,C:\Users\hs085\Downloads\MICROPLASTIC_DETECTOR-main\MICROPLASTIC_DETECTOR-main\dataset\train\fiber\fiber_0273.png
fiber_0274.png,fiber,0,train,C:\Users\hs085\Downloads\MICROPLASTIC_DETECTOR-main\MICROPLASTIC_DETECTOR-main\dataset\train\fiber\fiber_0274.png
fiber_0275.png,fiber,0,train,C:\Users\hs085\Downloads\MICROPLASTIC_DETECTOR-main\MICROPLASTIC_DETECTOR-main\dataset\train\fiber\fiber_0275.png
fiber_0276.png,fiber,0,train,C:\Users\hs085\Downloads\MICROPLASTIC_DETECTOR-main\MICROPLASTIC_DETECTOR-main\dataset\train\fiber\fiber_0276.png
fiber_0277.png,fiber,0,train,C:\Users\hs085\Downloads\MICROPLASTIC_DETECTOR-main\MICROPLASTIC_DETECTOR-main\dataset\train\fiber\fiber_0277.png
fiber_0278.png,fiber,0,train,C:\Users\hs085\Downloads\MICROPLASTIC_DETECTOR-main\MICROPLASTIC_DETECTOR-main\dataset\train\fiber\fiber_0278.png
fiber_0279.png,fiber,0,train,C:\Users\hs085\Downloads\MICROPLASTIC_DETECTOR-main\MICROPLASTIC_DETECTOR-main\dataset\train\fiber\fiber_0279.png
fiber_0280.png,fiber,0,train,C:\Users\hs085\Downloads\MICROPLASTIC_DETECTOR-main\MICROPLASTIC_DETECTOR-main\dataset\train\fiber\fiber_0280.png
fiber_0281.png,fiber,0,train,C:\Users\hs085\Downloads\MICROPLASTIC_DETECTOR-main\MICROPLASTIC_DETECTOR-main\dataset\train\fiber\fiber_0281.png
fiber_0282.png,fiber,0,train,C:\Users\hs085\Downloads\MICROPLASTIC_DETECTOR-main\MICROPLASTIC_DETECTOR-main\dataset\train\fiber\fiber_0282.png
fiber_0283.png,fiber,0,train,C:\Users\hs085\Downloads\MICROPLASTIC_DETECTOR-main\MICROPLASTIC_DETECTOR-main\dataset\train\fiber\fiber_0283.png
fiber_0284.png,fiber,0,train,C:\Users\hs085\Downloads\MICROPLASTIC_DETECTOR-main\MICROPLASTIC_DETECTOR-main\dataset\train\fiber\fiber_0284.png
fiber_0285.png,fiber,0,train,C:\Users\hs085\Downloads\MICROPLASTIC_DETECTOR-main\MICROPLASTIC_DETECTOR-main\dataset\train\fiber\fiber_0285.png
fiber_0286.png,fiber,0,train,C:\Users\hs085\Downloads\MICROPLASTIC_DETECTOR-main\MICROPLASTIC_DETECTOR-main\dataset\train\fiber\fiber_0286.png
fiber_0287.png,fiber,0,train,C:\Users\hs085\Downloads\MICROPLASTIC_DETECTOR-main\MICROPLASTIC_DETECTOR-main\dataset\train\fiber\fiber_0287.png
fiber_0288.png,fiber,0,train,C:\Users\hs085\Downloads\MICROPLASTIC_DETECTOR-main\MICROPLASTIC_DETECTOR-main\dataset\train\fiber\fiber_0288.png
fiber_0289.png,fiber,0,train,C:\Users\hs085\Downloads\MICROPLASTIC_DETECTOR-main\MICROPLASTIC_DETECTOR-main\dataset\train\fiber\fiber_0289.png
fiber_0290.png,fiber,0,train,C:\Users\hs085\Downloads\MICROPLASTIC_DETECTOR-main\MICROPLASTIC_DETECTOR-main\dataset\train\fiber\fiber_0290.png
fiber_0291.png,fiber,0,train,C:\Users\hs085\Downloads\MICROPLASTIC_DETECTOR-main\MICROPLASTIC_DETECTOR-main\dataset\train\fiber\fiber_0291.png
fiber_0292.png,fiber,0,train,C:\Users\hs085\Downloads\MICROPLASTIC_DETECTOR-main\MICROPLASTIC_DETECTOR-main\dataset\train\fiber\fiber_0292.png
fiber_0293.png,fiber,0,train,C:\Users\hs085\Downloads\MICROPLASTIC_DETECTOR-main\MICROPLASTIC_DETECTOR-main\dataset\train\fiber\fiber_0293.png
fiber_0294.png,fiber,0,train,C:\Users\hs085\Downloads\MICROPLASTIC_DETECTOR-main\MICROPLASTIC_DETECTOR-main\dataset\train\fiber\fiber_0294.png
fiber_0295.png,fiber,0,train,C:\Users\hs085\Downloads\MICROPLASTIC_DETECTOR-main\MICROPLASTIC_DETECTOR-main\dataset\train\fiber\fiber_0295.png
fiber_0296.png,fiber,0,train,C:\Users\hs085\Downloads\MICROPLASTIC_DETECTOR-main\MICROPLASTIC_DETECTOR-main\dataset\train\fiber\fiber_0296.png
fiber_0297.png,fiber,0,train,C:\Users\hs085\Downloads\MICROPLASTIC_DETECTOR-main\MICROPLASTIC_DETECTOR-main\dataset\train\fiber\fiber_0297.png
fiber_0298.png,fiber,0,train,C:\Users\hs085\Downloads\MICROPLASTIC_DETECTOR-main\MICROPLASTIC_DETECTOR-main\dataset\train\fiber\fiber_0298.png
fiber_0299.png,fiber,0,train,C:\Users\hs085\Downloads\MICROPLASTIC_DETECTOR-main\MICROPLASTIC_DETECTOR-main\dataset\train\fiber\fiber_0299.png
fiber_0300.png,fiber,0,train,C:\Users\hs085\Downloads\MICROPLASTIC_DETECTOR-main\MICROPLASTIC_DETECTOR-main\dataset\train\fiber\fiber_0300.png
fiber_0301.png,fiber,0,train,C:\Users\hs085\Downloads\MICROPLASTIC_DETECTOR-main\MICROPLASTIC_DETECTOR-main\dataset\train\fiber\fiber_0301.png
fiber_0302.png,fiber,0,train,C:\Users\hs085\Downloads\MICROPLASTIC_DETECTOR-main\MICROPLASTIC_DETECTOR-main\dataset\train\fiber\fiber_0302.png
fiber_0303.png,fiber,0,train,C:\Users\hs085\Downloads\MICROPLASTIC_DETECTOR-main\MICROPLASTIC_DETECTOR-main\dataset\train\fiber\fiber_0303.png
fiber_0304.png,fiber,0,train,C:\Users\hs085\Downloads\MICROPLASTIC_DETECTOR-main\MICROPLASTIC_DETECTOR-main\dataset\train\fiber\fiber_0304.png
fiber_0305.png,fiber,0,train,C:\Users\hs085\Downloads\MICROPLASTIC_DETECTOR-main\MICROPLASTIC_DETECTOR-main\dataset\train\fiber\fiber_0305.png
fiber_0306.png,fiber,0,train,C:\Users\hs085\Downloads\MICROPLASTIC_DETECTOR-main\MICROPLASTIC_DETECTOR-main\dataset\train\fiber\fiber_0306.png
fiber_0307.png,fiber,0,train,C:\Users\hs085\Downloads\MICROPLASTIC_DETECTOR-main\MICROPLASTIC_DETECTOR-main\dataset\train\fiber\fiber_0307.png
fiber_0308.png,fiber,0,train,C:\Users\hs085\Downloads\MICROPLASTIC_DETECTOR-main\MICROPLASTIC_DETECTOR-main\dataset\train\fiber\fiber_0308.png
fiber_0309.png,fiber,0,train,C:\Users\hs085\Downloads\MICROPLASTIC_DETECTOR-main\MICROPLASTIC_DETECTOR-main\dataset\train\fiber\fiber_0309.png
fiber_0310.png,fiber,0,train,C:\Users\hs085\Downloads\MICROPLASTIC_DETECTOR-main\MICROPLASTIC_DETECTOR-main\dataset\train\fiber\fiber_0310.png
fiber_0311.png,fiber,0,train,C:\Users\hs085\Downloads\MICROPLASTIC_DETECTOR-main\MICROPLASTIC_DETECTOR-main\dataset\train\fiber\fiber_0311.png
fiber_0312.png,fiber,0,train,C:\Users\hs085\Downloads\MICROPLASTIC_DETECTOR-main\MICROPLASTIC_DETECTOR-main\dataset\train\fiber\fiber_0312.png
fiber_0313.png,fiber,0,train,C:\Users\hs085\Downloads\MICROPLASTIC_DETECTOR-main\MICROPLASTIC_DETECTOR-main\dataset\train\fiber\fiber_0313.png
fiber_0314.png,fiber,0,train,C:\Users\hs085\Downloads\MICROPLASTIC_DETECTOR-main\MICROPLASTIC_DETECTOR-main\dataset\train\fiber\fiber_0314.png
fiber_0315.png,fiber,0,train,C:\Users\hs085\Downloads\MICROPLASTIC_DETECTOR-main\MICROPLASTIC_DETECTOR-main\dataset\train\fiber\fiber_0315.png
fiber_0316.png,fiber,0,train,C:\Users\hs085\Downloads\MICROPLASTIC_DETECTOR-main\MICROPLASTIC_DETECTOR-main\dataset\train\fiber\fiber_0316.png
fiber_0317.png,fiber,0,train,C:\Users\hs085\Downloads\MICROPLASTIC_DETECTOR-main\MICROPLASTIC_DETECTOR-main\dataset\train\fiber\fiber_0317.png
fiber_0318.png,fiber,0,train,C:\Users\hs085\Downloads\MICROPLASTIC_DETECTOR-main\MICROPLASTIC_DETECTOR-main\dataset\train\fiber\fiber_0318.png
fiber_0319.png,fiber,0,train,C:\Users\hs085\Downloads\MICROPLASTIC_DETECTOR-main\MICROPLASTIC_DETECTOR-main\dataset\train\fiber\fiber_0319.png
fiber_0320.png,fiber,0,train,C:\Users\hs085\Downloads\MICROPLASTIC_DETECTOR-main\MICROPLASTIC_DETECTOR-main\dataset\train\fiber\fiber_0320.png
fiber_0321.png,fiber,0,train,C:\Users\hs085\Downloads\MICROPLASTIC_DETECTOR-main\MICROPLASTIC_DETECTOR-main\dataset\train\fiber\fiber_0321.png
fiber_0322.png,fiber,0,train,C:\Users\hs085\Downloads\MICROPLASTIC_DETECTOR-main\MICROPLASTIC_DETECTOR-main\dataset\train\fiber\fiber_0322.png
fiber_0323.png,fiber,0,train,C:\Users\hs085\Downloads\MICROPLASTIC_DETECTOR-main\MICROPLASTIC_DETECTOR-main\dataset\train\fiber\fiber_0323.png
fiber_0324.png,fiber,0,train,C:\Users\hs085\Downloads\MICROPLASTIC_DETECTOR-main\MICROPLASTIC_DETECTOR-main\dataset\train\fiber\fiber_0324.png
fiber_0325.png,fiber,0,train,C:\Users\hs085\Downloads\MICROPLASTIC_DETECTOR-main\MICROPLASTIC_DETECTOR-main\dataset\train\fiber\fiber_0325.png
fiber_0326.png,fiber,0,train,C:\Users\hs085\Downloads\MICROPLASTIC_DETECTOR-main\MICROPLASTIC_DETECTOR-main\dataset\train\fiber\fiber_0326.png
fiber_0327.png,fiber,0,train,C:\Users\hs085\Downloads\MICROPLASTIC_DETECTOR-main\MICROPLASTIC_DETECTOR-main\dataset\train\fiber\fiber_0327.png
fiber_0328.png,fiber,0,train,C:\Users\hs085\Downloads\MICROPLASTIC_DETECTOR-main\MICROPLASTIC_DETECTOR-main\dataset\train\fiber\fiber_0328.png
fiber_0329.png,fiber,0,train,C:\Users\hs085\Downloads\MICROPLASTIC_DETECTOR-main\MICROPLASTIC_DETECTOR-main\dataset\train\fiber\fiber_0329.png
fiber_0330.png,fiber,0,train,C:\Users\hs085\Downloads\MICROPLASTIC_DETECTOR-main\MICROPLASTIC_DETECTOR-main\dataset\train\fiber\fiber_0330.png
fiber_0331.png,fiber,0,train,C:\Users\hs085\Downloads\MICROPLASTIC_DETECTOR-main\MICROPLASTIC_DETECTOR-main\dataset\train\fiber\fiber_0331.png
fiber_0332.png,fiber,0,train,C:\Users\hs085\Downloads\MICROPLASTIC_DETECTOR-main\MICROPLASTIC_DETECTOR-main\dataset\train\fiber\fiber_0332.png
fiber_0333.png,fiber,0,train,C:\Users\hs085\Downloads\MICROPLASTIC_DETECTOR-main\MICROPLASTIC_DETECTOR-main\dataset\train\fiber\fiber_0333.png
fiber_0334.png,fiber,0,train,C:\Users\hs085\Downloads\MICROPLASTIC_DETECTOR-main\MICROPLASTIC_DETECTOR-main\dataset\train\fiber\fiber_0334.png
fiber_0335.png,fiber,0,train,C:\Users\hs085\Downloads\MICROPLASTIC_DETECTOR-main\MICROPLASTIC_DETECTOR-main\dataset\train\fiber\fiber_0335.png
fiber_0336.png,fiber,0,train,C:\Users\hs085\Downloads\MICROPLASTIC_DETECTOR-main\MICROPLASTIC_DETECTOR-main\dataset\train\fiber\fiber_0336.png
fiber_0337.png,fiber,0,train,C:\Users\hs085\Downloads\MICROPLASTIC_DETECTOR-main\MICROPLASTIC_DETECTOR-main\dataset\train\fiber\fiber_0337.png
fiber_0338.png,fiber,0,train,C:\Users\hs085\Downloads\MICROPLASTIC_DETECTOR-main\MICROPLASTIC_DETECTOR-main\dataset\train\fiber\fiber_0338.png
fiber_0339.png,fiber,0,train,C:\Users\hs085\Downloads\MICROPLASTIC_DETECTOR-main\MICROPLASTIC_DETECTOR-main\dataset\train\fiber\fiber_0339.png
fiber_0340.png,fiber,0,train,C:\Users\hs085\Downloads\MICROPLASTIC_DETECTOR-main\MICROPLASTIC_DETECTOR-main\dataset\train\fiber\fiber_0340.png
fiber_0341.png,fiber,0,train,C:\Users\hs085\Downloads\MICROPLASTIC_DETECTOR-main\MICROPLASTIC_DETECTOR-main\dataset\train\fiber\fiber_0341.png
fiber_0342.png,fiber,0,train,C:\Users\hs085\Downloads\MICROPLASTIC_DETECTOR-main\MICROPLASTIC_DETECTOR-main\dataset\train\fiber\fiber_0342.png
fiber_0343.png,fiber,0,train,C:\Users\hs085\Downloads\MICROPLASTIC_DETECTOR-main\MICROPLASTIC_DETECTOR-main\dataset\train\fiber\fiber_0343.png
fiber_0344.png,fiber,0,train,C:\Users\hs085\Downloads\MICROPLASTIC_DETECTOR-main\MICROPLASTIC_DETECTOR-main\dataset\train\fiber\fiber_0344.png
fiber_0345.png,fiber,0,train,C:\Users\hs085\Downloads\MICROPLASTIC_DETECTOR-main\MICROPLASTIC_DETECTOR-main\dataset\train\fiber\fiber_0345.png
fiber_0346.png,fiber,0,train,C:\Users\hs085\Downloads\MICROPLASTIC_DETECTOR-main\MICROPLASTIC_DETECTOR-main\dataset\train\fiber\fiber_0346.png
fiber_0347.png,fiber,0,train,C:\Users\hs085\Downloads\MICROPLASTIC_DETECTOR-main\MICROPLASTIC_DETECTOR-main\dataset\train\fiber\fiber_0347.png
fiber_0348.png,fiber,0,train,C:\Users\hs085\Downloads\MICROPLASTIC_DETECTOR-main\MICROPLASTIC_DETECTOR-main\dataset\train\fiber\fiber_0348.png
fiber_0349.png,fiber,0,train,C:\Users\hs085\Downloads\MICROPLASTIC_DETECTOR-main\MICROPLASTIC_DETECTOR-main\dataset\train\fiber\fiber_0349.png
fiber_0350.png,fiber,0,train,C:\Users\hs085\Downloads\MICROPLASTIC_DETECTOR-main\MICROPLASTIC_DETECTOR-main\dataset\train\fiber\fiber_0350.png
fiber_0351.png,fiber,0,train,C:\Users\hs085\Downloads\MICROPLASTIC_DETECTOR-main\MICROPLASTIC_DETECTOR-main\dataset\train\fiber\fiber_0351.png
fiber_0352.png,fiber,0,train,C:\Users\hs085\Downloads\MICROPLASTIC_DETECTOR-main\MICROPLASTIC_DETECTOR-main\dataset\train\fiber\fiber_0352.png
fiber_0353.png,fiber,0,train,C:\Users\hs085\Downloads\MICROPLASTIC_DETECTOR-main\MICROPLASTIC_DETECTOR-main\dataset\train\fiber\fiber_0353.png
fiber_0354.png,fiber,0,train,C:\Users\hs085\Downloads\MICROPLASTIC_DETECTOR-main\MICROPLASTIC_DETECTOR-main\dataset\train\fiber\fiber_0354.png
fiber_0355.png,fiber,0,train,C:\Users\hs085\Downloads\MICROPLASTIC_DETECTOR-main\MICROPLASTIC_DETECTOR-main\dataset\train\fiber\fiber_0355.png
fiber_0356.png,fiber,0,train,C:\Users\hs085\Downloads\MICROPLASTIC_DETECTOR-main\MICROPLASTIC_DETECTOR-main\dataset\train\fiber\fiber_0356.png
fiber_0357.png,fiber,0,train,C:\Users\hs085\Downloads\MICROPLASTIC_DETECTOR-main\MICROPLASTIC_DETECTOR-main\dataset\train\fiber\fiber_0357.png
fiber_0358.png,fiber,0,train,C:\Users\hs085\Downloads\MICROPLASTIC_DETECTOR-main\MICROPLASTIC_DETECTOR-main\dataset\train\fiber\fiber_0358.png
fiber_0359.png,fiber,0,train,C:\Users\hs085\Downloads\MICROPLASTIC_DETECTOR-main\MICROPLASTIC_DETECTOR-main\dataset\train\fiber\fiber_0359.png
fiber_0360.png,fiber,0,train,C:\Users\hs085\Downloads\MICROPLASTIC_DETECTOR-main\MICROPLASTIC_DETECTOR-main\dataset\train\fiber\fiber_0360.png
fiber_0361.png,fiber,0,train,C:\Users\hs085\Downloads\MICROPLASTIC_DETECTOR-main\MICROPLASTIC_DETECTOR-main\dataset\train\fiber\fiber_0361.png
fiber_0362.png,fiber,0,train,C:\Users\hs085\Downloads\MICROPLASTIC_DETECTOR-main\MICROPLASTIC_DETECTOR-main\dataset\train\fiber\fiber_0362.png
fiber_0363.png,fiber,0,train,C:\Users\hs085\Downloads\MICROPLASTIC_DETECTOR-main\MICROPLASTIC_DETECTOR-main\dataset\train\fiber\fiber_0363.png
fiber_0364.png,fiber,0,train,C:\Users\hs085\Downloads\MICROPLASTIC_DETECTOR-main\MICROPLASTIC_DETECTOR-main\dataset\train\fiber\fiber_0364.png
fiber_0365.png,fiber,0,train,C:\Users\hs085\Downloads\MICROPLASTIC_DETECTOR-main\MICROPLASTIC_DETECTOR-main\dataset\train\fiber\fiber_0365.png
fiber_0366.png,fiber,0,train,C:\Users\hs085\Downloads\MICROPLASTIC_DETECTOR-main\MICROPLASTIC_DETECTOR-main\dataset\train\fiber\fiber_0366.png
fiber_0367.png,fiber,0,train,C:\Users\hs085\Downloads\MICROPLASTIC_DETECTOR-main\MICROPLASTIC_DETECTOR-main\dataset\train\fiber\fiber_0367.png
fiber_0368.png,fiber,0,train,C:\Users\hs085\Downloads\MICROPLASTIC_DETECTOR-main\MICROPLASTIC_DETECTOR-main\dataset\train\fiber\fiber_0368.png
fiber_0369.png,fiber,0,train,C:\Users\hs085\Downloads\MICROPLASTIC_DETECTOR-main\MICROPLASTIC_DETECTOR-main\dataset\train\fiber\fiber_0369.png
fiber_0370.png,fiber,0,train,C:\Users\hs085\Downloads\MICROPLASTIC_DETECTOR-main\MICROPLASTIC_DETECTOR-main\dataset\train\fiber\fiber_0370.png
fiber_0371.png,fiber,0,train,C:\Users\hs085\Downloads\MICROPLASTIC_DETECTOR-main\MICROPLASTIC_DETECTOR-main\dataset\train\fiber\fiber_0371.png
fiber_0372.png,fiber,0,train,C:\Users\hs085\Downloads\MICROPLASTIC_DETECTOR-main\MICROPLASTIC_DETECTOR-main\dataset\train\fiber\fiber_0372.png
fiber_0373.png,fiber,0,train,C:\Users\hs085\Downloads\MICROPLASTIC_DETECTOR-main\MICROPLASTIC_DETECTOR-main\dataset\train\fiber\fiber_0373.png
fiber_0374.png,fiber,0,train,C:\Users\hs085\Downloads\MICROPLASTIC_DETECTOR-main\MICROPLASTIC_DETECTOR-main\dataset\train\fiber\fiber_0374.png
fiber_0375.png,fiber,0,train,C:\Users\hs085\Downloads\MICROPLASTIC_DETECTOR-main\MICROPLASTIC_DETECTOR-main\dataset\train\fiber\fiber_0375.png
fiber_0376.png,fiber,0,train,C:\Users\hs085\Downloads\MICROPLASTIC_DETECTOR-main\MICROPLASTIC_DETECTOR-main\dataset\train\fiber\fiber_0376.png
fiber_0377.png,fiber,0,train,C:\Users\hs085\Downloads\MICROPLASTIC_DETECTOR-main\MICROPLASTIC_DETECTOR-main\dataset\train\fiber\fiber_0377.png
fiber_0378.png,fiber,0,train,C:\Users\hs085\Downloads\MICROPLASTIC_DETECTOR-main\MICROPLASTIC_DETECTOR-main\dataset\train\fiber\fiber_0378.png
fiber_0379.png,fiber,0,train,C:\Users\hs085\Downloads\MICROPLASTIC_DETECTOR-main\MICROPLASTIC_DETECTOR-main\dataset\train\fiber\fiber_0379.png
fiber_0380.png,fiber,0,train,C:\Users\hs085\Downloads\MICROPLASTIC_DETECTOR-main\MICROPLASTIC_DETECTOR-main\dataset\train\fiber\fiber_0380.png
fiber_0381.png,fiber,0,train,C:\Users\hs085\Downloads\MICROPLASTIC_DETECTOR-main\MICROPLASTIC_DETECTOR-main\dataset\train\fiber\fiber_0381.png
fiber_0382.png,fiber,0,train,C:\Users\hs085\Downloads\MICROPLASTIC_DETECTOR-main\MICROPLASTIC_DETECTOR-main\dataset\train\fiber\fiber_0382.png
fiber_0383.png,fiber,0,train,C:\Users\hs085\Downloads\MICROPLASTIC_DETECTOR-main\MICROPLASTIC_DETECTOR-main\dataset\train\fiber\fiber_0383.png
fiber_0384.png,fiber,0,train,C:\Users\hs085\Downloads\MICROPLASTIC_DETECTOR-main\MICROPLASTIC_DETECTOR-main\dataset\train\fiber\fiber_0384.png
fiber_0385.png,fiber,0,train,C:\Users\hs085\Downloads\MICROPLASTIC_DETECTOR-main\MICROPLASTIC_DETECTOR-main\dataset\train\fiber\fiber_0385.png
fiber_0386.png,fiber,0,train,C:\Users\hs085\Downloads\MICROPLASTIC_DETECTOR-main\MICROPLASTIC_DETECTOR-main\dataset\train\fiber\fiber_0386.png
fiber_0387.png,fiber,0,train,C:\Users\hs085\Downloads\MICROPLASTIC_DETECTOR-main\MICROPLASTIC_DETECTOR-main\dataset\train\fiber\fiber_0387.png
fiber_0388.png,fiber,0,train,C:\Users\hs085\Downloads\MICROPLASTIC_DETECTOR-main\MICROPLASTIC_DETECTOR-main\dataset\train\fiber\fiber_0388.png
fiber_0389.png,fiber,0,train,C:\Users\hs085\Downloads\MICROPLASTIC_DETECTOR-main\MICROPLASTIC_DETECTOR-main\dataset\train\fiber\fiber_0389.png
fiber_0390.png,fiber,0,train,C:\Users\hs085\Downloads\MICROPLASTIC_DETECTOR-main\MICROPLASTIC_DETECTOR-main\dataset\train\fiber\fiber_0390.png
fiber_0391.png,fiber,0,train,C:\Users\hs085\Downloads\MICROPLASTIC_DETECTOR-main\MICROPLASTIC_DETECTOR-main\dataset\train\fiber\fiber_0391.png
fiber_0392.png,fiber,0,train,C:\Users\hs085\Downloads\MICROPLASTIC_DETECTOR-main\MICROPLASTIC_DETECTOR-main\dataset\train\fiber\fiber_0392.png
fiber_0393.png,fiber,0,train,C:\Users\hs085\Downloads\MICROPLASTIC_DETECTOR-main\MICROPLASTIC_DETECTOR-main\dataset\train\fiber\fiber_0393.png
fiber_0394.png,fiber,0,train,C:\Users\hs085\Downloads\MICROPLASTIC_DETECTOR-main\MICROPLASTIC_DETECTOR-main\dataset\train\fiber\fiber_0394.png
fiber_0395.png,fiber,0,train,C:\Users\hs085\Downloads\MICROPLASTIC_DETECTOR-main\MICROPLASTIC_DETECTOR-main\dataset\train\fiber\fiber_0395.png
fiber_0396.png,fiber,0,train,C:\Users\hs085\Downloads\MICROPLASTIC_DETECTOR-main\MICROPLASTIC_DETECTOR-main\dataset\train\fiber\fiber_0396.png
fiber_0397.png,fiber,0,train,C:\Users\hs085\Downloads\MICROPLASTIC_DETECTOR-main\MICROPLASTIC_DETECTOR-main\dataset\train\fiber\fiber_0397.png
fiber_0398.png,fiber,0,train,C:\Users\hs085\Downloads\MICROPLASTIC_DETECTOR-main\MICROPLASTIC_DETECTOR-main\dataset\train\fiber\fiber_0398.png
fiber_0399.png,fiber,0,train,C:\Users\hs085\Downloads\MICROPLASTIC_DETECTOR-main\MICROPLASTIC_DETECTOR-main\dataset\train\fiber\fiber_0399.png
fiber_0400.png,fiber,0,train,C:\Users\hs085\Downloads\MICROPLASTIC_DETECTOR-main\MICROPLASTIC_DETECTOR-main\dataset\train\fiber\fiber_0400.png
fiber_0401.png,fiber,0,train,C:\Users\hs085\Downloads\MICROPLASTIC_DETECTOR-main\MICROPLASTIC_DETECTOR-main\dataset\train\fiber\fiber_0401.png
fiber_0402.png,fiber,0,train,C:\Users\hs085\Downloads\MICROPLASTIC_DETECTOR-main\MICROPLASTIC_DETECTOR-main\dataset\train\fiber\fiber_0402.png
fiber_0403.png,fiber,0,train,C:\Users\hs085\Downloads\MICROPLASTIC_DETECTOR-main\MICROPLASTIC_DETECTOR-main\dataset\train\fiber\fiber_0403.png
fiber_0404.png,fiber,0,train,C:\Users\hs085\Downloads\MICROPLASTIC_DETECTOR-main\MICROPLASTIC_DETECTOR-main\dataset\train\fiber\fiber_0404.png
fiber_0405.png,fiber,0,train,C:\Users\hs085\Downloads\MICROPLASTIC_DETECTOR-main\MICROPLASTIC_DETECTOR-main\dataset\train\fiber\fiber_0405.png
fiber_0406.png,fiber,0,train,C:\Users\hs085\Downloads\MICROPLASTIC_DETECTOR-main\MICROPLASTIC_DETECTOR-main\dataset\train\fiber\fiber_0406.png
fiber_0407.png,fiber,0,train,C:\Users\hs085\Downloads\MICROPLASTIC_DETECTOR-main\MICROPLASTIC_DETECTOR-main\dataset\train\fiber\fiber_0407.png
fiber_0408.png,fiber,0,train,C:\Users\hs085\Downloads\MICROPLASTIC_DETECTOR-main\MICROPLASTIC_DETECTOR-main\dataset\train\fiber\fiber_0408.png
fiber_0409.png,fiber,0,train,C:\Users\hs085\Downloads\MICROPLASTIC_DETECTOR-main\MICROPLASTIC_DETECTOR-main\dataset\train\fiber\fiber_0409.png
fiber_0410.png,fiber,0,train,C:\Users\hs085\Downloads\MICROPLASTIC_DETECTOR-main\MICROPLASTIC_DETECTOR-main\dataset\train\fiber\fiber_0410.png
fiber_0411.png,fiber,0,train,C:\Users\hs085\Downloads\MICROPLASTIC_DETECTOR-main\MICROPLASTIC_DETECTOR-main\dataset\train\fiber\fiber_0411.png
fiber_0412.png,fiber,0,train,C:\Users\hs085\Downloads\MICROPLASTIC_DETECTOR-main\MICROPLASTIC_DETECTOR-main\dataset\train\fiber\fiber_0412.png
fiber_0413.png,fiber,0,train,C:\Users\hs085\Downloads\MICROPLASTIC_DETECTOR-main\MICROPLASTIC_DETECTOR-main\dataset\train\fiber\fiber_0413.png
fiber_0414.png,fiber,0,train,C:\Users\hs085\Downloads\MICROPLASTIC_DETECTOR-main\MICROPLASTIC_DETECTOR-main\dataset\train\fiber\fiber_0414.png
fiber_0415.png,fiber,0,train,C:\Users\hs085\Downloads\MICROPLASTIC_DETECTOR-main\MICROPLASTIC_DETECTOR-main\dataset\train\fiber\fiber_0415.png
fiber_0416.png,fiber,0,train,C:\Users\hs085\Downloads\MICROPLASTIC_DETECTOR-main\MICROPLASTIC_DETECTOR-main\dataset\train\fiber\fiber_0416.png
fiber_0417.png,fiber,0,train,C:\Users\hs085\Downloads\MICROPLASTIC_DETECTOR-main\MICROPLASTIC_DETECTOR-main\dataset\train\fiber\fiber_0417.png
fiber_0418.png,fiber,0,train,C:\Users\hs085\Downloads\MICROPLASTIC_DETECTOR-main\MICROPLASTIC_DETECTOR-main\dataset\train\fiber\fiber_0418.png
fiber_0419.png,fiber,0,train,C:\Users\hs085\Downloads\MICROPLASTIC_DETECTOR-main\MICROPLASTIC_DETECTOR-main\dataset\train\fiber\fiber_0419.png
fiber_0420.png,fiber,0,train,C:\Users\hs085\Downloads\MICROPLASTIC_DETECTOR-main\MICROPLASTIC_DETECTOR-main\dataset\train\fiber\fiber_0420.png
fiber_0421.png,fiber,0,train,C:\Users\hs085\Downloads\MICROPLASTIC_DETECTOR-main\MICROPLASTIC_DETECTOR-main\dataset\train\fiber\fiber_0421.png
fiber_0422.png,fiber,0,train,C:\Users\hs085\Downloads\MICROPLASTIC_DETECTOR-main\MICROPLASTIC_DETECTOR-main\dataset\train\fiber\fiber_0422.png
fiber_0423.png,fiber,0,train,C:\Users\hs085\Downloads\MICROPLASTIC_DETECTOR-main\MICROPLASTIC_DETECTOR-main\dataset\train\fiber\fiber_0423.png
fiber_0424.png,fiber,0,train,C:\Users\hs085\Downloads\MICROPLASTIC_DETECTOR-main\MICROPLASTIC_DETECTOR-main\dataset\train\fiber\fiber_0424.png
fiber_0425.png,fiber,0,train,C:\Users\hs085\Downloads\MICROPLASTIC_DETECTOR-main\MICROPLASTIC_DETECTOR-main\dataset\train\fiber\fiber_0425.png
fiber_0426.png,fiber,0,train,C:\Users\hs085\Downloads\MICROPLASTIC_DETECTOR-main\MICROPLASTIC_DETECTOR-main\dataset\train\fiber\fiber_0426.png
fiber_0427.png,fiber,0,train,C:\Users\hs085\Downloads\MICROPLASTIC_DETECTOR-main\MICROPLASTIC_DETECTOR-main\dataset\train\fiber\fiber_0427.png
fiber_0428.png,fiber,0,train,C:\Users\hs085\Downloads\MICROPLASTIC_DETECTOR-main\MICROPLASTIC_DETECTOR-main\dataset\train\fiber\fiber_0428.png
fiber_0429.png,fiber,0,train,C:\Users\hs085\Downloads\MICROPLASTIC_DETECTOR-main\MICROPLASTIC_DETECTOR-main\dataset\train\fiber\fiber_0429.png
fiber_0430.png,fiber,0,train,C:\Users\hs085\Downloads\MICROPLASTIC_DETECTOR-main\MICROPLASTIC_DETECTOR-main\dataset\train\fiber\fiber_0430.png
fiber_0431.png,fiber,0,train,C:\Users\hs085\Downloads\MICROPLASTIC_DETECTOR-main\MICROPLASTIC_DETECTOR-main\dataset\train\fiber\fiber_0431.png
fiber_0432.png,fiber,0,train,C:\Users\hs085\Downloads\MICROPLASTIC_DETECTOR-main\MICROPLASTIC_DETECTOR-main\dataset\train\fiber\fiber_0432.png
fiber_0433.png,fiber,0,train,C:\Users\hs085\Downloads\MICROPLASTIC_DETECTOR-main\MICROPLASTIC_DETECTOR-main\dataset\train\fiber\fiber_0433.png
fiber_0434.png,fiber,0,train,C:\Users\hs085\Downloads\MICROPLASTIC_DETECTOR-main\MICROPLASTIC_DETECTOR-main\dataset\train\fiber\fiber_0434.png
fiber_0435.png,fiber,0,train,C:\Users\hs085\Downloads\MICROPLASTIC_DETECTOR-main\MICROPLASTIC_DETECTOR-main\dataset\train\fiber\fiber_0435.png
fiber_0436.png,fiber,0,train,C:\Users\hs085\Downloads\MICROPLASTIC_DETECTOR-main\MICROPLASTIC_DETECTOR-main\dataset\train\fiber\fiber_0436.png
fiber_0437.png,fiber,0,train,C:\Users\hs085\Downloads\MICROPLASTIC_DETECTOR-main\MICROPLASTIC_DETECTOR-main\dataset\train\fiber\fiber_0437.png
fiber_0438.png,fiber,0,train,C:\Users\hs085\Downloads\MICROPLASTIC_DETECTOR-main\MICROPLASTIC_DETECTOR-main\dataset\train\fiber\fiber_0438.png
fiber_0439.png,fiber,0,train,C:\Users\hs085\Downloads\MICROPLASTIC_DETECTOR-main\MICROPLASTIC_DETECTOR-main\dataset\train\fiber\fiber_0439.png
fiber_0440.png,fiber,0,train,C:\Users\hs085\Downloads\MICROPLASTIC_DETECTOR-main\MICROPLASTIC_DETECTOR-main\dataset\train\fiber\fiber_0440.png
fiber_0441.png,fiber,0,train,C:\Users\hs085\Downloads\MICROPLASTIC_DETECTOR-main\MICROPLASTIC_DETECTOR-main\dataset\train\fiber\fiber_0441.png
fiber_0442.png,fiber,0,train,C:\Users\hs085\Downloads\MICROPLASTIC_DETECTOR-main\MICROPLASTIC_DETECTOR-main\dataset\train\fiber\fiber_0442.png
fiber_0443.png,fiber,0,train,C:\Users\hs085\Downloads\MICROPLASTIC_DETECTOR-main\MICROPLASTIC_DETECTOR-main\dataset\train\fiber\fiber_0443.png
fiber_0444.png,fiber,0,train,C:\Users\hs085\Downloads\MICROPLASTIC_DETECTOR-main\MICROPLASTIC_DETECTOR-main\dataset\train\fiber\fiber_0444.png
fiber_0445.png,fiber,0,train,C:\Users\hs085\Downloads\MICROPLASTIC_DETECTOR-main\MICROPLASTIC_DETECTOR-main\dataset\train\fiber\fiber_0445.png
fiber_0446.png,fiber,0,train,C:\Users\hs085\Downloads\MICROPLASTIC_DETECTOR-main\MICROPLASTIC_DETECTOR-main\dataset\train\fiber\fiber_0446.png
fiber_0447.png,fiber,0,train,C:\Users\hs085\Downloads\MICROPLASTIC_DETECTOR-main\MICROPLASTIC_DETECTOR-main\dataset\train\fiber\fiber_0447.png
fiber_0448.png,fiber,0,train,C:\Users\hs085\Downloads\MICROPLASTIC_DETECTOR-main\MICROPLASTIC_DETECTOR-main\dataset\train\fiber\fiber_0448.png
fiber_0449.png,fiber,0,train,C:\Users\hs085\Downloads\MICROPLASTIC_DETECTOR-main\MICROPLASTIC_DETECTOR-main\dataset\train\fiber\fiber_0449.png
fiber_0450.png,fiber,0,train,C:\Users\hs085\Downloads\MICROPLASTIC_DETECTOR-main\MICROPLASTIC_DETECTOR-main\dataset\train\fiber\fiber_0450.png
fiber_0451.png,fiber,0,train,C:\Users\hs085\Downloads\MICROPLASTIC_DETECTOR-main\MICROPLASTIC_DETECTOR-main\dataset\train\fiber\fiber_0451.png
fiber_0452.png,fiber,0,train,C:\Users\hs085\Downloads\MICROPLASTIC_DETECTOR-main\MICROPLASTIC_DETECTOR-main\dataset\train\fiber\fiber_0452.png
fiber_0453.png,fiber,0,train,C:\Users\hs085\Downloads\MICROPLASTIC_DETECTOR-main\MICROPLASTIC_DETECTOR-main\dataset\train\fiber\fiber_0453.png
fiber_0454.png,fiber,0,train,C:\Users\hs085\Downloads\MICROPLASTIC_DETECTOR-main\MICROPLASTIC_DETECTOR-main\dataset\train\fiber\fiber_0454.png
fiber_0455.png,fiber,0,train,C:\Users\hs085\Downloads\MICROPLASTIC_DETECTOR-main\MICROPLASTIC_DETECTOR-main\dataset\train\fiber\fiber_0455.png
fiber_0456.png,fiber,0,train,C:\Users\hs085\Downloads\MICROPLASTIC_DETECTOR-main\MICROPLASTIC_DETECTOR-main\dataset\train\fiber\fiber_0456.png
fiber_0457.png,fiber,0,train,C:\Users\hs085\Downloads\MICROPLASTIC_DETECTOR-main\MICROPLASTIC_DETECTOR-main\dataset\train\fiber\fiber_0457.png
fiber_0458.png,fiber,0,train,C:\Users\hs085\Downloads\MICROPLASTIC_DETECTOR-main\MICROPLASTIC_DETECTOR-main\dataset\train\fiber\fiber_0458.png
fiber_0459.png,fiber,0,train,C:\Users\hs085\Downloads\MICROPLASTIC_DETECTOR-main\MICROPLASTIC_DETECTOR-main\dataset\train\fiber\fiber_0459.png
fiber_0460.png,fiber,0,train,C:\Users\hs085\Downloads\MICROPLASTIC_DETECTOR-main\MICROPLASTIC_DETECTOR-main\dataset\train\fiber\fiber_0460.png
fiber_0461.png,fiber,0,train,C:\Users\hs085\Downloads\MICROPLASTIC_DETECTOR-main\MICROPLASTIC_DETECTOR-main\dataset\train\fiber\fiber_0461.png
fiber_0462.png,fiber,0,train,C:\Users\hs085\Downloads\MICROPLASTIC_DETECTOR-main\MICROPLASTIC_DETECTOR-main\dataset\train\fiber\fiber_0462.png
fiber_0463.png,fiber,0,train,C:\Users\hs085\Downloads\MICROPLASTIC_DETECTOR-main\MICROPLASTIC_DETECTOR-main\dataset\train\fiber\fiber_0463.png
fiber_0464.png,fiber,0,train,C:\Users\hs085\Downloads\MICROPLASTIC_DETECTOR-main\MICROPLASTIC_DETECTOR-main\dataset\train\fiber\fiber_0464.png
fiber_0465.png,fiber,0,train,C:\Users\hs085\Downloads\MICROPLASTIC_DETECTOR-main\MICROPLASTIC_DETECTOR-main\dataset\train\fiber\fiber_0465.png
fiber_0466.png,fiber,0,train,C:\Users\hs085\Downloads\MICROPLASTIC_DETECTOR-main\MICROPLASTIC_DETECTOR-main\dataset\train\fiber\fiber_0466.png
fiber_0467.png,fiber,0,train,C:\Users\hs085\Downloads\MICROPLASTIC_DETECTOR-main\MICROPLASTIC_DETECTOR-main\dataset\train\fiber\fiber_0467.png
fiber_0468.png,fiber,0,train,C:\Users\hs085\Downloads\MICROPLASTIC_DETECTOR-main\MICROPLASTIC_DETECTOR-main\dataset\train\fiber\fiber_0468.png
fiber_0469.png,fiber,0,train,C:\Users\hs085\Downloads\MICROPLASTIC_DETECTOR-main\MICROPLASTIC_DETECTOR-main\dataset\train\fiber\fiber_0469.png
fiber_0470.png,fiber,0,train,C:\Users\hs085\Downloads\MICROPLASTIC_DETECTOR-main\MICROPLASTIC_DETECTOR-main\dataset\train\fiber\fiber_0470.png
fiber_0471.png,fiber,0,train,C:\Users\hs085\Downloads\MICROPLASTIC_DETECTOR-main\MICROPLASTIC_DETECTOR-main\dataset\train\fiber\fiber_0471.png
fiber_0472.png,fiber,0,train,C:\Users\hs085\Downloads\MICROPLASTIC_DETECTOR-main\MICROPLASTIC_DETECTOR-main\dataset\train\fiber\fiber_0472.png
fiber_0473.png,fiber,0,train,C:\Users\hs085\Downloads\MICROPLASTIC_DETECTOR-main\MICROPLASTIC_DETECTOR-main\dataset\train\fiber\fiber_0473.png
fiber_0474.png,fiber,0,train,C:\Users\hs085\Downloads\MICROPLASTIC_DETECTOR-main\MICROPLASTIC_DETECTOR-main\dataset\train\fiber\fiber_0474.png
fiber_0475.png,fiber,0,train,C:\Users\hs085\Downloads\MICROPLASTIC_DETECTOR-main\MICROPLASTIC_DETECTOR-main\dataset\train\fiber\fiber_0475.png
fiber_0476.png,fiber,0,train,C:\Users\hs085\Downloads\MICROPLASTIC_DETECTOR-main\MICROPLASTIC_DETECTOR-main\dataset\train\fiber\fiber_0476.png
fiber_0477.png,fiber,0,train,C:\Users\hs085\Downloads\MICROPLASTIC_DETECTOR-main\MICROPLASTIC_DETECTOR-main\dataset\train\fiber\fiber_0477.png
fiber_0478.png,fiber,0,train,C:\Users\hs085\Downloads\MICROPLASTIC_DETECTOR-main\MICROPLASTIC_DETECTOR-main\dataset\train\fiber\fiber_0478.png
fiber_0479.png,fiber,0,train,C:\Users\hs085\Downloads\MICROPLASTIC_DETECTOR-main\MICROPLASTIC_DETECTOR-main\dataset\train\fiber\fiber_0479.png
fiber_0480.png,fiber,0,train,C:\Users\hs085\Downloads\MICROPLASTIC_DETECTOR-main\MICROPLASTIC_DETECTOR-main\dataset\train\fiber\fiber_0480.png
fiber_0481.png,fiber,0,train,C:\Users\hs085\Downloads\MICROPLASTIC_DETECTOR-main\MICROPLASTIC_DETECTOR-main\dataset\train\fiber\fiber_0481.png
fiber_0482.png,fiber,0,train,C:\Users\hs085\Downloads\MICROPLASTIC_DETECTOR-main\MICROPLASTIC_DETECTOR-main\dataset\train\fiber\fiber_0482.png
fiber_0483.png,fiber,0,train,C:\Users\hs085\Downloads\MICROPLASTIC_DETECTOR-main\MICROPLASTIC_DETECTOR-main\dataset\train\fiber\fiber_0483.png
fiber_0484.png,fiber,0,train,C:\Users\hs085\Downloads\MICROPLASTIC_DETECTOR-main\MICROPLASTIC_DETECTOR-main\dataset\train\fiber\fiber_0484.png
fiber_0485.png,fiber,0,train,C:\Users\hs085\Downloads\MICROPLASTIC_DETECTOR-main\MICROPLASTIC_DETECTOR-main\dataset\train\fiber\fiber_0485.png
fiber_0486.png,fiber,0,train,C:\Users\hs085\Downloads\MICROPLASTIC_DETECTOR-main\MICROPLASTIC_DETECTOR-main\dataset\train\fiber\fiber_0486.png
fiber_0487.png,fiber,0,train,C:\Users\hs085\Downloads\MICROPLASTIC_DETECTOR-main\MICROPLASTIC_DETECTOR-main\dataset\train\fiber\fiber_0487.png
fiber_0488.png,fiber,0,train,C:\Users\hs085\Downloads\MICROPLASTIC_DETECTOR-main\MICROPLASTIC_DETECTOR-main\dataset\train\fiber\fiber_0488.png
fiber_0489.png,fiber,0,train,C:\Users\hs085\Downloads\MICROPLASTIC_DETECTOR-main\MICROPLASTIC_DETECTOR-main\dataset\train\fiber\fiber_0489.png
fiber_0490.png,fiber,0,train,C:\Users\hs085\Downloads\MICROPLASTIC_DETECTOR-main\MICROPLASTIC_DETECTOR-main\dataset\train\fiber\fiber_0490.png
fiber_0491.png,fiber,0,train,C:\Users\hs085\Downloads\MICROPLASTIC_DETECTOR-main\MICROPLASTIC_DETECTOR-main\dataset\train\fiber\fiber_0491.png
fiber_0492.png,fiber,0,train,C:\Users\hs085\Downloads\MICROPLASTIC_DETECTOR-main\MICROPLASTIC_DETECTOR-main\dataset\train\fiber\fiber_0492.png
fiber_0493.png,fiber,0,train,C:\Users\hs085\Downloads\MICROPLASTIC_DETECTOR-main\MICROPLASTIC_DETECTOR-main\dataset\train\fiber\fiber_0493.png
fiber_0494.png,fiber,0,train,C:\Users\hs085\Downloads\MICROPLASTIC_DETECTOR-main\MICROPLASTIC_DETECTOR-main\dataset\train\fiber\fiber_0494.png
fiber_0495.png,fiber,0,train,C:\Users\hs085\Downloads\MICROPLASTIC_DETECTOR-main\MICROPLASTIC_DETECTOR-main\dataset\train\fiber\fiber_0495.png
fiber_0496.png,fiber,0,train,C:\Users\hs085\Downloads\MICROPLASTIC_DETECTOR-main\MICROPLASTIC_DETECTOR-main\dataset\train\fiber\fiber_0496.png
fiber_0497.png,fiber,0,train,C:\Users\hs085\Downloads\MICROPLASTIC_DETECTOR-main\MICROPLASTIC_DETECTOR-main\dataset\train\fiber\fiber_0497.png
fiber_0498.png,fiber,0,train,C:\Users\hs085\Downloads\MICROPLASTIC_DETECTOR-main\MICROPLASTIC_DETECTOR-main\dataset\train\fiber\fiber_0498.png
fiber_0499.png,fiber,0,train,C:\Users\hs085\Downloads\MICROPLASTIC_DETECTOR-main\MICROPLASTIC_DETECTOR-main\dataset\train\fiber\fiber_0499.png
fiber_0500.png,fiber,0,train,C:\Users\hs085\Downloads\MICROPLASTIC_DETECTOR-main\MICROPLASTIC_DETECTOR-main\dataset\train\fiber\fiber_0500.png
fiber_0501.png,fiber,0,train,C:\Users\hs085\Downloads\MICROPLASTIC_DETECTOR-main\MICROPLASTIC_DETECTOR-main\dataset\train\fiber\fiber_0501.png
fiber_0502.png,fiber,0,train,C:\Users\hs085\Downloads\MICROPLASTIC_DETECTOR-main\MICROPLASTIC_DETECTOR-main\dataset\train\fiber\fiber_0502.png
fiber_0503.png,fiber,0,train,C:\Users\hs085\Downloads\MICROPLASTIC_DETECTOR-main\MICROPLASTIC_DETECTOR-main\dataset\train\fiber\fiber_0503.png
fiber_0504.png,fiber,0,train,C:\Users\hs085\Downloads\MICROPLASTIC_DETECTOR-main\MICROPLASTIC_DETECTOR-main\dataset\train\fiber\fiber_0504.png
fiber_0505.png,fiber,0,train,C:\Users\hs085\Downloads\MICROPLASTIC_DETECTOR-main\MICROPLASTIC_DETECTOR-main\dataset\train\fiber\fiber_0505.png
fiber_0506.png,fiber,0,train,C:\Users\hs085\Downloads\MICROPLASTIC_DETECTOR-main\MICROPLASTIC_DETECTOR-main\dataset\train\fiber\fiber_0506.png
fiber_0507.png,fiber,0,train,C:\Users\hs085\Downloads\MICROPLASTIC_DETECTOR-main\MICROPLASTIC_DETECTOR-main\dataset\train\fiber\fiber_0507.png
fiber_0508.png,fiber,0,train,C:\Users\hs085\Downloads\MICROPLASTIC_DETECTOR-main\MICROPLASTIC_DETECTOR-main\dataset\train\fiber\fiber_0508.png
fiber_0509.png,fiber,0,train,C:\Users\hs085\Downloads\MICROPLASTIC_DETECTOR-main\MICROPLASTIC_DETECTOR-main\dataset\train\fiber\fiber_0509.png
fiber_0510.png,fiber,0,train,C:\Users\hs085\Downloads\MICROPLASTIC_DETECTOR-main\MICROPLASTIC_DETECTOR-main\dataset\train\fiber\fiber_0510.png
fiber_0511.png,fiber,0,train,C:\Users\hs085\Downloads\MICROPLASTIC_DETECTOR-main\MICROPLASTIC_DETECTOR-main\dataset\train\fiber\fiber_0511.png
fiber_0512.png,fiber,0,train,C:\Users\hs085\Downloads\MICROPLASTIC_DETECTOR-main\MICROPLASTIC_DETECTOR-main\dataset\train\fiber\fiber_0512.png
fiber_0513.png,fiber,0,train,C:\Users\hs085\Downloads\MICROPLASTIC_DETECTOR-main\MICROPLASTIC_DETECTOR-main\dataset\train\fiber\fiber_0513.png
fiber_0514.png,fiber,0,train,C:\Users\hs085\Downloads\MICROPLASTIC_DETECTOR-main\MICROPLASTIC_DETECTOR-main\dataset\train\fiber\fiber_0514.png
fiber_0515.png,fiber,0,train,C:\Users\hs085\Downloads\MICROPLASTIC_DETECTOR-main\MICROPLASTIC_DETECTOR-main\dataset\train\fiber\fiber_0515.png
fiber_0516.png,fiber,0,train,C:\Users\hs085\Downloads\MICROPLASTIC_DETECTOR-main\MICROPLASTIC_DETECTOR-main\dataset\train\fiber\fiber_0516.png
fiber_0517.png,fiber,0,train,C:\Users\hs085\Downloads\MICROPLASTIC_DETECTOR-main\MICROPLASTIC_DETECTOR-main\dataset\train\fiber\fiber_0517.png
fiber_0518.png,fiber,0,train,C:\Users\hs085\Downloads\MICROPLASTIC_DETECTOR-main\MICROPLASTIC_DETECTOR-main\dataset\train\fiber\fiber_0518.png
fiber_0519.png,fiber,0,train,C:\Users\hs085\Downloads\MICROPLASTIC_DETECTOR-main\MICROPLASTIC_DETECTOR-main\dataset\train\fiber\fiber_0519.png
fiber_0520.png,fiber,0,train,C:\Users\hs085\Downloads\MICROPLASTIC_DETECTOR-main\MICROPLASTIC_DETECTOR-main\dataset\train\fiber\fiber_0520.png
fiber_0521.png,fiber,0,train,C:\Users\hs085\Downloads\MICROPLASTIC_DETECTOR-main\MICROPLASTIC_DETECTOR-main\dataset\train\fiber\fiber_0521.png
fiber_0522.png,fiber,0,train,C:\Users\hs085\Downloads\MICROPLASTIC_DETECTOR-main\MICROPLASTIC_DETECTOR-main\dataset\train\fiber\fiber_0522.png
fiber_0523.png,fiber,0,train,C:\Users\hs085\Downloads\MICROPLASTIC_DETECTOR-main\MICROPLASTIC_DETECTOR-main\dataset\train\fiber\fiber_0523.png
fiber_0524.png,fiber,0,train,C:\Users\hs085\Downloads\MICROPLASTIC_DETECTOR-main\MICROPLASTIC_DETECTOR-main\dataset\train\fiber\fiber_0524.png
fiber_0525.png,fiber,0,train,C:\Users\hs085\Downloads\MICROPLASTIC_DETECTOR-main\MICROPLASTIC_DETECTOR-main\dataset\train\fiber\fiber_0525.png
fiber_0526.png,fiber,0,train,C:\Users\hs085\Downloads\MICROPLASTIC_DETECTOR-main\MICROPLASTIC_DETECTOR-main\dataset\train\fiber\fiber_0526.png
fiber_0527.png,fiber,0,train,C:\Users\hs085\Downloads\MICROPLASTIC_DETECTOR-main\MICROPLASTIC_DETECTOR-main\dataset\train\fiber\fiber_0527.png
fiber_0528.png,fiber,0,train,C:\Users\hs085\Downloads\MICROPLASTIC_DETECTOR-main\MICROPLASTIC_DETECTOR-main\dataset\train\fiber\fiber_0528.png
fiber_0529.png,fiber,0,train,C:\Users\hs085\Downloads\MICROPLASTIC_DETECTOR-main\MICROPLASTIC_DETECTOR-main\dataset\train\fiber\fiber_0529.png
fiber_0530.png,fiber,0,train,C:\Users\hs085\Downloads\MICROPLASTIC_DETECTOR-main\MICROPLASTIC_DETECTOR-main\dataset\train\fiber\fiber_0530.png
fiber_0531.png,fiber,0,train,C:\Users\hs085\Downloads\MICROPLASTIC_DETECTOR-main\MICROPLASTIC_DETECTOR-main\dataset\train\fiber\fiber_0531.png
fiber_0532.png,fiber,0,train,C:\Users\hs085\Downloads\MICROPLASTIC_DETECTOR-main\MICROPLASTIC_DETECTOR-main\dataset\train\fiber\fiber_0532.png
fiber_0533.png,fiber,0,train,C:\Users\hs085\Downloads\MICROPLASTIC_DETECTOR-main\MICROPLASTIC_DETECTOR-main\dataset\train\fiber\fiber_0533.png
fiber_0534.png,fiber,0,train,C:\Users\hs085\Downloads\MICROPLASTIC_DETECTOR-main\MICROPLASTIC_DETECTOR-main\dataset\train\fiber\fiber_0534.png
fiber_0535.png,fiber,0,train,C:\Users\hs085\Downloads\MICROPLASTIC_DETECTOR-main\MICROPLASTIC_DETECTOR-main\dataset\train\fiber\fiber_0535.png
fiber_0536.png,fiber,0,train,C:\Users\hs085\Downloads\MICROPLASTIC_DETECTOR-main\MICROPLASTIC_DETECTOR-main\dataset\train\fiber\fiber_0536.png
fiber_0537.png,fiber,0,train,C:\Users\hs085\Downloads\MICROPLASTIC_DETECTOR-main\MICROPLASTIC_DETECTOR-main\dataset\train\fiber\fiber_0537.png
fiber_0538.png,fiber,0,train,C:\Users\hs085\Downloads\MICROPLASTIC_DETECTOR-main\MICROPLASTIC_DETECTOR-main\dataset\train\fiber\fiber_0538.png
fiber_0539.png,fiber,0,train,C:\Users\hs085\Downloads\MICROPLASTIC_DETECTOR-main\MICROPLASTIC_DETECTOR-main\dataset\train\fiber\fiber_0539.png
fiber_0540.png,fiber,0,train,C:\Users\hs085\Downloads\MICROPLASTIC_DETECTOR-main\MICROPLASTIC_DETECTOR-main\dataset\train\fiber\fiber_0540.png
fiber_0541.png,fiber,0,train,C:\Users\hs085\Downloads\MICROPLASTIC_DETECTOR-main\MICROPLASTIC_DETECTOR-main\dataset\train\fiber\fiber_0541.png
fiber_0542.png,fiber,0,train,C:\Users\hs085\Downloads\MICROPLASTIC_DETECTOR-main\MICROPLASTIC_DETECTOR-main\dataset\train\fiber\fiber_0542.png
fiber_0543.png,fiber,0,train,C:\Users\hs085\Downloads\MICROPLASTIC_DETECTOR-main\MICROPLASTIC_DETECTOR-main\dataset\train\fiber\fiber_0543.png
fiber_0544.png,fiber,0,train,C:\Users\hs085\Downloads\MICROPLASTIC_DETECTOR-main\MICROPLASTIC_DETECTOR-main\dataset\train\fiber\fiber_0544.png
fiber_0545.png,fiber,0,train,C:\Users\hs085\Downloads\MICROPLASTIC_DETECTOR-main\MICROPLASTIC_DETECTOR-main\dataset\train\fiber\fiber_0545.png
fiber_0546.png,fiber,0,train,C:\Users\hs085\Downloads\MICROPLASTIC_DETECTOR-main\MICROPLASTIC_DETECTOR-main\dataset\train\fiber\fiber_0546.png
fiber_0547.png,fiber,0,train,C:\Users\hs085\Downloads\MICROPLASTIC_DETECTOR-main\MICROPLASTIC_DETECTOR-main\dataset\train\fiber\fiber_0547.png
fiber_0548.png,fiber,0,train,C:\Users\hs085\Downloads\MICROPLASTIC_DETECTOR-main\MICROPLASTIC_DETECTOR-main\dataset\train\fiber\fiber_0548.png
fiber_0549.png,fiber,0,train,C:\Users\hs085\Downloads\MICROPLASTIC_DETECTOR-main\MICROPLASTIC_DETECTOR-main\dataset\train\fiber\fiber_0549.png
fiber_0550.png,fiber,0,train,C:\Users\hs085\Downloads\MICROPLASTIC_DETECTOR-main\MICROPLASTIC_DETECTOR-main\dataset\train\fiber\fiber_0550.png
fiber_0551.png,fiber,0,train,C:\Users\hs085\Downloads\MICROPLASTIC_DETECTOR-main\MICROPLASTIC_DETECTOR-main\dataset\train\fiber\fiber_0551.png
fiber_0552.png,fiber,0,train,C:\Users\hs085\Downloads\MICROPLASTIC_DETECTOR-main\MICROPLASTIC_DETECTOR-main\dataset\train\fiber\fiber_0552.png
fiber_0553.png,fiber,0,train,C:\Users\hs085\Downloads\MICROPLASTIC_DETECTOR-main\MICROPLASTIC_DETECTOR-main\dataset\train\fiber\fiber_0553.png
fiber_0554.png,fiber,0,train,C:\Users\hs085\Downloads\MICROPLASTIC_DETECTOR-main\MICROPLASTIC_DETECTOR-main\dataset\train\fiber\fiber_0554.png
fiber_0555.png,fiber,0,train,C:\Users\hs085\Downloads\MICROPLASTIC_DETECTOR-main\MICROPLASTIC_DETECTOR-main\dataset\train\fiber\fiber_0555.png
fiber_0556.png,fiber,0,train,C:\Users\hs085\Downloads\MICROPLASTIC_DETECTOR-main\MICROPLASTIC_DETECTOR-main\dataset\train\fiber\fiber_0556.png
fiber_0557.png,fiber,0,train,C:\Users\hs085\Downloads\MICROPLASTIC_DETECTOR-main\MICROPLASTIC_DETECTOR-main\dataset\train\fiber\fiber_0557.png
fiber_0558.png,fiber,0,train,C:\Users\hs085\Downloads\MICROPLASTIC_DETECTOR-main\MICROPLASTIC_DETECTOR-main\dataset\train\fiber\fiber_0558.png
fiber_0559.png,fiber,0,train,C:\Users\hs085\Downloads\MICROPLASTIC_DETECTOR-main\MICROPLASTIC_DETECTOR-main\dataset\train\fiber\fiber_0559.png
fiber_0560.png,fiber,0,train,C:\Users\hs085\Downloads\MICROPLASTIC_DETECTOR-main\MICROPLASTIC_DETECTOR-main\dataset\train\fiber\fiber_0560.png
fiber_0561.png,fiber,0,train,C:\Users\hs085\Downloads\MICROPLASTIC_DETECTOR-main\MICROPLASTIC_DETECTOR-main\dataset\train\fiber\fiber_0561.png
fiber_0562.png,fiber,0,train,C:\Users\hs085\Downloads\MICROPLASTIC_DETECTOR-main\MICROPLASTIC_DETECTOR-main\dataset\train\fiber\fiber_0562.png
fiber_0563.png,fiber,0,train,C:\Users\hs085\Downloads\MICROPLASTIC_DETECTOR-main\MICROPLASTIC_DETECTOR-main\dataset\train\fiber\fiber_0563.png
fiber_0564.png,fiber,0,train,C:\Users\hs085\Downloads\MICROPLASTIC_DETECTOR-main\MICROPLASTIC_DETECTOR-main\dataset\train\fiber\fiber_0564.png
fiber_0565.png,fiber,0,train,C:\Users\hs085\Downloads\MICROPLASTIC_DETECTOR-main\MICROPLASTIC_DETECTOR-main\dataset\train\fiber\fiber_0565.png
fiber_0566.png,fiber,0,train,C:\Users\hs085\Downloads\MICROPLASTIC_DETECTOR-main\MICROPLASTIC_DETECTOR-main\dataset\train\fiber\fiber_0566.png
fiber_0567.png,fiber,0,train,C:\Users\hs085\Downloads\MICROPLASTIC_DETECTOR-main\MICROPLASTIC_DETECTOR-main\dataset\train\fiber\fiber_0567.png
fiber_0568.png,fiber,0,train,C:\Users\hs085\Downloads\MICROPLASTIC_DETECTOR-main\MICROPLASTIC_DETECTOR-main\dataset\train\fiber\fiber_0568.png
fiber_0569.png,fiber,0,train,C:\Users\hs085\Downloads\MICROPLASTIC_DETECTOR-main\MICROPLASTIC_DETECTOR-main\dataset\train\fiber\fiber_0569.png
fiber_0570.png,fiber,0,train,C:\Users\hs085\Downloads\MICROPLASTIC_DETECTOR-main\MICROPLASTIC_DETECTOR-main\dataset\train\fiber\fiber_0570.png
fiber_0571.png,fiber,0,train,C:\Users\hs085\Downloads\MICROPLASTIC_DETECTOR-main\MICROPLASTIC_DETECTOR-main\dataset\train\fiber\fiber_0571.png
fiber_0572.png,fiber,0,train,C:\Users\hs085\Downloads\MICROPLASTIC_DETECTOR-main\MICROPLASTIC_DETECTOR-main\dataset\train\fiber\fiber_0572.png
fiber_0573.png,fiber,0,train,C:\Users\hs085\Downloads\MICROPLASTIC_DETECTOR-main\MICROPLASTIC_DETECTOR-main\dataset\train\fiber\fiber_0573.png
fiber_0574.png,fiber,0,train,C:\Users\hs085\Downloads\MICROPLASTIC_DETECTOR-main\MICROPLASTIC_DETECTOR-main\dataset\train\fiber\fiber_0574.png
fiber_0575.png,fiber,0,train,C:\Users\hs085\Downloads\MICROPLASTIC_DETECTOR-main\MICROPLASTIC_DETECTOR-main\dataset\train\fiber\fiber_0575.png
fiber_0576.png,fiber,0,train,C:\Users\hs085\Downloads\MICROPLASTIC_DETECTOR-main\MICROPLASTIC_DETECTOR-main\dataset\train\fiber\fiber_0576.png
fiber_0577.png,fiber,0,train,C:\Users\hs085\Downloads\MICROPLASTIC_DETECTOR-main\MICROPLASTIC_DETECTOR-main\dataset\train\fiber\fiber_0577.png
fiber_0578.png,fiber,0,train,C:\Users\hs085\Downloads\MICROPLASTIC_DETECTOR-main\MICROPLASTIC_DETECTOR-main\dataset\train\fiber\fiber_0578.png
fiber_0579.png,fiber,0,train,C:\Users\hs085\Downloads\MICROPLASTIC_DETECTOR-main\MICROPLASTIC_DETECTOR-main\dataset\train\fiber\fiber_0579.png
fiber_0580.png,fiber,0,train,C:\Users\hs085\Downloads\MICROPLASTIC_DETECTOR-main\MICROPLASTIC_DETECTOR-main\dataset\train\fiber\fiber_0580.png
fiber_0581.png,fiber,0,train,C:\Users\hs085\Downloads\MICROPLASTIC_DETECTOR-main\MICROPLASTIC_DETECTOR-main\dataset\train\fiber\fiber_0581.png
fiber_0582.png,fiber,0,train,C:\Users\hs085\Downloads\MICROPLASTIC_DETECTOR-main\MICROPLASTIC_DETECTOR-main\dataset\train\fiber\fiber_0582.png
fiber_0583.png,fiber,0,train,C:\Users\hs085\Downloads\MICROPLASTIC_DETECTOR-main\MICROPLASTIC_DETECTOR-main\dataset\train\fiber\fiber_0583.png
fiber_0584.png,fiber,0,train,C:\Users\hs085\Downloads\MICROPLASTIC_DETECTOR-main\MICROPLASTIC_DETECTOR-main\dataset\train\fiber\fiber_0584.png
fiber_0585.png,fiber,0,train,C:\Users\hs085\Downloads\MICROPLASTIC_DETECTOR-main\MICROPLASTIC_DETECTOR-main\dataset\train\fiber\fiber_0585.png
fiber_0586.png,fiber,0,train,C:\Users\hs085\Downloads\MICROPLASTIC_DETECTOR-main\MICROPLASTIC_DETECTOR-main\dataset\train\fiber\fiber_0586.png
fiber_0587.png,fiber,0,train,C:\Users\hs085\Downloads\MICROPLASTIC_DETECTOR-main\MICROPLASTIC_DETECTOR-main\dataset\train\fiber\fiber_0587.png
fiber_0588.png,fiber,0,train,C:\Users\hs085\Downloads\MICROPLASTIC_DETECTOR-main\MICROPLASTIC_DETECTOR-main\dataset\train\fiber\fiber_0588.png
fiber_0589.png,fiber,0,train,C:\Users\hs085\Downloads\MICROPLASTIC_DETECTOR-main\MICROPLASTIC_DETECTOR-main\dataset\train\fiber\fiber_0589.png
fiber_0590.png,fiber,0,train,C:\Users\hs085\Downloads\MICROPLASTIC_DETECTOR-main\MICROPLASTIC_DETECTOR-main\dataset\train\fiber\fiber_0590.png
fiber_0591.png,fiber,0,train,C:\Users\hs085\Downloads\MICROPLASTIC_DETECTOR-main\MICROPLASTIC_DETECTOR-main\dataset\train\fiber\fiber_0591.png
fiber_0592.png,fiber,0,train,C:\Users\hs085\Downloads\MICROPLASTIC_DETECTOR-main\MICROPLASTIC_DETECTOR-main\dataset\train\fiber\fiber_0592.png
fiber_0593.png,fiber,0,train,C:\Users\hs085\Downloads\MICROPLASTIC_DETECTOR-main\MICROPLASTIC_DETECTOR-main\dataset\train\fiber\fiber_0593.png
fiber_0594.png,fiber,0,train,C:\Users\hs085\Downloads\MICROPLASTIC_DETECTOR-main\MICROPLASTIC_DETECTOR-main\dataset\train\fiber\fiber_0594.png
fiber_0595.png,fiber,0,train,C:\Users\hs085\Downloads\MICROPLASTIC_DETECTOR-main\MICROPLASTIC_DETECTOR-main\dataset\train\fiber\fiber_0595.png
fiber_0596.png,fiber,0,train,C:\Users\hs085\Downloads\MICROPLASTIC_DETECTOR-main\MICROPLASTIC_DETECTOR-main\dataset\train\fiber\fiber_0596.png
fiber_0597.png,fiber,0,train,C:\Users\hs085\Downloads\MICROPLASTIC_DETECTOR-main\MICROPLASTIC_DETECTOR-main\dataset\train\fiber\fiber_0597.png
fiber_0598.png,fiber,0,train,C:\Users\hs085\Downloads\MICROPLASTIC_DETECTOR-main\MICROPLASTIC_DETECTOR-main\dataset\train\fiber\fiber_0598.png
fiber_0599.png,fiber,0,train,C:\Users\hs085\Downloads\MICROPLASTIC_DETECTOR-main\MICROPLASTIC_DETECTOR-main\dataset\train\fiber\fiber_0599.png
fiber_0600.png,fiber,0,train,C:\Users\hs085\Downloads\MICROPLASTIC_DETECTOR-main\MICROPLASTIC_DETECTOR-main\dataset\train\fiber\fiber_0600.png
fiber_0601.png,fiber,0,train,C:\Users\hs085\Downloads\MICROPLASTIC_DETECTOR-main\MICROPLASTIC_DETECTOR-main\dataset\train\fiber\fiber_0601.png
fiber_0602.png,fiber,0,train,C:\Users\hs085\Downloads\MICROPLASTIC_DETECTOR-main\MICROPLASTIC_DETECTOR-main\dataset\train\fiber\fiber_0602.png
fiber_0603.png,fiber,0,train,C:\Users\hs085\Downloads\MICROPLASTIC_DETECTOR-main\MICROPLASTIC_DETECTOR-main\dataset\train\fiber\fiber_0603.png
fiber_0604.png,fiber,0,train,C:\Users\hs085\Downloads\MICROPLASTIC_DETECTOR-main\MICROPLASTIC_DETECTOR-main\dataset\train\fiber\fiber_0604.png
fiber_0605.png,fiber,0,train,C:\Users\hs085\Downloads\MICROPLASTIC_DETECTOR-main\MICROPLASTIC_DETECTOR-main\dataset\train\fiber\fiber_0605.png
fiber_0606.png,fiber,0,train,C:\Users\hs085\Downloads\MICROPLASTIC_DETECTOR-main\MICROPLASTIC_DETECTOR-main\dataset\train\fiber\fiber_0606.png
fiber_0607.png,fiber,0,train,C:\Users\hs085\Downloads\MICROPLASTIC_DETECTOR-main\MICROPLASTIC_DETECTOR-main\dataset\train\fiber\fiber_0607.png
fiber_0608.png,fiber,0,train,C:\Users\hs085\Downloads\MICROPLASTIC_DETECTOR-main\MICROPLASTIC_DETECTOR-main\dataset\train\fiber\fiber_0608.png
fiber_0609.png,fiber,0,train,C:\Users\hs085\Downloads\MICROPLASTIC_DETECTOR-main\MICROPLASTIC_DETECTOR-main\dataset\train\fiber\fiber_0609.png
fiber_0610.png,fiber,0,train,C:\Users\hs085\Downloads\MICROPLASTIC_DETECTOR-main\MICROPLASTIC_DETECTOR-main\dataset\train\fiber\fiber_0610.png
fiber_0611.png,fiber,0,train,C:\Users\hs085\Downloads\MICROPLASTIC_DETECTOR-main\MICROPLASTIC_DETECTOR-main\dataset\train\fiber\fiber_0611.png
fiber_0612.png,fiber,0,train,C:\Users\hs085\Downloads\MICROPLASTIC_DETECTOR-main\MICROPLASTIC_DETECTOR-main\dataset\train\fiber\fiber_0612.png
fiber_0613.png,fiber,0,train,C:\Users\hs085\Downloads\MICROPLASTIC_DETECTOR-main\MICROPLASTIC_DETECTOR-main\dataset\train\fiber\fiber_0613.png
fiber_0614.png,fiber,0,train,C:\Users\hs085\Downloads\MICROPLASTIC_DETECTOR-main\MICROPLASTIC_DETECTOR-main\dataset\train\fiber\fiber_0614.png
fiber_0615.png,fiber,0,train,C:\Users\hs085\Downloads\MICROPLASTIC_DETECTOR-main\MICROPLASTIC_DETECTOR-main\dataset\train\fiber\fiber_0615.png
fiber_0616.png,fiber,0,train,C:\Users\hs085\Downloads\MICROPLASTIC_DETECTOR-main\MICROPLASTIC_DETECTOR-main\dataset\train\fiber\fiber_0616.png
fiber_0617.png,fiber,0,train,C:\Users\hs085\Downloads\MICROPLASTIC_DETECTOR-main\MICROPLASTIC_DETECTOR-main\dataset\train\fiber\fiber_0617.png
fiber_0618.png,fiber,0,train,C:\Users\hs085\Downloads\MICROPLASTIC_DETECTOR-main\MICROPLASTIC_DETECTOR-main\dataset\train\fiber\fiber_0618.png
fiber_0619.png,fiber,0,train,C:\Users\hs085\Downloads\MICROPLASTIC_DETECTOR-main\MICROPLASTIC_DETECTOR-main\dataset\train\fiber\fiber_0619.png
fiber_0620.png,fiber,0,train,C:\Users\hs085\Downloads\MICROPLASTIC_DETECTOR-main\MICROPLASTIC_DETECTOR-main\dataset\train\fiber\fiber_0620.png
fiber_0621.png,fiber,0,train,C:\Users\hs085\Downloads\MICROPLASTIC_DETECTOR-main\MICROPLASTIC_DETECTOR-main\dataset\train\fiber\fiber_0621.png
fiber_0622.png,fiber,0,train,C:\Users\hs085\Downloads\MICROPLASTIC_DETECTOR-main\MICROPLASTIC_DETECTOR-main\dataset\train\fiber\fiber_0622.png
fiber_0623.png,fiber,0,train,C:\Users\hs085\Downloads\MICROPLASTIC_DETECTOR-main\MICROPLASTIC_DETECTOR-main\dataset\train\fiber\fiber_0623.png
fiber_0624.png,fiber,0,train,C:\Users\hs085\Downloads\MICROPLASTIC_DETECTOR-main\MICROPLASTIC_DETECTOR-main\dataset\train\fiber\fiber_0624.png
fiber_0625.png,fiber,0,train,C:\Users\hs085\Downloads\MICROPLASTIC_DETECTOR-main\MICROPLASTIC_DETECTOR-main\dataset\train\fiber\fiber_0625.png
fiber_0626.png,fiber,0,train,C:\Users\hs085\Downloads\MICROPLASTIC_DETECTOR-main\MICROPLASTIC_DETECTOR-main\dataset\train\fiber\fiber_0626.png
fiber_0627.png,fiber,0,train,C:\Users\hs085\Downloads\MICROPLASTIC_DETECTOR-main\MICROPLASTIC_DETECTOR-main\dataset\train\fiber\fiber_0627.png
fiber_0628.png,fiber,0,train,C:\Users\hs085\Downloads\MICROPLASTIC_DETECTOR-main\MICROPLASTIC_DETECTOR-main\dataset\train\fiber\fiber_0628.png
fiber_0629.png,fiber,0,train,C:\Users\hs085\Downloads\MICROPLASTIC_DETECTOR-main\MICROPLASTIC_DETECTOR-main\dataset\train\fiber\fiber_0629.png
fiber_0630.png,fiber,0,train,C:\Users\hs085\Downloads\MICROPLASTIC_DETECTOR-main\MICROPLASTIC_DETECTOR-main\dataset\train\fiber\fiber_0630.png
fiber_0631.png,fiber,0,train,C:\Users\hs085\Downloads\MICROPLASTIC_DETECTOR-main\MICROPLASTIC_DETECTOR-main\dataset\train\fiber\fiber_0631.png
fiber_0632.png,fiber,0,train,C:\Users\hs085\Downloads\MICROPLASTIC_DETECTOR-main\MICROPLASTIC_DETECTOR-main\dataset\train\fiber\fiber_0632.png
fiber_0633.png,fiber,0,train,C:\Users\hs085\Downloads\MICROPLASTIC_DETECTOR-main\MICROPLASTIC_DETECTOR-main\dataset\train\fiber\fiber_0633.png
fiber_0634.png,fiber,0,train,C:\Users\hs085\Downloads\MICROPLASTIC_DETECTOR-main\MICROPLASTIC_DETECTOR-main\dataset\train\fiber\fiber_0634.png
fiber_0635.png,fiber,0,train,C:\Users\hs085\Downloads\MICROPLASTIC_DETECTOR-main\MICROPLASTIC_DETECTOR-main\dataset\train\fiber\fiber_0635.png
fiber_0636.png,fiber,0,train,C:\Users\hs085\Downloads\MICROPLASTIC_DETECTOR-main\MICROPLASTIC_DETECTOR-main\dataset\train\fiber\fiber_0636.png
fiber_0637.png,fiber,0,train,C:\Users\hs085\Downloads\MICROPLASTIC_DETECTOR-main\MICROPLASTIC_DETECTOR-main\dataset\train\fiber\fiber_0637.png
fiber_0638.png,fiber,0,train,C:\Users\hs085\Downloads\MICROPLASTIC_DETECTOR-main\MICROPLASTIC_DETECTOR-main\dataset\train\fiber\fiber_0638.png
fiber_0639.png,fiber,0,train,C:\Users\hs085\Downloads\MICROPLASTIC_DETECTOR-main\MICROPLASTIC_DETECTOR-main\dataset\train\fiber\fiber_0639.png
fiber_0640.png,fiber,0,train,C:\Users\hs085\Downloads\MICROPLASTIC_DETECTOR-main\MICROPLASTIC_DETECTOR-main\dataset\train\fiber\fiber_0640.png
fiber_0641.png,fiber,0,train,C:\Users\hs085\Downloads\MICROPLASTIC_DETECTOR-main\MICROPLASTIC_DETECTOR-main\dataset\train\fiber\fiber_0641.png
fiber_0642.png,fiber,0,train,C:\Users\hs085\Downloads\MICROPLASTIC_DETECTOR-main\MICROPLASTIC_DETECTOR-main\dataset\train\fiber\fiber_0642.png
fiber_0643.png,fiber,0,train,C:\Users\hs085\Downloads\MICROPLASTIC_DETECTOR-main\MICROPLASTIC_DETECTOR-main\dataset\train\fiber\fiber_0643.png
fiber_0644.png,fiber,0,train,C:\Users\hs085\Downloads\MICROPLASTIC_DETECTOR-main\MICROPLASTIC_DETECTOR-main\dataset\train\fiber\fiber_0644.png
fiber_0645.png,fiber,0,train,C:\Users\hs085\Downloads\MICROPLASTIC_DETECTOR-main\MICROPLASTIC_DETECTOR-main\dataset\train\fiber\fiber_0645.png
fiber_0646.png,fiber,0,train,C:\Users\hs085\Downloads\MICROPLASTIC_DETECTOR-main\MICROPLASTIC_DETECTOR-main\dataset\train\fiber\fiber_0646.png
fiber_0647.png,fiber,0,train,C:\Users\hs085\Downloads\MICROPLASTIC_DETECTOR-main\MICROPLASTIC_DETECTOR-main\dataset\train\fiber\fiber_0647.png
fiber_0648.png,fiber,0,train,C:\Users\hs085\Downloads\MICROPLASTIC_DETECTOR-main\MICROPLASTIC_DETECTOR-main\dataset\train\fiber\fiber_0648.png
fiber_0649.png,fiber,0,train,C:\Users\hs085\Downloads\MICROPLASTIC_DETECTOR-main\MICROPLASTIC_DETECTOR-main\dataset\train\fiber\fiber_0649.png
fiber_0650.png,fiber,0,train,C:\Users\hs085\Downloads\MICROPLASTIC_DETECTOR-main\MICROPLASTIC_DETECTOR-main\dataset\train\fiber\fiber_0650.png
fiber_0651.png,fiber,0,train,C:\Users\hs085\Downloads\MICROPLASTIC_DETECTOR-main\MICROPLASTIC_DETECTOR-main\dataset\train\fiber\fiber_0651.png
fiber_0652.png,fiber,0,train,C:\Users\hs085\Downloads\MICROPLASTIC_DETECTOR-main\MICROPLASTIC_DETECTOR-main\dataset\train\fiber\fiber_0652.png
fiber_0653.png,fiber,0,train,C:\Users\hs085\Downloads\MICROPLASTIC_DETECTOR-main\MICROPLASTIC_DETECTOR-main\dataset\train\fiber\fiber_0653.png
fiber_0654.png,fiber,0,train,C:\Users\hs085\Downloads\MICROPLASTIC_DETECTOR-main\MICROPLASTIC_DETECTOR-main\dataset\train\fiber\fiber_0654.png
fiber_0655.png,fiber,0,train,C:\Users\hs085\Downloads\MICROPLASTIC_DETECTOR-main\MICROPLASTIC_DETECTOR-main\dataset\train\fiber\fiber_0655.png
fiber_0656.png,fiber,0,train,C:\Users\hs085\Downloads\MICROPLASTIC_DETECTOR-main\MICROPLASTIC_DETECTOR-main\dataset\train\fiber\fiber_0656.png
fiber_0657.png,fiber,0,train,C:\Users\hs085\Downloads\MICROPLASTIC_DETECTOR-main\MICROPLASTIC_DETECTOR-main\dataset\train\fiber\fiber_0657.png
fiber_0658.png,fiber,0,train,C:\Users\hs085\Downloads\MICROPLASTIC_DETECTOR-main\MICROPLASTIC_DETECTOR-main\dataset\train\fiber\fiber_0658.png
fiber_0659.png,fiber,0,train,C:\Users\hs085\Downloads\MICROPLASTIC_DETECTOR-main\MICROPLASTIC_DETECTOR-main\dataset\train\fiber\fiber_0659.png
fiber_0660.png,fiber,0,train,C:\Users\hs085\Downloads\MICROPLASTIC_DETECTOR-main\MICROPLASTIC_DETECTOR-main\dataset\train\fiber\fiber_0660.png
fiber_0661.png,fiber,0,train,C:\Users\hs085\Downloads\MICROPLASTIC_DETECTOR-main\MICROPLASTIC_DETECTOR-main\dataset\train\fiber\fiber_0661.png
fiber_0662.png,fiber,0,train,C:\Users\hs085\Downloads\MICROPLASTIC_DETECTOR-main\MICROPLASTIC_DETECTOR-main\dataset\train\fiber\fiber_0662.png
fiber_0663.png,fiber,0,train,C:\Users\hs085\Downloads\MICROPLASTIC_DETECTOR-main\MICROPLASTIC_DETECTOR-main\dataset\train\fiber\fiber_0663.png
fiber_0664.png,fiber,0,train,C:\Users\hs085\Downloads\MICROPLASTIC_DETECTOR-main\MICROPLASTIC_DETECTOR-main\dataset\train\fiber\fiber_0664.png
fiber_0665.png,fiber,0,train,C:\Users\hs085\Downloads\MICROPLASTIC_DETECTOR-main\MICROPLASTIC_DETECTOR-main\dataset\train\fiber\fiber_0665.png
fiber_0666.png,fiber,0,train,C:\Users\hs085\Downloads\MICROPLASTIC_DETECTOR-main\MICROPLASTIC_DETECTOR-main\dataset\train\fiber\fiber_0666.png
fiber_0667.png,fiber,0,train,C:\Users\hs085\Downloads\MICROPLASTIC_DETECTOR-main\MICROPLASTIC_DETECTOR-main\dataset\train\fiber\fiber_0667.png
fiber_0668.png,fiber,0,train,C:\Users\hs085\Downloads\MICROPLASTIC_DETECTOR-main\MICROPLASTIC_DETECTOR-main\dataset\train\fiber\fiber_0668.png
fiber_0669.png,fiber,0,train,C:\Users\hs085\Downloads\MICROPLASTIC_DETECTOR-main\MICROPLASTIC_DETECTOR-main\dataset\train\fiber\fiber_0669.png
fiber_0670.png,fiber,0,train,C:\Users\hs085\Downloads\MICROPLASTIC_DETECTOR-main\MICROPLASTIC_DETECTOR-main\dataset\train\fiber\fiber_0670.png
fiber_0671.png,fiber,0,train,C:\Users\hs085\Downloads\MICROPLASTIC_DETECTOR-main\MICROPLASTIC_DETECTOR-main\dataset\train\fiber\fiber_0671.png
fiber_0672.png,fiber,0,train,C:\Users\hs085\Downloads\MICROPLASTIC_DETECTOR-main\MICROPLASTIC_DETECTOR-main\dataset\train\fiber\fiber_0672.png
fiber_0673.png,fiber,0,train,C:\Users\hs085\Downloads\MICROPLASTIC_DETECTOR-main\MICROPLASTIC_DETECTOR-main\dataset\train\fiber\fiber_0673.png
fiber_0674.png,fiber,0,train,C:\Users\hs085\Downloads\MICROPLASTIC_DETECTOR-main\MICROPLASTIC_DETECTOR-main\dataset\train\fiber\fiber_0674.png
fiber_0675.png,fiber,0,train,C:\Users\hs085\Downloads\MICROPLASTIC_DETECTOR-main\MICROPLASTIC_DETECTOR-main\dataset\train\fiber\fiber_0675.png
fiber_0676.png,fiber,0,train,C:\Users\hs085\Downloads\MICROPLASTIC_DETECTOR-main\MICROPLASTIC_DETECTOR-main\dataset\train\fiber\fiber_0676.png
fiber_0677.png,fiber,0,train,C:\Users\hs085\Downloads\MICROPLASTIC_DETECTOR-main\MICROPLASTIC_DETECTOR-main\dataset\train\fiber\fiber_0677.png
fiber_0678.png,fiber,0,train,C:\Users\hs085\Downloads\MICROPLASTIC_DETECTOR-main\MICROPLASTIC_DETECTOR-main\dataset\train\fiber\fiber_0678.png
fiber_0679.png,fiber,0,train,C:\Users\hs085\Downloads\MICROPLASTIC_DETECTOR-main\MICROPLASTIC_DETECTOR-main\dataset\train\fiber\fiber_0679.png
fiber_0680.png,fiber,0,test,C:\Users\hs085\Downloads\MICROPLASTIC_DETECTOR-main\MICROPLASTIC_DETECTOR-main\dataset\test\fiber\fiber_0680.png
fiber_0681.png,fiber,0,test,C:\Users\hs085\Downloads\MICROPLASTIC_DETECTOR-main\MICROPLASTIC_DETECTOR-main\dataset\test\fiber\fiber_0681.png
fiber_0682.png,fiber,0,test,C:\Users\hs085\Downloads\MICROPLASTIC_DETECTOR-main\MICROPLASTIC_DETECTOR-main\dataset\test\fiber\fiber_0682.png
fiber_0683.png,fiber,0,test,C:\Users\hs085\Downloads\MICROPLASTIC_DETECTOR-main\MICROPLASTIC_DETECTOR-main\dataset\test\fiber\fiber_0683.png
fiber_0684.png,fiber,0,test,C:\Users\hs085\Downloads\MICROPLASTIC_DETECTOR-main\MICROPLASTIC_DETECTOR-main\dataset\test\fiber\fiber_0684.png
fiber_0685.png,fiber,0,test,C:\Users\hs085\Downloads\MICROPLASTIC_DETECTOR-main\MICROPLASTIC_DETECTOR-main\dataset\test\fiber\fiber_0685.png
fiber_0686.png,fiber,0,test,C:\Users\hs085\Downloads\MICROPLASTIC_DETECTOR-main\MICROPLASTIC_DETECTOR-main\dataset\test\fiber\fiber_0686.png
fiber_0687.png,fiber,0,test,C:\Users\hs085\Downloads\MICROPLASTIC_DETECTOR-main\MICROPLASTIC_DETECTOR-main\dataset\test\fiber\fiber_0687.png
fiber_0688.png,fiber,0,test,C:\Users\hs085\Downloads\MICROPLASTIC_DETECTOR-main\MICROPLASTIC_DETECTOR-main\dataset\test\fiber\fiber_0688.png
fiber_0689.png,fiber,0,test,C:\Users\hs085\Downloads\MICROPLASTIC_DETECTOR-main\MICROPLASTIC_DETECTOR-main\dataset\test\fiber\fiber_0689.png
fiber_0690.png,fiber,0,test,C:\Users\hs085\Downloads\MICROPLASTIC_DETECTOR-main\MICROPLASTIC_DETECTOR-main\dataset\test\fiber\fiber_0690.png
fiber_0691.png,fiber,0,test,C:\Users\hs085\Downloads\MICROPLASTIC_DETECTOR-main\MICROPLASTIC_DETECTOR-main\dataset\test\fiber\fiber_0691.png
fiber_0692.png,fiber,0,test,C:\Users\hs085\Downloads\MICROPLASTIC_DETECTOR-main\MICROPLASTIC_DETECTOR-main\dataset\test\fiber\fiber_0692.png
fiber_0693.png,fiber,0,test,C:\Users\hs085\Downloads\MICROPLASTIC_DETECTOR-main\MICROPLASTIC_DETECTOR-main\dataset\test\fiber\fiber_0693.png
fiber_0694.png,fiber,0,test,C:\Users\hs085\Downloads\MICROPLASTIC_DETECTOR-main\MICROPLASTIC_DETECTOR-main\dataset\test\fiber\fiber_0694.png
fiber_0695.png,fiber,0,test,C:\Users\hs085\Downloads\MICROPLASTIC_DETECTOR-main\MICROPLASTIC_DETECTOR-main\dataset\test\fiber\fiber_0695.png
fiber_0696.png,fiber,0,test,C:\Users\hs085\Downloads\MICROPLASTIC_DETECTOR-main\MICROPLASTIC_DETECTOR-main\dataset\test\fiber\fiber_0696.png
fiber_0697.png,fiber,0,test,C:\Users\hs085\Downloads\MICROPLASTIC_DETECTOR-main\MICROPLASTIC_DETECTOR-main\dataset\test\fiber\fiber_0697.png
fiber_0698.png,fiber,0,test,C:\Users\hs085\Downloads\MICROPLASTIC_DETECTOR-main\MICROPLASTIC_DETECTOR-main\dataset\test\fiber\fiber_0698.png
fiber_0699.png,fiber,0,test,C:\Users\hs085\Downloads\MICROPLASTIC_DETECTOR-main\MICROPLASTIC_DETECTOR-main\dataset\test\fiber\fiber_0699.png
fiber_0700.png,fiber,0,test,C:\Users\hs085\Downloads\MICROPLASTIC_DETECTOR-main\MICROPLASTIC_DETECTOR-main\dataset\test\fiber\fiber_0700.png
fiber_0701.png,fiber,0,test,C:\Users\hs085\Downloads\MICROPLASTIC_DETECTOR-main\MICROPLASTIC_DETECTOR-main\dataset\test\fiber\fiber_0701.png
fiber_0702.png,fiber,0,test,C:\Users\hs085\Downloads\MICROPLASTIC_DETECTOR-main\MICROPLASTIC_DETECTOR-main\dataset\test\fiber\fiber_0702.png
fiber_0703.png,fiber,0,test,C:\Users\hs085\Downloads\MICROPLASTIC_DETECTOR-main\MICROPLASTIC_DETECTOR-main\dataset\test\fiber\fiber_0703.png
fiber_0704.png,fiber,0,test,C:\Users\hs085\Downloads\MICROPLASTIC_DETECTOR-main\MICROPLASTIC_DETECTOR-main\dataset\test\fiber\fiber_0704.png
fiber_0705.png,fiber,0,test,C:\Users\hs085\Downloads\MICROPLASTIC_DETECTOR-main\MICROPLASTIC_DETECTOR-main\dataset\test\fiber\fiber_0705.png
fiber_0706.png,fiber,0,test,C:\Users\hs085\Downloads\MICROPLASTIC_DETECTOR-main\MICROPLASTIC_DETECTOR-main\dataset\test\fiber\fiber_0706.png
fiber_0707.png,fiber,0,test,C:\Users\hs085\Downloads\MICROPLASTIC_DETECTOR-main\MICROPLASTIC_DETECTOR-main\dataset\test\fiber\fiber_0707.png
fiber_0708.png,fiber,0,test,C:\Users\hs085\Downloads\MICROPLASTIC_DETECTOR-main\MICROPLASTIC_DETECTOR-main\dataset\test\fiber\fiber_0708.png
fiber_0709.png,fiber,0,test,C:\Users\hs085\Downloads\MICROPLASTIC_DETECTOR-main\MICROPLASTIC_DETECTOR-main\dataset\test\fiber\fiber_0709.png
fiber_0710.png,fiber,0,test,C:\Users\hs085\Downloads\MICROPLASTIC_DETECTOR-main\MICROPLASTIC_DETECTOR-main\dataset\test\fiber\fiber_0710.png
fiber_0711.png,fiber,0,test,C:\Users\hs085\Downloads\MICROPLASTIC_DETECTOR-main\MICROPLASTIC_DETECTOR-main\dataset\test\fiber\fiber_0711.png
fiber_0712.png,fiber,0,test,C:\Users\hs085\Downloads\MICROPLASTIC_DETECTOR-main\MICROPLASTIC_DETECTOR-main\dataset\test\fiber\fiber_0712.png
fiber_0713.png,fiber,0,test,C:\Users\hs085\Downloads\MICROPLASTIC_DETECTOR-main\MICROPLASTIC_DETECTOR-main\dataset\test\fiber\fiber_0713.png
fiber_0714.png,fiber,0,test,C:\Users\hs085\Downloads\MICROPLASTIC_DETECTOR-main\MICROPLASTIC_DETECTOR-main\dataset\test\fiber\fiber_0714.png
fiber_0715.png,fiber,0,test,C:\Users\hs085\Downloads\MICROPLASTIC_DETECTOR-main\MICROPLASTIC_DETECTOR-main\dataset\test\fiber\fiber_0715.png
fiber_0716.png,fiber,0,test,C:\Users\hs085\Downloads\MICROPLASTIC_DETECTOR-main\MICROPLASTIC_DETECTOR-main\dataset\test\fiber\fiber_0716.png
fiber_0717.png,fiber,0,test,C:\Users\hs085\Downloads\MICROPLASTIC_DETECTOR-main\MICROPLASTIC_DETECTOR-main\dataset\test\fiber\fiber_0717.png
fiber_0718.png,fiber,0,test,C:\Users\hs085\Downloads\MICROPLASTIC_DETECTOR-main\MICROPLASTIC_DETECTOR-main\dataset\test\fiber\fiber_0718.png
fiber_0719.png,fiber,0,test,C:\Users\hs085\Downloads\MICROPLASTIC_DETECTOR-main\MICROPLASTIC_DETECTOR-main\dataset\test\fiber\fiber_0719.png
fiber_0720.png,fiber,0,test,C:\Users\hs085\Downloads\MICROPLASTIC_DETECTOR-main\MICROPLASTIC_DETECTOR-main\dataset\test\fiber\fiber_0720.png
fiber_0721.png,fiber,0,test,C:\Users\hs085\Downloads\MICROPLASTIC_DETECTOR-main\MICROPLASTIC_DETECTOR-main\dataset\test\fiber\fiber_0721.png
fiber_0722.png,fiber,0,test,C:\Users\hs085\Downloads\MICROPLASTIC_DETECTOR-main\MICROPLASTIC_DETECTOR-main\dataset\test\fiber\fiber_0722.png
fiber_0723.png,fiber,0,test,C:\Users\hs085\Downloads\MICROPLASTIC_DETECTOR-main\MICROPLASTIC_DETECTOR-main\dataset\test\fiber\fiber_0723.png
fiber_0724.png,fiber,0,test,C:\Users\hs085\Downloads\MICROPLASTIC_DETECTOR-main\MICROPLASTIC_DETECTOR-main\dataset\test\fiber\fiber_0724.png
fiber_0725.png,fiber,0,test,C:\Users\hs085\Downloads\MICROPLASTIC_DETECTOR-main\MICROPLASTIC_DETECTOR-main\dataset\test\fiber\fiber_0725.png
fiber_0726.png,fiber,0,test,C:\Users\hs085\Downloads\MICROPLASTIC_DETECTOR-main\MICROPLASTIC_DETECTOR-main\dataset\test\fiber\fiber_0726.png
fiber_0727.png,fiber,0,test,C:\Users\hs085\Downloads\MICROPLASTIC_DETECTOR-main\MICROPLASTIC_DETECTOR-main\dataset\test\fiber\fiber_0727.png
fiber_0728.png,fiber,0,test,C:\Users\hs085\Downloads\MICROPLASTIC_DETECTOR-main\MICROPLASTIC_DETECTOR-main\dataset\test\fiber\fiber_0728.png
fiber_0729.png,fiber,0,test,C:\Users\hs085\Downloads\MICROPLASTIC_DETECTOR-main\MICROPLASTIC_DETECTOR-main\dataset\test\fiber\fiber_0729.png
fiber_0730.png,fiber,0,test,C:\Users\hs085\Downloads\MICROPLASTIC_DETECTOR-main\MICROPLASTIC_DETECTOR-main\dataset\test\fiber\fiber_0730.png
fiber_0731.png,fiber,0,test,C:\Users\hs085\Downloads\MICROPLASTIC_DETECTOR-main\MICROPLASTIC_DETECTOR-main\dataset\test\fiber\fiber_0731.png
fiber_0732.png,fiber,0,test,C:\Users\hs085\Downloads\MICROPLASTIC_DETECTOR-main\MICROPLASTIC_DETECTOR-main\dataset\test\fiber\fiber_0732.png
fiber_0733.png,fiber,0,test,C:\Users\hs085\Downloads\MICROPLASTIC_DETECTOR-main\MICROPLASTIC_DETECTOR-main\dataset\test\fiber\fiber_0733.png
fiber_0734.png,fiber,0,test,C:\Users\hs085\Downloads\MICROPLASTIC_DETECTOR-main\MICROPLASTIC_DETECTOR-main\dataset\test\fiber\fiber_0734.png
fiber_0735.png,fiber,0,test,C:\Users\hs085\Downloads\MICROPLASTIC_DETECTOR-main\MICROPLASTIC_DETECTOR-main\dataset\test\fiber\fiber_0735.png
fiber_0736.png,fiber,0,test,C:\Users\hs085\Downloads\MICROPLASTIC_DETECTOR-main\MICROPLASTIC_DETECTOR-main\dataset\test\fiber\fiber_0736.png
fiber_0737.png,fiber,0,test,C:\Users\hs085\Downloads\MICROPLASTIC_DETECTOR-main\MICROPLASTIC_DETECTOR-main\dataset\test\fiber\fiber_0737.png
fiber_0738.png,fiber,0,test,C:\Users\hs085\Downloads\MICROPLASTIC_DETECTOR-main\MICROPLASTIC_DETECTOR-main\dataset\test\fiber\fiber_0738.png
fiber_0739.png,fiber,0,test,C:\Users\hs085\Downloads\MICROPLASTIC_DETECTOR-main\MICROPLASTIC_DETECTOR-main\dataset\test\fiber\fiber_0739.png
fiber_0740.png,fiber,0,test,C:\Users\hs085\Downloads\MICROPLASTIC_DETECTOR-main\MICROPLASTIC_DETECTOR-main\dataset\test\fiber\fiber_0740.png
fiber_0741.png,fiber,0,test,C:\Users\hs085\Downloads\MICROPLASTIC_DETECTOR-main\MICROPLASTIC_DETECTOR-main\dataset\test\fiber\fiber_0741.png
fiber_0742.png,fiber,0,test,C:\Users\hs085\Downloads\MICROPLASTIC_DETECTOR-main\MICROPLASTIC_DETECTOR-main\dataset\test\fiber\fiber_0742.png
fiber_0743.png,fiber,0,test,C:\Users\hs085\Downloads\MICROPLASTIC_DETECTOR-main\MICROPLASTIC_DETECTOR-main\dataset\test\fiber\fiber_0743.png
fiber_0744.png,fiber,0,test,C:\Users\hs085\Downloads\MICROPLASTIC_DETECTOR-main\MICROPLASTIC_DETECTOR-main\dataset\test\fiber\fiber_0744.png
fiber_0745.png,fiber,0,test,C:\Users\hs085\Downloads\MICROPLASTIC_DETECTOR-main\MICROPLASTIC_DETECTOR-main\dataset\test\fiber\fiber_0745.png
fiber_0746.png,fiber,0,test,C:\Users\hs085\Downloads\MICROPLASTIC_DETECTOR-main\MICROPLASTIC_DETECTOR-main\dataset\test\fiber\fiber_0746.png
fiber_0747.png,fiber,0,test,C:\Users\hs085\Downloads\MICROPLASTIC_DETECTOR-main\MICROPLASTIC_DETECTOR-main\dataset\test\fiber\fiber_0747.png
fiber_0748.png,fiber,0,test,C:\Users\hs085\Downloads\MICROPLASTIC_DETECTOR-main\MICROPLASTIC_DETECTOR-main\dataset\test\fiber\fiber_0748.png
fiber_0749.png,fiber,0,test,C:\Users\hs085\Downloads\MICROPLASTIC_DETECTOR-main\MICROPLASTIC_DETECTOR-main\dataset\test\fiber\fiber_0749.png
fiber_0750.png,fiber,0,test,C:\Users\hs085\Downloads\MICROPLASTIC_DETECTOR-main\MICROPLASTIC_DETECTOR-main\dataset\test\fiber\fiber_0750.png
fiber_0751.png,fiber,0,test,C:\Users\hs085\Downloads\MICROPLASTIC_DETECTOR-main\MICROPLASTIC_DETECTOR-main\dataset\test\fiber\fiber_0751.png
fiber_0752.png,fiber,0,test,C:\Users\hs085\Downloads\MICROPLASTIC_DETECTOR-main\MICROPLASTIC_DETECTOR-main\dataset\test\fiber\fiber_0752.png
fiber_0753.png,fiber,0,test,C:\Users\hs085\Downloads\MICROPLASTIC_DETECTOR-main\MICROPLASTIC_DETECTOR-main\dataset\test\fiber\fiber_0753.png
fiber_0754.png,fiber,0,test,C:\Users\hs085\Downloads\MICROPLASTIC_DETECTOR-main\MICROPLASTIC_DETECTOR-main\dataset\test\fiber\fiber_0754.png
fiber_0755.png,fiber,0,test,C:\Users\hs085\Downloads\MICROPLASTIC_DETECTOR-main\MICROPLASTIC_DETECTOR-main\dataset\test\fiber\fiber_0755.png
fiber_0756.png,fiber,0,test,C:\Users\hs085\Downloads\MICROPLASTIC_DETECTOR-main\MICROPLASTIC_DETECTOR-main\dataset\test\fiber\fiber_0756.png
fiber_0757.png,fiber,0,test,C:\Users\hs085\Downloads\MICROPLASTIC_DETECTOR-main\MICROPLASTIC_DETECTOR-main\dataset\test\fiber\fiber_0757.png
fiber_0758.png,fiber,0,test,C:\Users\hs085\Downloads\MICROPLASTIC_DETECTOR-main\MICROPLASTIC_DETECTOR-main\dataset\test\fiber\fiber_0758.png
fiber_0759.png,fiber,0,test,C:\Users\hs085\Downloads\MICROPLASTIC_DETECTOR-main\MICROPLASTIC_DETECTOR-main\dataset\test\fiber\fiber_0759.png
fiber_0760.png,fiber,0,test,C:\Users\hs085\Downloads\MICROPLASTIC_DETECTOR-main\MICROPLASTIC_DETECTOR-main\dataset\test\fiber\fiber_0760.png
fiber_0761.png,fiber,0,test,C:\Users\hs085\Downloads\MICROPLASTIC_DETECTOR-main\MICROPLASTIC_DETECTOR-main\dataset\test\fiber\fiber_0761.png
fiber_0762.png,fiber,0,test,C:\Users\hs085\Downloads\MICROPLASTIC_DETECTOR-main\MICROPLASTIC_DETECTOR-main\dataset\test\fiber\fiber_0762.png
fiber_0763.png,fiber,0,test,C:\Users\hs085\Downloads\MICROPLASTIC_DETECTOR-main\MICROPLASTIC_DETECTOR-main\dataset\test\fiber\fiber_0763.png
fiber_0764.png,fiber,0,test,C:\Users\hs085\Downloads\MICROPLASTIC_DETECTOR-main\MICROPLASTIC_DETECTOR-main\dataset\test\fiber\fiber_0764.png
fiber_0765.png,fiber,0,test,C:\Users\hs085\Downloads\MICROPLASTIC_DETECTOR-main\MICROPLASTIC_DETECTOR-main\dataset\test\fiber\fiber_0765.png
fiber_0766.png,fiber,0,test,C:\Users\hs085\Downloads\MICROPLASTIC_DETECTOR-main\MICROPLASTIC_DETECTOR-main\dataset\test\fiber\fiber_0766.png
fiber_0767.png,fiber,0,test,C:\Users\hs085\Downloads\MICROPLASTIC_DETECTOR-main\MICROPLASTIC_DETECTOR-main\dataset\test\fiber\fiber_0767.png
fiber_0768.png,fiber,0,test,C:\Users\hs085\Downloads\MICROPLASTIC_DETECTOR-main\MICROPLASTIC_DETECTOR-main\dataset\test\fiber\fiber_0768.png
fiber_0769.png,fiber,0,test,C:\Users\hs085\Downloads\MICROPLASTIC_DETECTOR-main\MICROPLASTIC_DETECTOR-main\dataset\test\fiber\fiber_0769.png
fiber_0770.png,fiber,0,test,C:\Users\hs085\Downloads\MICROPLASTIC_DETECTOR-main\MICROPLASTIC_DETECTOR-main\dataset\test\fiber\fiber_0770.png
fiber_0771.png,fiber,0,test,C:\Users\hs085\Downloads\MICROPLASTIC_DETECTOR-main\MICROPLASTIC_DETECTOR-main\dataset\test\fiber\fiber_0771.png
fiber_0772.png,fiber,0,test,C:\Users\hs085\Downloads\MICROPLASTIC_DETECTOR-main\MICROPLASTIC_DETECTOR-main\dataset\test\fiber\fiber_0772.png
fiber_0773.png,fiber,0,test,C:\Users\hs085\Downloads\MICROPLASTIC_DETECTOR-main\MICROPLASTIC_DETECTOR-main\dataset\test\fiber\fiber_0773.png
fiber_0774.png,fiber,0,test,C:\Users\hs085\Downloads\MICROPLASTIC_DETECTOR-main\MICROPLASTIC_DETECTOR-main\dataset\test\fiber\fiber_0774.png
fiber_0775.png,fiber,0,test,C:\Users\hs085\Downloads\MICROPLASTIC_DETECTOR-main\MICROPLASTIC_DETECTOR-main\dataset\test\fiber\fiber_0775.png
fiber_0776.png,fiber,0,test,C:\Users\hs085\Downloads\MICROPLASTIC_DETECTOR-main\MICROPLASTIC_DETECTOR-main\dataset\test\fiber\fiber_0776.png
fiber_0777.png,fiber,0,test,C:\Users\hs085\Downloads\MICROPLASTIC_DETECTOR-main\MICROPLASTIC_DETECTOR-main\dataset\test\fiber\fiber_0777.png
fiber_0778.png,fiber,0,test,C:\Users\hs085\Downloads\MICROPLASTIC_DETECTOR-main\MICROPLASTIC_DETECTOR-main\dataset\test\fiber\fiber_0778.png
fiber_0779.png,fiber,0,test,C:\Users\hs085\Downloads\MICROPLASTIC_DETECTOR-main\MICROPLASTIC_DETECTOR-main\dataset\test\fiber\fiber_0779.png
fiber_0780.png,fiber,0,test,C:\Users\hs085\Downloads\MICROPLASTIC_DETECTOR-main\MICROPLASTIC_DETECTOR-main\dataset\test\fiber\fiber_0780.png
fiber_0781.png,fiber,0,test,C:\Users\hs085\Downloads\MICROPLASTIC_DETECTOR-main\MICROPLASTIC_DETECTOR-main\dataset\test\fiber\fiber_0781.png
fiber_0782.png,fiber,0,test,C:\Users\hs085\Downloads\MICROPLASTIC_DETECTOR-main\MICROPLASTIC_DETECTOR-main\dataset\test\fiber\fiber_0782.png
fiber_0783.png,fiber,0,test,C:\Users\hs085\Downloads\MICROPLASTIC_DETECTOR-main\MICROPLASTIC_DETECTOR-main\dataset\test\fiber\fiber_0783.png
fiber_0784.png,fiber,0,test,C:\Users\hs085\Downloads\MICROPLASTIC_DETECTOR-main\MICROPLASTIC_DETECTOR-main\dataset\test\fiber\fiber_0784.png
fiber_0785.png,fiber,0,test,C:\Users\hs085\Downloads\MICROPLASTIC_DETECTOR-main\MICROPLASTIC_DETECTOR-main\dataset\test\fiber\fiber_0785.png
fiber_0786.png,fiber,0,test,C:\Users\hs085\Downloads\MICROPLASTIC_DETECTOR-main\MICROPLASTIC_DETECTOR-main\dataset\test\fiber\fiber_0786.png
fiber_0787.png,fiber,0,test,C:\Users\hs085\Downloads\MICROPLASTIC_DETECTOR-main\MICROPLASTIC_DETECTOR-main\dataset\test\fiber\fiber_0787.png
fiber_0788.png,fiber,0,test,C:\Users\hs085\Downloads\MICROPLASTIC_DETECTOR-main\MICROPLASTIC_DETECTOR-main\dataset\test\fiber\fiber_0788.png
fiber_0789.png,fiber,0,test,C:\Users\hs085\Downloads\MICROPLASTIC_DETECTOR-main\MICROPLASTIC_DETECTOR-main\dataset\test\fiber\fiber_0789.png
fiber_0790.png,fiber,0,test,C:\Users\hs085\Downloads\MICROPLASTIC_DETECTOR-main\MICROPLASTIC_DETECTOR-main\dataset\test\fiber\fiber_0790.png
fiber_0791.png,fiber,0,test,C:\Users\hs085\Downloads\MICROPLASTIC_DETECTOR-main\MICROPLASTIC_DETECTOR-main\dataset\test\fiber\fiber_0791.png
fiber_0792.png,fiber,0,test,C:\Users\hs085\Downloads\MICROPLASTIC_DETECTOR-main\MICROPLASTIC_DETECTOR-main\dataset\test\fiber\fiber_0792.png
fiber_0793.png,fiber,0,test,C:\Users\hs085\Downloads\MICROPLASTIC_DETECTOR-main\MICROPLASTIC_DETECTOR-main\dataset\test\fiber\fiber_0793.png
fiber_0794.png,fiber,0,test,C:\Users\hs085\Downloads\MICROPLASTIC_DETECTOR-main\MICROPLASTIC_DETECTOR-main\dataset\test\fiber\fiber_0794.png
fiber_0795.png,fiber,0,test,C:\Users\hs085\Downloads\MICROPLASTIC_DETECTOR-main\MICROPLASTIC_DETECTOR-main\dataset\test\fiber\fiber_0795.png
fiber_0796.png,fiber,0,test,C:\Users\hs085\Downloads\MICROPLASTIC_DETECTOR-main\MICROPLASTIC_DETECTOR-main\dataset\test\fiber\fiber_0796.png
fiber_0797.png,fiber,0,test,C:\Users\hs085\Downloads\MICROPLASTIC_DETECTOR-main\MICROPLASTIC_DETECTOR-main\dataset\test\fiber\fiber_0797.png
fiber_0798.png,fiber,0,test,C:\Users\hs085\Downloads\MICROPLASTIC_DETECTOR-main\MICROPLASTIC_DETECTOR-main\dataset\test\fiber\fiber_0798.png
fiber_0799.png,fiber,0,test,C:\Users\hs085\Downloads\MICROPLASTIC_DETECTOR-main\MICROPLASTIC_DETECTOR-main\dataset\test\fiber\fiber_0799.png
fiber_0800.png,fiber,0,test,C:\Users\hs085\Downloads\MICROPLASTIC_DETECTOR-main\MICROPLASTIC_DETECTOR-main\dataset\test\fiber\fiber_0800.png
fiber_0801.png,fiber,0,test,C:\Users\hs085\Downloads\MICROPLASTIC_DETECTOR-main\MICROPLASTIC_DETECTOR-main\dataset\test\fiber\fiber_0801.png
fiber_0802.png,fiber,0,test,C:\Users\hs085\Downloads\MICROPLASTIC_DETECTOR-main\MICROPLASTIC_DETECTOR-main\dataset\test\fiber\fiber_0802.png
fiber_0803.png,fiber,0,test,C:\Users\hs085\Downloads\MICROPLASTIC_DETECTOR-main\MICROPLASTIC_DETECTOR-main\dataset\test\fiber\fiber_0803.png
fiber_0804.png,fiber,0,test,C:\Users\hs085\Downloads\MICROPLASTIC_DETECTOR-main\MICROPLASTIC_DETECTOR-main\dataset\test\fiber\fiber_0804.png
fiber_0805.png,fiber,0,test,C:\Users\hs085\Downloads\MICROPLASTIC_DETECTOR-main\MICROPLASTIC_DETECTOR-main\dataset\test\fiber\fiber_0805.png
fiber_0806.png,fiber,0,test,C:\Users\hs085\Downloads\MICROPLASTIC_DETECTOR-main\MICROPLASTIC_DETECTOR-main\dataset\test\fiber\fiber_0806.png
fiber_0807.png,fiber,0,test,C:\Users\hs085\Downloads\MICROPLASTIC_DETECTOR-main\MICROPLASTIC_DETECTOR-main\dataset\test\fiber\fiber_0807.png
fiber_0808.png,fiber,0,test,C:\Users\hs085\Downloads\MICROPLASTIC_DETECTOR-main\MICROPLASTIC_DETECTOR-main\dataset\test\fiber\fiber_0808.png
fiber_0809.png,fiber,0,test,C:\Users\hs085\Downloads\MICROPLASTIC_DETECTOR-main\MICROPLASTIC_DETECTOR-main\dataset\test\fiber\fiber_0809.png
fiber_0810.png,fiber,0,test,C:\Users\hs085\Downloads\MICROPLASTIC_DETECTOR-main\MICROPLASTIC_DETECTOR-main\dataset\test\fiber\fiber_0810.png
fiber_0811.png,fiber,0,test,C:\Users\hs085\Downloads\MICROPLASTIC_DETECTOR-main\MICROPLASTIC_DETECTOR-main\dataset\test\fiber\fiber_0811.png
fiber_0812.png,fiber,0,test,C:\Users\hs085\Downloads\MICROPLASTIC_DETECTOR-main\MICROPLASTIC_DETECTOR-main\dataset\test\fiber\fiber_0812.png
fiber_0813.png,fiber,0,test,C:\Users\hs085\Downloads\MICROPLASTIC_DETECTOR-main\MICROPLASTIC_DETECTOR-main\dataset\test\fiber\fiber_0813.png
fiber_0814.png,fiber,0,test,C:\Users\hs085\Downloads\MICROPLASTIC_DETECTOR-main\MICROPLASTIC_DETECTOR-main\dataset\test\fiber\fiber_0814.png
fiber_0815.png,fiber,0,test,C:\Users\hs085\Downloads\MICROPLASTIC_DETECTOR-main\MICROPLASTIC_DETECTOR-main\dataset\test\fiber\fiber_0815.png
fiber_0816.png,fiber,0,test,C:\Users\hs085\Downloads\MICROPLASTIC_DETECTOR-main\MICROPLASTIC_DETECTOR-main\dataset\test\fiber\fiber_0816.png
fiber_0817.png,fiber,0,test,C:\Users\hs085\Downloads\MICROPLASTIC_DETECTOR-main\MICROPLASTIC_DETECTOR-main\dataset\test\fiber\fiber_0817.png
fiber_0818.png,fiber,0,test,C:\Users\hs085\Downloads\MICROPLASTIC_DETECTOR-main\MICROPLASTIC_DETECTOR-main\dataset\test\fiber\fiber_0818.png
fiber_0819.png,fiber,0,test,C:\Users\hs085\Downloads\MICROPLASTIC_DETECTOR-main\MICROPLASTIC_DETECTOR-main\dataset\test\fiber\fiber_0819.png
fiber_0820.png,fiber,0,test,C:\Users\hs085\Downloads\MICROPLASTIC_DETECTOR-main\MICROPLASTIC_DETECTOR-main\dataset\test\fiber\fiber_0820.png
fiber_0821.png,fiber,0,test,C:\Users\hs085\Downloads\MICROPLASTIC_DETECTOR-main\MICROPLASTIC_DETECTOR-main\dataset\test\fiber\fiber_0821.png
fiber_0822.png,fiber,0,test,C:\Users\hs085\Downloads\MICROPLASTIC_DETECTOR-main\MICROPLASTIC_DETECTOR-main\dataset\test\fiber\fiber_0822.png
fiber_0823.png,fiber,0,test,C:\Users\hs085\Downloads\MICROPLASTIC_DETECTOR-main\MICROPLASTIC_DETECTOR-main\dataset\test\fiber\fiber_0823.png
fiber_0824.png,fiber,0,test,C:\Users\hs085\Downloads\MICROPLASTIC_DETECTOR-main\MICROPLASTIC_DETECTOR-main\dataset\test\fiber\fiber_0824.png
fiber_0825.png,fiber,0,test,C:\Users\hs085\Downloads\MICROPLASTIC_DETECTOR-main\MICROPLASTIC_DETECTOR-main\dataset\test\fiber\fiber_0825.png
fiber_0826.png,fiber,0,test,C:\Users\hs085\Downloads\MICROPLASTIC_DETECTOR-main\MICROPLASTIC_DETECTOR-main\dataset\test\fiber\fiber_0826.png
fiber_0827.png,fiber,0,test,C:\Users\hs085\Downloads\MICROPLASTIC_DETECTOR-main\MICROPLASTIC_DETECTOR-main\dataset\test\fiber\fiber_0827.png
fiber_0828.png,fiber,0,test,C:\Users\hs085\Downloads\MICROPLASTIC_DETECTOR-main\MICROPLASTIC_DETECTOR-main\dataset\test\fiber\fiber_0828.png
fiber_0829.png,fiber,0,test,C:\Users\hs085\Downloads\MICROPLASTIC_DETECTOR-main\MICROPLASTIC_DETECTOR-main\dataset\test\fiber\fiber_0829.png
fiber_0830.png,fiber,0,test,C:\Users\hs085\Downloads\MICROPLASTIC_DETECTOR-main\MICROPLASTIC_DETECTOR-main\dataset\test\fiber\fiber_0830.png
fiber_0831.png,fiber,0,test,C:\Users\hs085\Downloads\MICROPLASTIC_DETECTOR-main\MICROPLASTIC_DETECTOR-main\dataset\test\fiber\fiber_0831.png
fiber_0832.png,fiber,0,test,C:\Users\hs085\Downloads\MICROPLASTIC_DETECTOR-main\MICROPLASTIC_DETECTOR-main\dataset\test\fiber\fiber_0832.png
fiber_0833.png,fiber,0,test,C:\Users\hs085\Downloads\MICROPLASTIC_DETECTOR-main\MICROPLASTIC_DETECTOR-main\dataset\test\fiber\fiber_0833.png
fiber_0834.png,fiber,0,test,C:\Users\hs085\Downloads\MICROPLASTIC_DETECTOR-main\MICROPLASTIC_DETECTOR-main\dataset\test\fiber\fiber_0834.png
fiber_0835.png,fiber,0,test,C:\Users\hs085\Downloads\MICROPLASTIC_DETECTOR-main\MICROPLASTIC_DETECTOR-main\dataset\test\fiber\fiber_0835.png
fiber_0836.png,fiber,0,test,C:\Users\hs085\Downloads\MICROPLASTIC_DETECTOR-main\MICROPLASTIC_DETECTOR-main\dataset\test\fiber\fiber_0836.png
fiber_0837.png,fiber,0,test,C:\Users\hs085\Downloads\MICROPLASTIC_DETECTOR-main\MICROPLASTIC_DETECTOR-main\dataset\test\fiber\fiber_0837.png
fiber_0838.png,fiber,0,test,C:\Users\hs085\Downloads\MICROPLASTIC_DETECTOR-main\MICROPLASTIC_DETECTOR-main\dataset\test\fiber\fiber_0838.png
fiber_0839.png,fiber,0,test,C:\Users\hs085\Downloads\MICROPLASTIC_DETECTOR-main\MICROPLASTIC_DETECTOR-main\dataset\test\fiber\fiber_0839.png
fiber_0840.png,fiber,0,test,C:\Users\hs085\Downloads\MICROPLASTIC_DETECTOR-main\MICROPLASTIC_DETECTOR-main\dataset\test\fiber\fiber_0840.png
fiber_0841.png,fiber,0,test,C:\Users\hs085\Downloads\MICROPLASTIC_DETECTOR-main\MICROPLASTIC_DETECTOR-main\dataset\test\fiber\fiber_0841.png
fiber_0842.png,fiber,0,test,C:\Users\hs085\Downloads\MICROPLASTIC_DETECTOR-main\MICROPLASTIC_DETECTOR-main\dataset\test\fiber\fiber_0842.png
fiber_0843.png,fiber,0,test,C:\Users\hs085\Downloads\MICROPLASTIC_DETECTOR-main\MICROPLASTIC_DETECTOR-main\dataset\test\fiber\fiber_0843.png
fiber_0844.png,fiber,0,test,C:\Users\hs085\Downloads\MICROPLASTIC_DETECTOR-main\MICROPLASTIC_DETECTOR-main\dataset\test\fiber\fiber_0844.png
fiber_0845.png,fiber,0,test,C:\Users\hs085\Downloads\MICROPLASTIC_DETECTOR-main\MICROPLASTIC_DETECTOR-main\dataset\test\fiber\fiber_0845.png
fiber_0846.png,fiber,0,test,C:\Users\hs085\Downloads\MICROPLASTIC_DETECTOR-main\MICROPLASTIC_DETECTOR-main\dataset\test\fiber\fiber_0846.png
fiber_0847.png,fiber,0,test,C:\Users\hs085\Downloads\MICROPLASTIC_DETECTOR-main\MICROPLASTIC_DETECTOR-main\dataset\test\fiber\fiber_0847.png
fiber_0848.png,fiber,0,test,C:\Users\hs085\Downloads\MICROPLASTIC_DETECTOR-main\MICROPLASTIC_DETECTOR-main\dataset\test\fiber\fiber_0848.png
fiber_0849.png,fiber,0,test,C:\Users\hs085\Downloads\MICROPLASTIC_DETECTOR-main\MICROPLASTIC_DETECTOR-main\dataset\test\fiber\fiber_0849.png
film_0000.png,film,1,train,C:\Users\hs085\Downloads\MICROPLASTIC_DETECTOR-main\MICROPLASTIC_DETECTOR-main\dataset\train\film\film_0000.png
film_0001.png,film,1,train,C:\Users\hs085\Downloads\MICROPLASTIC_DETECTOR-main\MICROPLASTIC_DETECTOR-main\dataset\train\film\film_0001.png
film_0002.png,film,1,train,C:\Users\hs085\Downloads\MICROPLASTIC_DETECTOR-main\MICROPLASTIC_DETECTOR-main\dataset\train\film\film_0002.png
film_0003.png,film,1,train,C:\Users\hs085\Downloads\MICROPLASTIC_DETECTOR-main\MICROPLASTIC_DETECTOR-main\dataset\train\film\film_0003.png
film_0004.png,film,1,train,C:\Users\hs085\Downloads\MICROPLASTIC_DETECTOR-main\MICROPLASTIC_DETECTOR-main\dataset\train\film\film_0004.png
film_0005.png,film,1,train,C:\Users\hs085\Downloads\MICROPLASTIC_DETECTOR-main\MICROPLASTIC_DETECTOR-main\dataset\train\film\film_0005.png
film_0006.png,film,1,train,C:\Users\hs085\Downloads\MICROPLASTIC_DETECTOR-main\MICROPLASTIC_DETECTOR-main\dataset\train\film\film_0006.png
film_0007.png,film,1,train,C:\Users\hs085\Downloads\MICROPLASTIC_DETECTOR-main\MICROPLASTIC_DETECTOR-main\dataset\train\film\film_0007.png
film_0008.png,film,1,train,C:\Users\hs085\Downloads\MICROPLASTIC_DETECTOR-main\MICROPLASTIC_DETECTOR-main\dataset\train\film\film_0008.png
film_0009.png,film,1,train,C:\Users\hs085\Downloads\MICROPLASTIC_DETECTOR-main\MICROPLASTIC_DETECTOR-main\dataset\train\film\film_0009.png
film_0010.png,film,1,train,C:\Users\hs085\Downloads\MICROPLASTIC_DETECTOR-main\MICROPLASTIC_DETECTOR-main\dataset\train\film\film_0010.png
film_0011.png,film,1,train,C:\Users\hs085\Downloads\MICROPLASTIC_DETECTOR-main\MICROPLASTIC_DETECTOR-main\dataset\train\film\film_0011.png
film_0012.png,film,1,train,C:\Users\hs085\Downloads\MICROPLASTIC_DETECTOR-main\MICROPLASTIC_DETECTOR-main\dataset\train\film\film_0012.png
film_0013.png,film,1,train,C:\Users\hs085\Downloads\MICROPLASTIC_DETECTOR-main\MICROPLASTIC_DETECTOR-main\dataset\train\film\film_0013.png
film_0014.png,film,1,train,C:\Users\hs085\Downloads\MICROPLASTIC_DETECTOR-main\MICROPLASTIC_DETECTOR-main\dataset\train\film\film_0014.png
film_0015.png,film,1,train,C:\Users\hs085\Downloads\MICROPLASTIC_DETECTOR-main\MICROPLASTIC_DETECTOR-main\dataset\train\film\film_0015.png
film_0016.png,film,1,train,C:\Users\hs085\Downloads\MICROPLASTIC_DETECTOR-main\MICROPLASTIC_DETECTOR-main\dataset\train\film\film_0016.png
film_0017.png,film,1,train,C:\Users\hs085\Downloads\MICROPLASTIC_DETECTOR-main\MICROPLASTIC_DETECTOR-main\dataset\train\film\film_0017.png
film_0018.png,film,1,train,C:\Users\hs085\Downloads\MICROPLASTIC_DETECTOR-main\MICROPLASTIC_DETECTOR-main\dataset\train\film\film_0018.png
film_0019.png,film,1,train,C:\Users\hs085\Downloads\MICROPLASTIC_DETECTOR-main\MICROPLASTIC_DETECTOR-main\dataset\train\film\film_0019.png
film_0020.png,film,1,train,C:\Users\hs085\Downloads\MICROPLASTIC_DETECTOR-main\MICROPLASTIC_DETECTOR-main\dataset\train\film\film_0020.png
film_0021.png,film,1,train,C:\Users\hs085\Downloads\MICROPLASTIC_DETECTOR-main\MICROPLASTIC_DETECTOR-main\dataset\train\film\film_0021.png
film_0022.png,film,1,train,C:\Users\hs085\Downloads\MICROPLASTIC_DETECTOR-main\MICROPLASTIC_DETECTOR-main\dataset\train\film\film_0022.png
film_0023.png,film,1,train,C:\Users\hs085\Downloads\MICROPLASTIC_DETECTOR-main\MICROPLASTIC_DETECTOR-main\dataset\train\film\film_0023.png
film_0024.png,film,1,train,C:\Users\hs085\Downloads\MICROPLASTIC_DETECTOR-main\MICROPLASTIC_DETECTOR-main\dataset\train\film\film_0024.png
film_0025.png,film,1,train,C:\Users\hs085\Downloads\MICROPLASTIC_DETECTOR-main\MICROPLASTIC_DETECTOR-main\dataset\train\film\film_0025.png
film_0026.png,film,1,train,C:\Users\hs085\Downloads\MICROPLASTIC_DETECTOR-main\MICROPLASTIC_DETECTOR-main\dataset\train\film\film_0026.png
film_0027.png,film,1,train,C:\Users\hs085\Downloads\MICROPLASTIC_DETECTOR-main\MICROPLASTIC_DETECTOR-main\dataset\train\film\film_0027.png
film_0028.png,film,1,train,C:\Users\hs085\Downloads\MICROPLASTIC_DETECTOR-main\MICROPLASTIC_DETECTOR-main\dataset\train\film\film_0028.png
film_0029.png,film,1,train,C:\Users\hs085\Downloads\MICROPLASTIC_DETECTOR-main\MICROPLASTIC_DETECTOR-main\dataset\train\film\film_0029.png
film_0030.png,film,1,train,C:\Users\hs085\Downloads\MICROPLASTIC_DETECTOR-main\MICROPLASTIC_DETECTOR-main\dataset\train\film\film_0030.png
film_0031.png,film,1,train,C:\Users\hs085\Downloads\MICROPLASTIC_DETECTOR-main\MICROPLASTIC_DETECTOR-main\dataset\train\film\film_0031.png
film_0032.png,film,1,train,C:\Users\hs085\Downloads\MICROPLASTIC_DETECTOR-main\MICROPLASTIC_DETECTOR-main\dataset\train\film\film_0032.png
film_0033.png,film,1,train,C:\Users\hs085\Downloads\MICROPLASTIC_DETECTOR-main\MICROPLASTIC_DETECTOR-main\dataset\train\film\film_0033.png
film_0034.png,film,1,train,C:\Users\hs085\Downloads\MICROPLASTIC_DETECTOR-main\MICROPLASTIC_DETECTOR-main\dataset\train\film\film_0034.png
film_0035.png,film,1,train,C:\Users\hs085\Downloads\MICROPLASTIC_DETECTOR-main\MICROPLASTIC_DETECTOR-main\dataset\train\film\film_0035.png
film_0036.png,film,1,train,C:\Users\hs085\Downloads\MICROPLASTIC_DETECTOR-main\MICROPLASTIC_DETECTOR-main\dataset\train\film\film_0036.png
film_0037.png,film,1,train,C:\Users\hs085\Downloads\MICROPLASTIC_DETECTOR-main\MICROPLASTIC_DETECTOR-main\dataset\train\film\film_0037.png
film_0038.png,film,1,train,C:\Users\hs085\Downloads\MICROPLASTIC_DETECTOR-main\MICROPLASTIC_DETECTOR-main\dataset\train\film\film_0038.png
film_0039.png,film,1,train,C:\Users\hs085\Downloads\MICROPLASTIC_DETECTOR-main\MICROPLASTIC_DETECTOR-main\dataset\train\film\film_0039.png
film_0040.png,film,1,train,C:\Users\hs085\Downloads\MICROPLASTIC_DETECTOR-main\MICROPLASTIC_DETECTOR-main\dataset\train\film\film_0040.png
film_0041.png,film,1,train,C:\Users\hs085\Downloads\MICROPLASTIC_DETECTOR-main\MICROPLASTIC_DETECTOR-main\dataset\train\film\film_0041.png
film_0042.png,film,1,train,C:\Users\hs085\Downloads\MICROPLASTIC_DETECTOR-main\MICROPLASTIC_DETECTOR-main\dataset\train\film\film_0042.png
film_0043.png,film,1,train,C:\Users\hs085\Downloads\MICROPLASTIC_DETECTOR-main\MICROPLASTIC_DETECTOR-main\dataset\train\film\film_0043.png
film_0044.png,film,1,train,C:\Users\hs085\Downloads\MICROPLASTIC_DETECTOR-main\MICROPLASTIC_DETECTOR-main\dataset\train\film\film_0044.png
film_0045.png,film,1,train,C:\Users\hs085\Downloads\MICROPLASTIC_DETECTOR-main\MICROPLASTIC_DETECTOR-main\dataset\train\film\film_0045.png
film_0046.png,film,1,train,C:\Users\hs085\Downloads\MICROPLASTIC_DETECTOR-main\MICROPLASTIC_DETECTOR-main\dataset\train\film\film_0046.png
film_0047.png,film,1,train,C:\Users\hs085\Downloads\MICROPLASTIC_DETECTOR-main\MICROPLASTIC_DETECTOR-main\dataset\train\film\film_0047.png
film_0048.png,film,1,train,C:\Users\hs085\Downloads\MICROPLASTIC_DETECTOR-main\MICROPLASTIC_DETECTOR-main\dataset\train\film\film_0048.png
film_0049.png,film,1,train,C:\Users\hs085\Downloads\MICROPLASTIC_DETECTOR-main\MICROPLASTIC_DETECTOR-main\dataset\train\film\film_0049.png
film_0050.png,film,1,train,C:\Users\hs085\Downloads\MICROPLASTIC_DETECTOR-main\MICROPLASTIC_DETECTOR-main\dataset\train\film\film_0050.png
film_0051.png,film,1,train,C:\Users\hs085\Downloads\MICROPLASTIC_DETECTOR-main\MICROPLASTIC_DETECTOR-main\dataset\train\film\film_0051.png
film_0052.png,film,1,train,C:\Users\hs085\Downloads\MICROPLASTIC_DETECTOR-main\MICROPLASTIC_DETECTOR-main\dataset\train\film\film_0052.png
film_0053.png,film,1,train,C:\Users\hs085\Downloads\MICROPLASTIC_DETECTOR-main\MICROPLASTIC_DETECTOR-main\dataset\train\film\film_0053.png
film_0054.png,film,1,train,C:\Users\hs085\Downloads\MICROPLASTIC_DETECTOR-main\MICROPLASTIC_DETECTOR-main\dataset\train\film\film_0054.png
film_0055.png,film,1,train,C:\Users\hs085\Downloads\MICROPLASTIC_DETECTOR-main\MICROPLASTIC_DETECTOR-main\dataset\train\film\film_0055.png
film_0056.png,film,1,train,C:\Users\hs085\Downloads\MICROPLASTIC_DETECTOR-main\MICROPLASTIC_DETECTOR-main\dataset\train\film\film_0056.png
film_0057.png,film,1,train,C:\Users\hs085\Downloads\MICROPLASTIC_DETECTOR-main\MICROPLASTIC_DETECTOR-main\dataset\train\film\film_0057.png
film_0058.png,film,1,train,C:\Users\hs085\Downloads\MICROPLASTIC_DETECTOR-main\MICROPLASTIC_DETECTOR-main\dataset\train\film\film_0058.png
film_0059.png,film,1,train,C:\Users\hs085\Downloads\MICROPLASTIC_DETECTOR-main\MICROPLASTIC_DETECTOR-main\dataset\train\film\film_0059.png
film_0060.png,film,1,train,C:\Users\hs085\Downloads\MICROPLASTIC_DETECTOR-main\MICROPLASTIC_DETECTOR-main\dataset\train\film\film_0060.png
film_0061.png,film,1,train,C:\Users\hs085\Downloads\MICROPLASTIC_DETECTOR-main\MICROPLASTIC_DETECTOR-main\dataset\train\film\film_0061.png
film_0062.png,film,1,train,C:\Users\hs085\Downloads\MICROPLASTIC_DETECTOR-main\MICROPLASTIC_DETECTOR-main\dataset\train\film\film_0062.png
film_0063.png,film,1,train,C:\Users\hs085\Downloads\MICROPLASTIC_DETECTOR-main\MICROPLASTIC_DETECTOR-main\dataset\train\film\film_0063.png
film_0064.png,film,1,train,C:\Users\hs085\Downloads\MICROPLASTIC_DETECTOR-main\MICROPLASTIC_DETECTOR-main\dataset\train\film\film_0064.png
film_0065.png,film,1,train,C:\Users\hs085\Downloads\MICROPLASTIC_DETECTOR-main\MICROPLASTIC_DETECTOR-main\dataset\train\film\film_0065.png
film_0066.png,film,1,train,C:\Users\hs085\Downloads\MICROPLASTIC_DETECTOR-main\MICROPLASTIC_DETECTOR-main\dataset\train\film\film_0066.png
film_0067.png,film,1,train,C:\Users\hs085\Downloads\MICROPLASTIC_DETECTOR-main\MICROPLASTIC_DETECTOR-main\dataset\train\film\film_0067.png
film_0068.png,film,1,train,C:\Users\hs085\Downloads\MICROPLASTIC_DETECTOR-main\MICROPLASTIC_DETECTOR-main\dataset\train\film\film_0068.png
film_0069.png,film,1,train,C:\Users\hs085\Downloads\MICROPLASTIC_DETECTOR-main\MICROPLASTIC_DETECTOR-main\dataset\train\film\film_0069.png
film_0070.png,film,1,train,C:\Users\hs085\Downloads\MICROPLASTIC_DETECTOR-main\MICROPLASTIC_DETECTOR-main\dataset\train\film\film_0070.png
film_0071.png,film,1,train,C:\Users\hs085\Downloads\MICROPLASTIC_DETECTOR-main\MICROPLASTIC_DETECTOR-main\dataset\train\film\film_0071.png
film_0072.png,film,1,train,C:\Users\hs085\Downloads\MICROPLASTIC_DETECTOR-main\MICROPLASTIC_DETECTOR-main\dataset\train\film\film_0072.png
film_0073.png,film,1,train,C:\Users\hs085\Downloads\MICROPLASTIC_DETECTOR-main\MICROPLASTIC_DETECTOR-main\dataset\train\film\film_0073.png
film_0074.png,film,1,train,C:\Users\hs085\Downloads\MICROPLASTIC_DETECTOR-main\MICROPLASTIC_DETECTOR-main\dataset\train\film\film_0074.png
film_0075.png,film,1,train,C:\Users\hs085\Downloads\MICROPLASTIC_DETECTOR-main\MICROPLASTIC_DETECTOR-main\dataset\train\film\film_0075.png
film_0076.png,film,1,train,C:\Users\hs085\Downloads\MICROPLASTIC_DETECTOR-main\MICROPLASTIC_DETECTOR-main\dataset\train\film\film_0076.png
film_0077.png,film,1,train,C:\Users\hs085\Downloads\MICROPLASTIC_DETECTOR-main\MICROPLASTIC_DETECTOR-main\dataset\train\film\film_0077.png
film_0078.png,film,1,train,C:\Users\hs085\Downloads\MICROPLASTIC_DETECTOR-main\MICROPLASTIC_DETECTOR-main\dataset\train\film\film_0078.png
film_0079.png,film,1,train,C:\Users\hs085\Downloads\MICROPLASTIC_DETECTOR-main\MICROPLASTIC_DETECTOR-main\dataset\train\film\film_0079.png
film_0080.png,film,1,train,C:\Users\hs085\Downloads\MICROPLASTIC_DETECTOR-main\MICROPLASTIC_DETECTOR-main\dataset\train\film\film_0080.png
film_0081.png,film,1,train,C:\Users\hs085\Downloads\MICROPLASTIC_DETECTOR-main\MICROPLASTIC_DETECTOR-main\dataset\train\film\film_0081.png
film_0082.png,film,1,train,C:\Users\hs085\Downloads\MICROPLASTIC_DETECTOR-main\MICROPLASTIC_DETECTOR-main\dataset\train\film\film_0082.png
film_0083.png,film,1,train,C:\Users\hs085\Downloads\MICROPLASTIC_DETECTOR-main\MICROPLASTIC_DETECTOR-main\dataset\train\film\film_0083.png
film_0084.png,film,1,train,C:\Users\hs085\Downloads\MICROPLASTIC_DETECTOR-main\MICROPLASTIC_DETECTOR-main\dataset\train\film\film_0084.png
film_0085.png,film,1,train,C:\Users\hs085\Downloads\MICROPLASTIC_DETECTOR-main\MICROPLASTIC_DETECTOR-main\dataset\train\film\film_0085.png
film_0086.png,film,1,train,C:\Users\hs085\Downloads\MICROPLASTIC_DETECTOR-main\MICROPLASTIC_DETECTOR-main\dataset\train\film\film_0086.png
film_0087.png,film,1,train,C:\Users\hs085\Downloads\MICROPLASTIC_DETECTOR-main\MICROPLASTIC_DETECTOR-main\dataset\train\film\film_0087.png
film_0088.png,film,1,train,C:\Users\hs085\Downloads\MICROPLASTIC_DETECTOR-main\MICROPLASTIC_DETECTOR-main\dataset\train\film\film_0088.png
film_0089.png,film,1,train,C:\Users\hs085\Downloads\MICROPLASTIC_DETECTOR-main\MICROPLASTIC_DETECTOR-main\dataset\train\film\film_0089.png
film_0090.png,film,1,train,C:\Users\hs085\Downloads\MICROPLASTIC_DETECTOR-main\MICROPLASTIC_DETECTOR-main\dataset\train\film\film_0090.png
film_0091.png,film,1,train,C:\Users\hs085\Downloads\MICROPLASTIC_DETECTOR-main\MICROPLASTIC_DETECTOR-main\dataset\train\film\film_0091.png
film_0092.png,film,1,train,C:\Users\hs085\Downloads\MICROPLASTIC_DETECTOR-main\MICROPLASTIC_DETECTOR-main\dataset\train\film\film_0092.png
film_0093.png,film,1,train,C:\Users\hs085\Downloads\MICROPLASTIC_DETECTOR-main\MICROPLASTIC_DETECTOR-main\dataset\train\film\film_0093.png
film_0094.png,film,1,train,C:\Users\hs085\Downloads\MICROPLASTIC_DETECTOR-main\MICROPLASTIC_DETECTOR-main\dataset\train\film\film_0094.png
film_0095.png,film,1,train,C:\Users\hs085\Downloads\MICROPLASTIC_DETECTOR-main\MICROPLASTIC_DETECTOR-main\dataset\train\film\film_0095.png
film_0096.png,film,1,train,C:\Users\hs085\Downloads\MICROPLASTIC_DETECTOR-main\MICROPLASTIC_DETECTOR-main\dataset\train\film\film_0096.png
film_0097.png,film,1,train,C:\Users\hs085\Downloads\MICROPLASTIC_DETECTOR-main\MICROPLASTIC_DETECTOR-main\dataset\train\film\film_0097.png
film_0098.png,film,1,train,C:\Users\hs085\Downloads\MICROPLASTIC_DETECTOR-main\MICROPLASTIC_DETECTOR-main\dataset\train\film\film_0098.png
film_0099.png,film,1,train,C:\Users\hs085\Downloads\MICROPLASTIC_DETECTOR-main\MICROPLASTIC_DETECTOR-main\dataset\train\film\film_0099.png
film_0100.png,film,1,train,C:\Users\hs085\Downloads\MICROPLASTIC_DETECTOR-main\MICROPLASTIC_DETECTOR-main\dataset\train\film\film_0100.png
film_0101.png,film,1,train,C:\Users\hs085\Downloads\MICROPLASTIC_DETECTOR-main\MICROPLASTIC_DETECTOR-main\dataset\train\film\film_0101.png
film_0102.png,film,1,train,C:\Users\hs085\Downloads\MICROPLASTIC_DETECTOR-main\MICROPLASTIC_DETECTOR-main\dataset\train\film\film_0102.png
film_0103.png,film,1,train,C:\Users\hs085\Downloads\MICROPLASTIC_DETECTOR-main\MICROPLASTIC_DETECTOR-main\dataset\train\film\film_0103.png
film_0104.png,film,1,train,C:\Users\hs085\Downloads\MICROPLASTIC_DETECTOR-main\MICROPLASTIC_DETECTOR-main\dataset\train\film\film_0104.png
film_0105.png,film,1,train,C:\Users\hs085\Downloads\MICROPLASTIC_DETECTOR-main\MICROPLASTIC_DETECTOR-main\dataset\train\film\film_0105.png
film_0106.png,film,1,train,C:\Users\hs085\Downloads\MICROPLASTIC_DETECTOR-main\MICROPLASTIC_DETECTOR-main\dataset\train\film\film_0106.png
film_0107.png,film,1,train,C:\Users\hs085\Downloads\MICROPLASTIC_DETECTOR-main\MICROPLASTIC_DETECTOR-main\dataset\train\film\film_0107.png
film_0108.png,film,1,train,C:\Users\hs085\Downloads\MICROPLASTIC_DETECTOR-main\MICROPLASTIC_DETECTOR-main\dataset\train\film\film_0108.png
film_0109.png,film,1,train,C:\Users\hs085\Downloads\MICROPLASTIC_DETECTOR-main\MICROPLASTIC_DETECTOR-main\dataset\train\film\film_0109.png
film_0110.png,film,1,train,C:\Users\hs085\Downloads\MICROPLASTIC_DETECTOR-main\MICROPLASTIC_DETECTOR-main\dataset\train\film\film_0110.png
film_0111.png,film,1,train,C:\Users\hs085\Downloads\MICROPLASTIC_DETECTOR-main\MICROPLASTIC_DETECTOR-main\dataset\train\film\film_0111.png
film_0112.png,film,1,train,C:\Users\hs085\Downloads\MICROPLASTIC_DETECTOR-main\MICROPLASTIC_DETECTOR-main\dataset\train\film\film_0112.png
film_0113.png,film,1,train,C:\Users\hs085\Downloads\MICROPLASTIC_DETECTOR-main\MICROPLASTIC_DETECTOR-main\dataset\train\film\film_0113.png
film_0114.png,film,1,train,C:\Users\hs085\Downloads\MICROPLASTIC_DETECTOR-main\MICROPLASTIC_DETECTOR-main\dataset\train\film\film_0114.png
film_0115.png,film,1,train,C:\Users\hs085\Downloads\MICROPLASTIC_DETECTOR-main\MICROPLASTIC_DETECTOR-main\dataset\train\film\film_0115.png
film_0116.png,film,1,train,C:\Users\hs085\Downloads\MICROPLASTIC_DETECTOR-main\MICROPLASTIC_DETECTOR-main\dataset\train\film\film_0116.png
film_0117.png,film,1,train,C:\Users\hs085\Downloads\MICROPLASTIC_DETECTOR-main\MICROPLASTIC_DETECTOR-main\dataset\train\film\film_0117.png
film_0118.png,film,1,train,C:\Users\hs085\Downloads\MICROPLASTIC_DETECTOR-main\MICROPLASTIC_DETECTOR-main\dataset\train\film\film_0118.png
film_0119.png,film,1,train,C:\Users\hs085\Downloads\MICROPLASTIC_DETECTOR-main\MICROPLASTIC_DETECTOR-main\dataset\train\film\film_0119.png
film_0120.png,film,1,train,C:\Users\hs085\Downloads\MICROPLASTIC_DETECTOR-main\MICROPLASTIC_DETECTOR-main\dataset\train\film\film_0120.png
film_0121.png,film,1,train,C:\Users\hs085\Downloads\MICROPLASTIC_DETECTOR-main\MICROPLASTIC_DETECTOR-main\dataset\train\film\film_0121.png
film_0122.png,film,1,train,C:\Users\hs085\Downloads\MICROPLASTIC_DETECTOR-main\MICROPLASTIC_DETECTOR-main\dataset\train\film\film_0122.png
film_0123.png,film,1,train,C:\Users\hs085\Downloads\MICROPLASTIC_DETECTOR-main\MICROPLASTIC_DETECTOR-main\dataset\train\film\film_0123.png
film_0124.png,film,1,train,C:\Users\hs085\Downloads\MICROPLASTIC_DETECTOR-main\MICROPLASTIC_DETECTOR-main\dataset\train\film\film_0124.png
film_0125.png,film,1,train,C:\Users\hs085\Downloads\MICROPLASTIC_DETECTOR-main\MICROPLASTIC_DETECTOR-main\dataset\train\film\film_0125.png
film_0126.png,film,1,train,C:\Users\hs085\Downloads\MICROPLASTIC_DETECTOR-main\MICROPLASTIC_DETECTOR-main\dataset\train\film\film_0126.png
film_0127.png,film,1,train,C:\Users\hs085\Downloads\MICROPLASTIC_DETECTOR-main\MICROPLASTIC_DETECTOR-main\dataset\train\film\film_0127.png
film_0128.png,film,1,train,C:\Users\hs085\Downloads\MICROPLASTIC_DETECTOR-main\MICROPLASTIC_DETECTOR-main\dataset\train\film\film_0128.png
film_0129.png,film,1,train,C:\Users\hs085\Downloads\MICROPLASTIC_DETECTOR-main\MICROPLASTIC_DETECTOR-main\dataset\train\film\film_0129.png
film_0130.png,film,1,train,C:\Users\hs085\Downloads\MICROPLASTIC_DETECTOR-main\MICROPLASTIC_DETECTOR-main\dataset\train\film\film_0130.png
film_0131.png,film,1,train,C:\Users\hs085\Downloads\MICROPLASTIC_DETECTOR-main\MICROPLASTIC_DETECTOR-main\dataset\train\film\film_0131.png
film_0132.png,film,1,train,C:\Users\hs085\Downloads\MICROPLASTIC_DETECTOR-main\MICROPLASTIC_DETECTOR-main\dataset\train\film\film_0132.png
film_0133.png,film,1,train,C:\Users\hs085\Downloads\MICROPLASTIC_DETECTOR-main\MICROPLASTIC_DETECTOR-main\dataset\train\film\film_0133.png
film_0134.png,film,1,train,C:\Users\hs085\Downloads\MICROPLASTIC_DETECTOR-main\MICROPLASTIC_DETECTOR-main\dataset\train\film\film_0134.png
film_0135.png,film,1,train,C:\Users\hs085\Downloads\MICROPLASTIC_DETECTOR-main\MICROPLASTIC_DETECTOR-main\dataset\train\film\film_0135.png
film_0136.png,film,1,train,C:\Users\hs085\Downloads\MICROPLASTIC_DETECTOR-main\MICROPLASTIC_DETECTOR-main\dataset\train\film\film_0136.png
film_0137.png,film,1,train,C:\Users\hs085\Downloads\MICROPLASTIC_DETECTOR-main\MICROPLASTIC_DETECTOR-main\dataset\train\film\film_0137.png
film_0138.png,film,1,train,C:\Users\hs085\Downloads\MICROPLASTIC_DETECTOR-main\MICROPLASTIC_DETECTOR-main\dataset\train\film\film_0138.png
film_0139.png,film,1,train,C:\Users\hs085\Downloads\MICROPLASTIC_DETECTOR-main\MICROPLASTIC_DETECTOR-main\dataset\train\film\film_0139.png
film_0140.png,film,1,train,C:\Users\hs085\Downloads\MICROPLASTIC_DETECTOR-main\MICROPLASTIC_DETECTOR-main\dataset\train\film\film_0140.png
film_0141.png,film,1,train,C:\Users\hs085\Downloads\MICROPLASTIC_DETECTOR-main\MICROPLASTIC_DETECTOR-main\dataset\train\film\film_0141.png
film_0142.png,film,1,train,C:\Users\hs085\Downloads\MICROPLASTIC_DETECTOR-main\MICROPLASTIC_DETECTOR-main\dataset\train\film\film_0142.png
film_0143.png,film,1,train,C:\Users\hs085\Downloads\MICROPLASTIC_DETECTOR-main\MICROPLASTIC_DETECTOR-main\dataset\train\film\film_0143.png
film_0144.png,film,1,train,C:\Users\hs085\Downloads\MICROPLASTIC_DETECTOR-main\MICROPLASTIC_DETECTOR-main\dataset\train\film\film_0144.png
film_0145.png,film,1,train,C:\Users\hs085\Downloads\MICROPLASTIC_DETECTOR-main\MICROPLASTIC_DETECTOR-main\dataset\train\film\film_0145.png
film_0146.png,film,1,train,C:\Users\hs085\Downloads\MICROPLASTIC_DETECTOR-main\MICROPLASTIC_DETECTOR-main\dataset\train\film\film_0146.png
film_0147.png,film,1,train,C:\Users\hs085\Downloads\MICROPLASTIC_DETECTOR-main\MICROPLASTIC_DETECTOR-main\dataset\train\film\film_0147.png
film_0148.png,film,1,train,C:\Users\hs085\Downloads\MICROPLASTIC_DETECTOR-main\MICROPLASTIC_DETECTOR-main\dataset\train\film\film_0148.png
film_0149.png,film,1,train,C:\Users\hs085\Downloads\MICROPLASTIC_DETECTOR-main\MICROPLASTIC_DETECTOR-main\dataset\train\film\film_0149.png
film_0150.png,film,1,train,C:\Users\hs085\Downloads\MICROPLASTIC_DETECTOR-main\MICROPLASTIC_DETECTOR-main\dataset\train\film\film_0150.png
film_0151.png,film,1,train,C:\Users\hs085\Downloads\MICROPLASTIC_DETECTOR-main\MICROPLASTIC_DETECTOR-main\dataset\train\film\film_0151.png
film_0152.png,film,1,train,C:\Users\hs085\Downloads\MICROPLASTIC_DETECTOR-main\MICROPLASTIC_DETECTOR-main\dataset\train\film\film_0152.png
film_0153.png,film,1,train,C:\Users\hs085\Downloads\MICROPLASTIC_DETECTOR-main\MICROPLASTIC_DETECTOR-main\dataset\train\film\film_0153.png
film_0154.png,film,1,train,C:\Users\hs085\Downloads\MICROPLASTIC_DETECTOR-main\MICROPLASTIC_DETECTOR-main\dataset\train\film\film_0154.png
film_0155.png,film,1,train,C:\Users\hs085\Downloads\MICROPLASTIC_DETECTOR-main\MICROPLASTIC_DETECTOR-main\dataset\train\film\film_0155.png
film_0156.png,film,1,train,C:\Users\hs085\Downloads\MICROPLASTIC_DETECTOR-main\MICROPLASTIC_DETECTOR-main\dataset\train\film\film_0156.png
film_0157.png,film,1,train,C:\Users\hs085\Downloads\MICROPLASTIC_DETECTOR-main\MICROPLASTIC_DETECTOR-main\dataset\train\film\film_0157.png
film_0158.png,film,1,train,C:\Users\hs085\Downloads\MICROPLASTIC_DETECTOR-main\MICROPLASTIC_DETECTOR-main\dataset\train\film\film_0158.png
film_0159.png,film,1,train,C:\Users\hs085\Downloads\MICROPLASTIC_DETECTOR-main\MICROPLASTIC_DETECTOR-main\dataset\train\film\film_0159.png
film_0160.png,film,1,train,C:\Users\hs085\Downloads\MICROPLASTIC_DETECTOR-main\MICROPLASTIC_DETECTOR-main\dataset\train\film\film_0160.png
film_0161.png,film,1,train,C:\Users\hs085\Downloads\MICROPLASTIC_DETECTOR-main\MICROPLASTIC_DETECTOR-main\dataset\train\film\film_0161.png
film_0162.png,film,1,train,C:\Users\hs085\Downloads\MICROPLASTIC_DETECTOR-main\MICROPLASTIC_DETECTOR-main\dataset\train\film\film_0162.png
film_0163.png,film,1,train,C:\Users\hs085\Downloads\MICROPLASTIC_DETECTOR-main\MICROPLASTIC_DETECTOR-main\dataset\train\film\film_0163.png
film_0164.png,film,1,train,C:\Users\hs085\Downloads\MICROPLASTIC_DETECTOR-main\MICROPLASTIC_DETECTOR-main\dataset\train\film\film_0164.png
film_0165.png,film,1,train,C:\Users\hs085\Downloads\MICROPLASTIC_DETECTOR-main\MICROPLASTIC_DETECTOR-main\dataset\train\film\film_0165.png
film_0166.png,film,1,train,C:\Users\hs085\Downloads\MICROPLASTIC_DETECTOR-main\MICROPLASTIC_DETECTOR-main\dataset\train\film\film_0166.png
film_0167.png,film,1,train,C:\Users\hs085\Downloads\MICROPLASTIC_DETECTOR-main\MICROPLASTIC_DETECTOR-main\dataset\train\film\film_0167.png
film_0168.png,film,1,train,C:\Users\hs085\Downloads\MICROPLASTIC_DETECTOR-main\MICROPLASTIC_DETECTOR-main\dataset\train\film\film_0168.png
film_0169.png,film,1,train,C:\Users\hs085\Downloads\MICROPLASTIC_DETECTOR-main\MICROPLASTIC_DETECTOR-main\dataset\train\film\film_0169.png
film_0170.png,film,1,train,C:\Users\hs085\Downloads\MICROPLASTIC_DETECTOR-main\MICROPLASTIC_DETECTOR-main\dataset\train\film\film_0170.png
film_0171.png,film,1,train,C:\Users\hs085\Downloads\MICROPLASTIC_DETECTOR-main\MICROPLASTIC_DETECTOR-main\dataset\train\film\film_0171.png
film_0172.png,film,1,train,C:\Users\hs085\Downloads\MICROPLASTIC_DETECTOR-main\MICROPLASTIC_DETECTOR-main\dataset\train\film\film_0172.png
film_0173.png,film,1,train,C:\Users\hs085\Downloads\MICROPLASTIC_DETECTOR-main\MICROPLASTIC_DETECTOR-main\dataset\train\film\film_0173.png
film_0174.png,film,1,train,C:\Users\hs085\Downloads\MICROPLASTIC_DETECTOR-main\MICROPLASTIC_DETECTOR-main\dataset\train\film\film_0174.png
film_0175.png,film,1,train,C:\Users\hs085\Downloads\MICROPLASTIC_DETECTOR-main\MICROPLASTIC_DETECTOR-main\dataset\train\film\film_0175.png
film_0176.png,film,1,train,C:\Users\hs085\Downloads\MICROPLASTIC_DETECTOR-main\MICROPLASTIC_DETECTOR-main\dataset\train\film\film_0176.png
film_0177.png,film,1,train,C:\Users\hs085\Downloads\MICROPLASTIC_DETECTOR-main\MICROPLASTIC_DETECTOR-main\dataset\train\film\film_0177.png
film_0178.png,film,1,train,C:\Users\hs085\Downloads\MICROPLASTIC_DETECTOR-main\MICROPLASTIC_DETECTOR-main\dataset\train\film\film_0178.png
film_0179.png,film,1,train,C:\Users\hs085\Downloads\MICROPLASTIC_DETECTOR-main\MICROPLASTIC_DETECTOR-main\dataset\train\film\film_0179.png
film_0180.png,film,1,train,C:\Users\hs085\Downloads\MICROPLASTIC_DETECTOR-main\MICROPLASTIC_DETECTOR-main\dataset\train\film\film_0180.png
film_0181.png,film,1,train,C:\Users\hs085\Downloads\MICROPLASTIC_DETECTOR-main\MICROPLASTIC_DETECTOR-main\dataset\train\film\film_0181.png
film_0182.png,film,1,train,C:\Users\hs085\Downloads\MICROPLASTIC_DETECTOR-main\MICROPLASTIC_DETECTOR-main\dataset\train\film\film_0182.png
film_0183.png,film,1,train,C:\Users\hs085\Downloads\MICROPLASTIC_DETECTOR-main\MICROPLASTIC_DETECTOR-main\dataset\train\film\film_0183.png
film_0184.png,film,1,train,C:\Users\hs085\Downloads\MICROPLASTIC_DETECTOR-main\MICROPLASTIC_DETECTOR-main\dataset\train\film\film_0184.png
film_0185.png,film,1,train,C:\Users\hs085\Downloads\MICROPLASTIC_DETECTOR-main\MICROPLASTIC_DETECTOR-main\dataset\train\film\film_0185.png
film_0186.png,film,1,train,C:\Users\hs085\Downloads\MICROPLASTIC_DETECTOR-main\MICROPLASTIC_DETECTOR-main\dataset\train\film\film_0186.png
film_0187.png,film,1,train,C:\Users\hs085\Downloads\MICROPLASTIC_DETECTOR-main\MICROPLASTIC_DETECTOR-main\dataset\train\film\film_0187.png
film_0188.png,film,1,train,C:\Users\hs085\Downloads\MICROPLASTIC_DETECTOR-main\MICROPLASTIC_DETECTOR-main\dataset\train\film\film_0188.png
film_0189.png,film,1,train,C:\Users\hs085\Downloads\MICROPLASTIC_DETECTOR-main\MICROPLASTIC_DETECTOR-main\dataset\train\film\film_0189.png
film_0190.png,film,1,train,C:\Users\hs085\Downloads\MICROPLASTIC_DETECTOR-main\MICROPLASTIC_DETECTOR-main\dataset\train\film\film_0190.png
film_0191.png,film,1,train,C:\Users\hs085\Downloads\MICROPLASTIC_DETECTOR-main\MICROPLASTIC_DETECTOR-main\dataset\train\film\film_0191.png
film_0192.png,film,1,train,C:\Users\hs085\Downloads\MICROPLASTIC_DETECTOR-main\MICROPLASTIC_DETECTOR-main\dataset\train\film\film_0192.png
film_0193.png,film,1,train,C:\Users\hs085\Downloads\MICROPLASTIC_DETECTOR-main\MICROPLASTIC_DETECTOR-main\dataset\train\film\film_0193.png
film_0194.png,film,1,train,C:\Users\hs085\Downloads\MICROPLASTIC_DETECTOR-main\MICROPLASTIC_DETECTOR-main\dataset\train\film\film_0194.png
film_0195.png,film,1,train,C:\Users\hs085\Downloads\MICROPLASTIC_DETECTOR-main\MICROPLASTIC_DETECTOR-main\dataset\train\film\film_0195.png
film_0196.png,film,1,train,C:\Users\hs085\Downloads\MICROPLASTIC_DETECTOR-main\MICROPLASTIC_DETECTOR-main\dataset\train\film\film_0196.png
film_0197.png,film,1,train,C:\Users\hs085\Downloads\MICROPLASTIC_DETECTOR-main\MICROPLASTIC_DETECTOR-main\dataset\train\film\film_0197.png
film_0198.png,film,1,train,C:\Users\hs085\Downloads\MICROPLASTIC_DETECTOR-main\MICROPLASTIC_DETECTOR-main\dataset\train\film\film_0198.png
film_0199.png,film,1,train,C:\Users\hs085\Downloads\MICROPLASTIC_DETECTOR-main\MICROPLASTIC_DETECTOR-main\dataset\train\film\film_0199.png
film_0200.png,film,1,train,C:\Users\hs085\Downloads\MICROPLASTIC_DETECTOR-main\MICROPLASTIC_DETECTOR-main\dataset\train\film\film_0200.png
film_0201.png,film,1,train,C:\Users\hs085\Downloads\MICROPLASTIC_DETECTOR-main\MICROPLASTIC_DETECTOR-main\dataset\train\film\film_0201.png
film_0202.png,film,1,train,C:\Users\hs085\Downloads\MICROPLASTIC_DETECTOR-main\MICROPLASTIC_DETECTOR-main\dataset\train\film\film_0202.png
film_0203.png,film,1,train,C:\Users\hs085\Downloads\MICROPLASTIC_DETECTOR-main\MICROPLASTIC_DETECTOR-main\dataset\train\film\film_0203.png
film_0204.png,film,1,train,C:\Users\hs085\Downloads\MICROPLASTIC_DETECTOR-main\MICROPLASTIC_DETECTOR-main\dataset\train\film\film_0204.png
film_0205.png,film,1,train,C:\Users\hs085\Downloads\MICROPLASTIC_DETECTOR-main\MICROPLASTIC_DETECTOR-main\dataset\train\film\film_0205.png
film_0206.png,film,1,train,C:\Users\hs085\Downloads\MICROPLASTIC_DETECTOR-main\MICROPLASTIC_DETECTOR-main\dataset\train\film\film_0206.png
film_0207.png,film,1,train,C:\Users\hs085\Downloads\MICROPLASTIC_DETECTOR-main\MICROPLASTIC_DETECTOR-main\dataset\train\film\film_0207.png
film_0208.png,film,1,train,C:\Users\hs085\Downloads\MICROPLASTIC_DETECTOR-main\MICROPLASTIC_DETECTOR-main\dataset\train\film\film_0208.png
film_0209.png,film,1,train,C:\Users\hs085\Downloads\MICROPLASTIC_DETECTOR-main\MICROPLASTIC_DETECTOR-main\dataset\train\film\film_0209.png
film_0210.png,film,1,train,C:\Users\hs085\Downloads\MICROPLASTIC_DETECTOR-main\MICROPLASTIC_DETECTOR-main\dataset\train\film\film_0210.png
film_0211.png,film,1,train,C:\Users\hs085\Downloads\MICROPLASTIC_DETECTOR-main\MICROPLASTIC_DETECTOR-main\dataset\train\film\film_0211.png
film_0212.png,film,1,train,C:\Users\hs085\Downloads\MICROPLASTIC_DETECTOR-main\MICROPLASTIC_DETECTOR-main\dataset\train\film\film_0212.png
film_0213.png,film,1,train,C:\Users\hs085\Downloads\MICROPLASTIC_DETECTOR-main\MICROPLASTIC_DETECTOR-main\dataset\train\film\film_0213.png
film_0214.png,film,1,train,C:\Users\hs085\Downloads\MICROPLASTIC_DETECTOR-main\MICROPLASTIC_DETECTOR-main\dataset\train\film\film_0214.png
film_0215.png,film,1,train,C:\Users\hs085\Downloads\MICROPLASTIC_DETECTOR-main\MICROPLASTIC_DETECTOR-main\dataset\train\film\film_0215.png
film_0216.png,film,1,train,C:\Users\hs085\Downloads\MICROPLASTIC_DETECTOR-main\MICROPLASTIC_DETECTOR-main\dataset\train\film\film_0216.png
film_0217.png,film,1,train,C:\Users\hs085\Downloads\MICROPLASTIC_DETECTOR-main\MICROPLASTIC_DETECTOR-main\dataset\train\film\film_0217.png
film_0218.png,film,1,train,C:\Users\hs085\Downloads\MICROPLASTIC_DETECTOR-main\MICROPLASTIC_DETECTOR-main\dataset\train\film\film_0218.png
film_0219.png,film,1,train,C:\Users\hs085\Downloads\MICROPLASTIC_DETECTOR-main\MICROPLASTIC_DETECTOR-main\dataset\train\film\film_0219.png
film_0220.png,film,1,train,C:\Users\hs085\Downloads\MICROPLASTIC_DETECTOR-main\MICROPLASTIC_DETECTOR-main\dataset\train\film\film_0220.png
film_0221.png,film,1,train,C:\Users\hs085\Downloads\MICROPLASTIC_DETECTOR-main\MICROPLASTIC_DETECTOR-main\dataset\train\film\film_0221.png
film_0222.png,film,1,train,C:\Users\hs085\Downloads\MICROPLASTIC_DETECTOR-main\MICROPLASTIC_DETECTOR-main\dataset\train\film\film_0222.png
film_0223.png,film,1,train,C:\Users\hs085\Downloads\MICROPLASTIC_DETECTOR-main\MICROPLASTIC_DETECTOR-main\dataset\train\film\film_0223.png
film_0224.png,film,1,train,C:\Users\hs085\Downloads\MICROPLASTIC_DETECTOR-main\MICROPLASTIC_DETECTOR-main\dataset\train\film\film_0224.png
film_0225.png,film,1,train,C:\Users\hs085\Downloads\MICROPLASTIC_DETECTOR-main\MICROPLASTIC_DETECTOR-main\dataset\train\film\film_0225.png
film_0226.png,film,1,train,C:\Users\hs085\Downloads\MICROPLASTIC_DETECTOR-main\MICROPLASTIC_DETECTOR-main\dataset\train\film\film_0226.png
film_0227.png,film,1,train,C:\Users\hs085\Downloads\MICROPLASTIC_DETECTOR-main\MICROPLASTIC_DETECTOR-main\dataset\train\film\film_0227.png
film_0228.png,film,1,train,C:\Users\hs085\Downloads\MICROPLASTIC_DETECTOR-main\MICROPLASTIC_DETECTOR-main\dataset\train\film\film_0228.png
film_0229.png,film,1,train,C:\Users\hs085\Downloads\MICROPLASTIC_DETECTOR-main\MICROPLASTIC_DETECTOR-main\dataset\train\film\film_0229.png
film_0230.png,film,1,train,C:\Users\hs085\Downloads\MICROPLASTIC_DETECTOR-main\MICROPLASTIC_DETECTOR-main\dataset\train\film\film_0230.png
film_0231.png,film,1,train,C:\Users\hs085\Downloads\MICROPLASTIC_DETECTOR-main\MICROPLASTIC_DETECTOR-main\dataset\train\film\film_0231.png
film_0232.png,film,1,train,C:\Users\hs085\Downloads\MICROPLASTIC_DETECTOR-main\MICROPLASTIC_DETECTOR-main\dataset\train\film\film_0232.png
film_0233.png,film,1,train,C:\Users\hs085\Downloads\MICROPLASTIC_DETECTOR-main\MICROPLASTIC_DETECTOR-main\dataset\train\film\film_0233.png
film_0234.png,film,1,train,C:\Users\hs085\Downloads\MICROPLASTIC_DETECTOR-main\MICROPLASTIC_DETECTOR-main\dataset\train\film\film_0234.png
film_0235.png,film,1,train,C:\Users\hs085\Downloads\MICROPLASTIC_DETECTOR-main\MICROPLASTIC_DETECTOR-main\dataset\train\film\film_0235.png
film_0236.png,film,1,train,C:\Users\hs085\Downloads\MICROPLASTIC_DETECTOR-main\MICROPLASTIC_DETECTOR-main\dataset\train\film\film_0236.png
film_0237.png,film,1,train,C:\Users\hs085\Downloads\MICROPLASTIC_DETECTOR-main\MICROPLASTIC_DETECTOR-main\dataset\train\film\film_0237.png
film_0238.png,film,1,train,C:\Users\hs085\Downloads\MICROPLASTIC_DETECTOR-main\MICROPLASTIC_DETECTOR-main\dataset\train\film\film_0238.png
film_0239.png,film,1,train,C:\Users\hs085\Downloads\MICROPLASTIC_DETECTOR-main\MICROPLASTIC_DETECTOR-main\dataset\train\film\film_0239.png
film_0240.png,film,1,train,C:\Users\hs085\Downloads\MICROPLASTIC_DETECTOR-main\MICROPLASTIC_DETECTOR-main\dataset\train\film\film_0240.png
film_0241.png,film,1,train,C:\Users\hs085\Downloads\MICROPLASTIC_DETECTOR-main\MICROPLASTIC_DETECTOR-main\dataset\train\film\film_0241.png
film_0242.png,film,1,train,C:\Users\hs085\Downloads\MICROPLASTIC_DETECTOR-main\MICROPLASTIC_DETECTOR-main\dataset\train\film\film_0242.png
film_0243.png,film,1,train,C:\Users\hs085\Downloads\MICROPLASTIC_DETECTOR-main\MICROPLASTIC_DETECTOR-main\dataset\train\film\film_0243.png
film_0244.png,film,1,train,C:\Users\hs085\Downloads\MICROPLASTIC_DETECTOR-main\MICROPLASTIC_DETECTOR-main\dataset\train\film\film_0244.png
film_0245.png,film,1,train,C:\Users\hs085\Downloads\MICROPLASTIC_DETECTOR-main\MICROPLASTIC_DETECTOR-main\dataset\train\film\film_0245.png
film_0246.png,film,1,train,C:\Users\hs085\Downloads\MICROPLASTIC_DETECTOR-main\MICROPLASTIC_DETECTOR-main\dataset\train\film\film_0246.png
film_0247.png,film,1,train,C:\Users\hs085\Downloads\MICROPLASTIC_DETECTOR-main\MICROPLASTIC_DETECTOR-main\dataset\train\film\film_0247.png
film_0248.png,film,1,train,C:\Users\hs085\Downloads\MICROPLASTIC_DETECTOR-main\MICROPLASTIC_DETECTOR-main\dataset\train\film\film_0248.png
film_0249.png,film,1,train,C:\Users\hs085\Downloads\MICROPLASTIC_DETECTOR-main\MICROPLASTIC_DETECTOR-main\dataset\train\film\film_0249.png
film_0250.png,film,1,train,C:\Users\hs085\Downloads\MICROPLASTIC_DETECTOR-main\MICROPLASTIC_DETECTOR-main\dataset\train\film\film_0250.png
film_0251.png,film,1,train,C:\Users\hs085\Downloads\MICROPLASTIC_DETECTOR-main\MICROPLASTIC_DETECTOR-main\dataset\train\film\film_0251.png
film_0252.png,film,1,train,C:\Users\hs085\Downloads\MICROPLASTIC_DETECTOR-main\MICROPLASTIC_DETECTOR-main\dataset\train\film\film_0252.png
film_0253.png,film,1,train,C:\Users\hs085\Downloads\MICROPLASTIC_DETECTOR-main\MICROPLASTIC_DETECTOR-main\dataset\train\film\film_0253.png
film_0254.png,film,1,train,C:\Users\hs085\Downloads\MICROPLASTIC_DETECTOR-main\MICROPLASTIC_DETECTOR-main\dataset\train\film\film_0254.png
film_0255.png,film,1,train,C:\Users\hs085\Downloads\MICROPLASTIC_DETECTOR-main\MICROPLASTIC_DETECTOR-main\dataset\train\film\film_0255.png
film_0256.png,film,1,train,C:\Users\hs085\Downloads\MICROPLASTIC_DETECTOR-main\MICROPLASTIC_DETECTOR-main\dataset\train\film\film_0256.png
film_0257.png,film,1,train,C:\Users\hs085\Downloads\MICROPLASTIC_DETECTOR-main\MICROPLASTIC_DETECTOR-main\dataset\train\film\film_0257.png
film_0258.png,film,1,train,C:\Users\hs085\Downloads\MICROPLASTIC_DETECTOR-main\MICROPLASTIC_DETECTOR-main\dataset\train\film\film_0258.png
film_0259.png,film,1,train,C:\Users\hs085\Downloads\MICROPLASTIC_DETECTOR-main\MICROPLASTIC_DETECTOR-main\dataset\train\film\film_0259.png
film_0260.png,film,1,train,C:\Users\hs085\Downloads\MICROPLASTIC_DETECTOR-main\MICROPLASTIC_DETECTOR-main\dataset\train\film\film_0260.png
film_0261.png,film,1,train,C:\Users\hs085\Downloads\MICROPLASTIC_DETECTOR-main\MICROPLASTIC_DETECTOR-main\dataset\train\film\film_0261.png
film_0262.png,film,1,train,C:\Users\hs085\Downloads\MICROPLASTIC_DETECTOR-main\MICROPLASTIC_DETECTOR-main\dataset\train\film\film_0262.png
film_0263.png,film,1,train,C:\Users\hs085\Downloads\MICROPLASTIC_DETECTOR-main\MICROPLASTIC_DETECTOR-main\dataset\train\film\film_0263.png
film_0264.png,film,1,train,C:\Users\hs085\Downloads\MICROPLASTIC_DETECTOR-main\MICROPLASTIC_DETECTOR-main\dataset\train\film\film_0264.png
film_0265.png,film,1,train,C:\Users\hs085\Downloads\MICROPLASTIC_DETECTOR-main\MICROPLASTIC_DETECTOR-main\dataset\train\film\film_0265.png
film_0266.png,film,1,train,C:\Users\hs085\Downloads\MICROPLASTIC_DETECTOR-main\MICROPLASTIC_DETECTOR-main\dataset\train\film\film_0266.png
film_0267.png,film,1,train,C:\Users\hs085\Downloads\MICROPLASTIC_DETECTOR-main\MICROPLASTIC_DETECTOR-main\dataset\train\film\film_0267.png
film_0268.png,film,1,train,C:\Users\hs085\Downloads\MICROPLASTIC_DETECTOR-main\MICROPLASTIC_DETECTOR-main\dataset\train\film\film_0268.png
film_0269.png,film,1,train,C:\Users\hs085\Downloads\MICROPLASTIC_DETECTOR-main\MICROPLASTIC_DETECTOR-main\dataset\train\film\film_0269.png
film_0270.png,film,1,train,C:\Users\hs085\Downloads\MICROPLASTIC_DETECTOR-main\MICROPLASTIC_DETECTOR-main\dataset\train\film\film_0270.png
film_0271.png,film,1,train,C:\Users\hs085\Downloads\MICROPLASTIC_DETECTOR-main\MICROPLASTIC_DETECTOR-main\dataset\train\film\film_0271.png
film_0272.png,film,1,train,C:\Users\hs085\Downloads\MICROPLASTIC_DETECTOR-main\MICROPLASTIC_DETECTOR-main\dataset\train\film\film_0272.png
film_0273.png,film,1,train,C:\Users\hs085\Downloads\MICROPLASTIC_DETECTOR-main\MICROPLASTIC_DETECTOR-main\dataset\train\film\film_0273.png
film_0274.png,film,1,train,C:\Users\hs085\Downloads\MICROPLASTIC_DETECTOR-main\MICROPLASTIC_DETECTOR-main\dataset\train\film\film_0274.png
film_0275.png,film,1,train,C:\Users\hs085\Downloads\MICROPLASTIC_DETECTOR-main\MICROPLASTIC_DETECTOR-main\dataset\train\film\film_0275.png
film_0276.png,film,1,train,C:\Users\hs085\Downloads\MICROPLASTIC_DETECTOR-main\MICROPLASTIC_DETECTOR-main\dataset\train\film\film_0276.png
film_0277.png,film,1,train,C:\Users\hs085\Downloads\MICROPLASTIC_DETECTOR-main\MICROPLASTIC_DETECTOR-main\dataset\train\film\film_0277.png
film_0278.png,film,1,train,C:\Users\hs085\Downloads\MICROPLASTIC_DETECTOR-main\MICROPLASTIC_DETECTOR-main\dataset\train\film\film_0278.png
film_0279.png,film,1,train,C:\Users\hs085\Downloads\MICROPLASTIC_DETECTOR-main\MICROPLASTIC_DETECTOR-main\dataset\train\film\film_0279.png
film_0280.png,film,1,train,C:\Users\hs085\Downloads\MICROPLASTIC_DETECTOR-main\MICROPLASTIC_DETECTOR-main\dataset\train\film\film_0280.png
film_0281.png,film,1,train,C:\Users\hs085\Downloads\MICROPLASTIC_DETECTOR-main\MICROPLASTIC_DETECTOR-main\dataset\train\film\film_0281.png
film_0282.png,film,1,train,C:\Users\hs085\Downloads\MICROPLASTIC_DETECTOR-main\MICROPLASTIC_DETECTOR-main\dataset\train\film\film_0282.png
film_0283.png,film,1,train,C:\Users\hs085\Downloads\MICROPLASTIC_DETECTOR-main\MICROPLASTIC_DETECTOR-main\dataset\train\film\film_0283.png
film_0284.png,film,1,train,C:\Users\hs085\Downloads\MICROPLASTIC_DETECTOR-main\MICROPLASTIC_DETECTOR-main\dataset\train\film\film_0284.png
film_0285.png,film,1,train,C:\Users\hs085\Downloads\MICROPLASTIC_DETECTOR-main\MICROPLASTIC_DETECTOR-main\dataset\train\film\film_0285.png
film_0286.png,film,1,train,C:\Users\hs085\Downloads\MICROPLASTIC_DETECTOR-main\MICROPLASTIC_DETECTOR-main\dataset\train\film\film_0286.png
film_0287.png,film,1,train,C:\Users\hs085\Downloads\MICROPLASTIC_DETECTOR-main\MICROPLASTIC_DETECTOR-main\dataset\train\film\film_0287.png
film_0288.png,film,1,train,C:\Users\hs085\Downloads\MICROPLASTIC_DETECTOR-main\MICROPLASTIC_DETECTOR-main\dataset\train\film\film_0288.png
film_0289.png,film,1,train,C:\Users\hs085\Downloads\MICROPLASTIC_DETECTOR-main\MICROPLASTIC_DETECTOR-main\dataset\train\film\film_0289.png
film_0290.png,film,1,train,C:\Users\hs085\Downloads\MICROPLASTIC_DETECTOR-main\MICROPLASTIC_DETECTOR-main\dataset\train\film\film_0290.png
film_0291.png,film,1,train,C:\Users\hs085\Downloads\MICROPLASTIC_DETECTOR-main\MICROPLASTIC_DETECTOR-main\dataset\train\film\film_0291.png
film_0292.png,film,1,train,C:\Users\hs085\Downloads\MICROPLASTIC_DETECTOR-main\MICROPLASTIC_DETECTOR-main\dataset\train\film\film_0292.png
film_0293.png,film,1,train,C:\Users\hs085\Downloads\MICROPLASTIC_DETECTOR-main\MICROPLASTIC_DETECTOR-main\dataset\train\film\film_0293.png
film_0294.png,film,1,train,C:\Users\hs085\Downloads\MICROPLASTIC_DETECTOR-main\MICROPLASTIC_DETECTOR-main\dataset\train\film\film_0294.png
film_0295.png,film,1,train,C:\Users\hs085\Downloads\MICROPLASTIC_DETECTOR-main\MICROPLASTIC_DETECTOR-main\dataset\train\film\film_0295.png
film_0296.png,film,1,train,C:\Users\hs085\Downloads\MICROPLASTIC_DETECTOR-main\MICROPLASTIC_DETECTOR-main\dataset\train\film\film_0296.png
film_0297.png,film,1,train,C:\Users\hs085\Downloads\MICROPLASTIC_DETECTOR-main\MICROPLASTIC_DETECTOR-main\dataset\train\film\film_0297.png
film_0298.png,film,1,train,C:\Users\hs085\Downloads\MICROPLASTIC_DETECTOR-main\MICROPLASTIC_DETECTOR-main\dataset\train\film\film_0298.png
film_0299.png,film,1,train,C:\Users\hs085\Downloads\MICROPLASTIC_DETECTOR-main\MICROPLASTIC_DETECTOR-main\dataset\train\film\film_0299.png
film_0300.png,film,1,train,C:\Users\hs085\Downloads\MICROPLASTIC_DETECTOR-main\MICROPLASTIC_DETECTOR-main\dataset\train\film\film_0300.png
film_0301.png,film,1,train,C:\Users\hs085\Downloads\MICROPLASTIC_DETECTOR-main\MICROPLASTIC_DETECTOR-main\dataset\train\film\film_0301.png
film_0302.png,film,1,train,C:\Users\hs085\Downloads\MICROPLASTIC_DETECTOR-main\MICROPLASTIC_DETECTOR-main\dataset\train\film\film_0302.png
film_0303.png,film,1,train,C:\Users\hs085\Downloads\MICROPLASTIC_DETECTOR-main\MICROPLASTIC_DETECTOR-main\dataset\train\film\film_0303.png
film_0304.png,film,1,train,C:\Users\hs085\Downloads\MICROPLASTIC_DETECTOR-main\MICROPLASTIC_DETECTOR-main\dataset\train\film\film_0304.png
film_0305.png,film,1,train,C:\Users\hs085\Downloads\MICROPLASTIC_DETECTOR-main\MICROPLASTIC_DETECTOR-main\dataset\train\film\film_0305.png
film_0306.png,film,1,train,C:\Users\hs085\Downloads\MICROPLASTIC_DETECTOR-main\MICROPLASTIC_DETECTOR-main\dataset\train\film\film_0306.png
film_0307.png,film,1,train,C:\Users\hs085\Downloads\MICROPLASTIC_DETECTOR-main\MICROPLASTIC_DETECTOR-main\dataset\train\film\film_0307.png
film_0308.png,film,1,train,C:\Users\hs085\Downloads\MICROPLASTIC_DETECTOR-main\MICROPLASTIC_DETECTOR-main\dataset\train\film\film_0308.png
film_0309.png,film,1,train,C:\Users\hs085\Downloads\MICROPLASTIC_DETECTOR-main\MICROPLASTIC_DETECTOR-main\dataset\train\film\film_0309.png
film_0310.png,film,1,train,C:\Users\hs085\Downloads\MICROPLASTIC_DETECTOR-main\MICROPLASTIC_DETECTOR-main\dataset\train\film\film_0310.png
film_0311.png,film,1,train,C:\Users\hs085\Downloads\MICROPLASTIC_DETECTOR-main\MICROPLASTIC_DETECTOR-main\dataset\train\film\film_0311.png
film_0312.png,film,1,train,C:\Users\hs085\Downloads\MICROPLASTIC_DETECTOR-main\MICROPLASTIC_DETECTOR-main\dataset\train\film\film_0312.png
film_0313.png,film,1,train,C:\Users\hs085\Downloads\MICROPLASTIC_DETECTOR-main\MICROPLASTIC_DETECTOR-main\dataset\train\film\film_0313.png
film_0314.png,film,1,train,C:\Users\hs085\Downloads\MICROPLASTIC_DETECTOR-main\MICROPLASTIC_DETECTOR-main\dataset\train\film\film_0314.png
film_0315.png,film,1,train,C:\Users\hs085\Downloads\MICROPLASTIC_DETECTOR-main\MICROPLASTIC_DETECTOR-main\dataset\train\film\film_0315.png
film_0316.png,film,1,train,C:\Users\hs085\Downloads\MICROPLASTIC_DETECTOR-main\MICROPLASTIC_DETECTOR-main\dataset\train\film\film_0316.png
film_0317.png,film,1,train,C:\Users\hs085\Downloads\MICROPLASTIC_DETECTOR-main\MICROPLASTIC_DETECTOR-main\dataset\train\film\film_0317.png
film_0318.png,film,1,train,C:\Users\hs085\Downloads\MICROPLASTIC_DETECTOR-main\MICROPLASTIC_DETECTOR-main\dataset\train\film\film_0318.png
film_0319.png,film,1,train,C:\Users\hs085\Downloads\MICROPLASTIC_DETECTOR-main\MICROPLASTIC_DETECTOR-main\dataset\train\film\film_0319.png
film_0320.png,film,1,train,C:\Users\hs085\Downloads\MICROPLASTIC_DETECTOR-main\MICROPLASTIC_DETECTOR-main\dataset\train\film\film_0320.png
film_0321.png,film,1,train,C:\Users\hs085\Downloads\MICROPLASTIC_DETECTOR-main\MICROPLASTIC_DETECTOR-main\dataset\train\film\film_0321.png
film_0322.png,film,1,train,C:\Users\hs085\Downloads\MICROPLASTIC_DETECTOR-main\MICROPLASTIC_DETECTOR-main\dataset\train\film\film_0322.png
film_0323.png,film,1,train,C:\Users\hs085\Downloads\MICROPLASTIC_DETECTOR-main\MICROPLASTIC_DETECTOR-main\dataset\train\film\film_0323.png
film_0324.png,film,1,train,C:\Users\hs085\Downloads\MICROPLASTIC_DETECTOR-main\MICROPLASTIC_DETECTOR-main\dataset\train\film\film_0324.png
film_0325.png,film,1,train,C:\Users\hs085\Downloads\MICROPLASTIC_DETECTOR-main\MICROPLASTIC_DETECTOR-main\dataset\train\film\film_0325.png
film_0326.png,film,1,train,C:\Users\hs085\Downloads\MICROPLASTIC_DETECTOR-main\MICROPLASTIC_DETECTOR-main\dataset\train\film\film_0326.png
film_0327.png,film,1,train,C:\Users\hs085\Downloads\MICROPLASTIC_DETECTOR-main\MICROPLASTIC_DETECTOR-main\dataset\train\film\film_0327.png
film_0328.png,film,1,train,C:\Users\hs085\Downloads\MICROPLASTIC_DETECTOR-main\MICROPLASTIC_DETECTOR-main\dataset\train\film\film_0328.png
film_0329.png,film,1,train,C:\Users\hs085\Downloads\MICROPLASTIC_DETECTOR-main\MICROPLASTIC_DETECTOR-main\dataset\train\film\film_0329.png
film_0330.png,film,1,train,C:\Users\hs085\Downloads\MICROPLASTIC_DETECTOR-main\MICROPLASTIC_DETECTOR-main\dataset\train\film\film_0330.png
film_0331.png,film,1,train,C:\Users\hs085\Downloads\MICROPLASTIC_DETECTOR-main\MICROPLASTIC_DETECTOR-main\dataset\train\film\film_0331.png
film_0332.png,film,1,train,C:\Users\hs085\Downloads\MICROPLASTIC_DETECTOR-main\MICROPLASTIC_DETECTOR-main\dataset\train\film\film_0332.png
film_0333.png,film,1,train,C:\Users\hs085\Downloads\MICROPLASTIC_DETECTOR-main\MICROPLASTIC_DETECTOR-main\dataset\train\film\film_0333.png
film_0334.png,film,1,train,C:\Users\hs085\Downloads\MICROPLASTIC_DETECTOR-main\MICROPLASTIC_DETECTOR-main\dataset\train\film\film_0334.png
film_0335.png,film,1,train,C:\Users\hs085\Downloads\MICROPLASTIC_DETECTOR-main\MICROPLASTIC_DETECTOR-main\dataset\train\film\film_0335.png
film_0336.png,film,1,train,C:\Users\hs085\Downloads\MICROPLASTIC_DETECTOR-main\MICROPLASTIC_DETECTOR-main\dataset\train\film\film_0336.png
film_0337.png,film,1,train,C:\Users\hs085\Downloads\MICROPLASTIC_DETECTOR-main\MICROPLASTIC_DETECTOR-main\dataset\train\film\film_0337.png
film_0338.png,film,1,train,C:\Users\hs085\Downloads\MICROPLASTIC_DETECTOR-main\MICROPLASTIC_DETECTOR-main\dataset\train\film\film_0338.png
film_0339.png,film,1,train,C:\Users\hs085\Downloads\MICROPLASTIC_DETECTOR-main\MICROPLASTIC_DETECTOR-main\dataset\train\film\film_0339.png
film_0340.png,film,1,train,C:\Users\hs085\Downloads\MICROPLASTIC_DETECTOR-main\MICROPLASTIC_DETECTOR-main\dataset\train\film\film_0340.png
film_0341.png,film,1,train,C:\Users\hs085\Downloads\MICROPLASTIC_DETECTOR-main\MICROPLASTIC_DETECTOR-main\dataset\train\film\film_0341.png
film_0342.png,film,1,train,C:\Users\hs085\Downloads\MICROPLASTIC_DETECTOR-main\MICROPLASTIC_DETECTOR-main\dataset\train\film\film_0342.png
film_0343.png,film,1,train,C:\Users\hs085\Downloads\MICROPLASTIC_DETECTOR-main\MICROPLASTIC_DETECTOR-main\dataset\train\film\film_0343.png
film_0344.png,film,1,train,C:\Users\hs085\Downloads\MICROPLASTIC_DETECTOR-main\MICROPLASTIC_DETECTOR-main\dataset\train\film\film_0344.png
film_0345.png,film,1,train,C:\Users\hs085\Downloads\MICROPLASTIC_DETECTOR-main\MICROPLASTIC_DETECTOR-main\dataset\train\film\film_0345.png
film_0346.png,film,1,train,C:\Users\hs085\Downloads\MICROPLASTIC_DETECTOR-main\MICROPLASTIC_DETECTOR-main\dataset\train\film\film_0346.png
film_0347.png,film,1,train,C:\Users\hs085\Downloads\MICROPLASTIC_DETECTOR-main\MICROPLASTIC_DETECTOR-main\dataset\train\film\film_0347.png
film_0348.png,film,1,train,C:\Users\hs085\Downloads\MICROPLASTIC_DETECTOR-main\MICROPLASTIC_DETECTOR-main\dataset\train\film\film_0348.png
film_0349.png,film,1,train,C:\Users\hs085\Downloads\MICROPLASTIC_DETECTOR-main\MICROPLASTIC_DETECTOR-main\dataset\train\film\film_0349.png
film_0350.png,film,1,train,C:\Users\hs085\Downloads\MICROPLASTIC_DETECTOR-main\MICROPLASTIC_DETECTOR-main\dataset\train\film\film_0350.png
film_0351.png,film,1,train,C:\Users\hs085\Downloads\MICROPLASTIC_DETECTOR-main\MICROPLASTIC_DETECTOR-main\dataset\train\film\film_0351.png
film_0352.png,film,1,train,C:\Users\hs085\Downloads\MICROPLASTIC_DETECTOR-main\MICROPLASTIC_DETECTOR-main\dataset\train\film\film_0352.png
film_0353.png,film,1,train,C:\Users\hs085\Downloads\MICROPLASTIC_DETECTOR-main\MICROPLASTIC_DETECTOR-main\dataset\train\film\film_0353.png
film_0354.png,film,1,train,C:\Users\hs085\Downloads\MICROPLASTIC_DETECTOR-main\MICROPLASTIC_DETECTOR-main\dataset\train\film\film_0354.png
film_0355.png,film,1,train,C:\Users\hs085\Downloads\MICROPLASTIC_DETECTOR-main\MICROPLASTIC_DETECTOR-main\dataset\train\film\film_0355.png
film_0356.png,film,1,train,C:\Users\hs085\Downloads\MICROPLASTIC_DETECTOR-main\MICROPLASTIC_DETECTOR-main\dataset\train\film\film_0356.png
film_0357.png,film,1,train,C:\Users\hs085\Downloads\MICROPLASTIC_DETECTOR-main\MICROPLASTIC_DETECTOR-main\dataset\train\film\film_0357.png
film_0358.png,film,1,train,C:\Users\hs085\Downloads\MICROPLASTIC_DETECTOR-main\MICROPLASTIC_DETECTOR-main\dataset\train\film\film_0358.png
film_0359.png,film,1,train,C:\Users\hs085\Downloads\MICROPLASTIC_DETECTOR-main\MICROPLASTIC_DETECTOR-main\dataset\train\film\film_0359.png
film_0360.png,film,1,train,C:\Users\hs085\Downloads\MICROPLASTIC_DETECTOR-main\MICROPLASTIC_DETECTOR-main\dataset\train\film\film_0360.png
film_0361.png,film,1,train,C:\Users\hs085\Downloads\MICROPLASTIC_DETECTOR-main\MICROPLASTIC_DETECTOR-main\dataset\train\film\film_0361.png
film_0362.png,film,1,train,C:\Users\hs085\Downloads\MICROPLASTIC_DETECTOR-main\MICROPLASTIC_DETECTOR-main\dataset\train\film\film_0362.png
film_0363.png,film,1,train,C:\Users\hs085\Downloads\MICROPLASTIC_DETECTOR-main\MICROPLASTIC_DETECTOR-main\dataset\train\film\film_0363.png
film_0364.png,film,1,train,C:\Users\hs085\Downloads\MICROPLASTIC_DETECTOR-main\MICROPLASTIC_DETECTOR-main\dataset\train\film\film_0364.png
film_0365.png,film,1,train,C:\Users\hs085\Downloads\MICROPLASTIC_DETECTOR-main\MICROPLASTIC_DETECTOR-main\dataset\train\film\film_0365.png
film_0366.png,film,1,train,C:\Users\hs085\Downloads\MICROPLASTIC_DETECTOR-main\MICROPLASTIC_DETECTOR-main\dataset\train\film\film_0366.png
film_0367.png,film,1,train,C:\Users\hs085\Downloads\MICROPLASTIC_DETECTOR-main\MICROPLASTIC_DETECTOR-main\dataset\train\film\film_0367.png
film_0368.png,film,1,train,C:\Users\hs085\Downloads\MICROPLASTIC_DETECTOR-main\MICROPLASTIC_DETECTOR-main\dataset\train\film\film_0368.png
film_0369.png,film,1,train,C:\Users\hs085\Downloads\MICROPLASTIC_DETECTOR-main\MICROPLASTIC_DETECTOR-main\dataset\train\film\film_0369.png
film_0370.png,film,1,train,C:\Users\hs085\Downloads\MICROPLASTIC_DETECTOR-main\MICROPLASTIC_DETECTOR-main\dataset\train\film\film_0370.png
film_0371.png,film,1,train,C:\Users\hs085\Downloads\MICROPLASTIC_DETECTOR-main\MICROPLASTIC_DETECTOR-main\dataset\train\film\film_0371.png
film_0372.png,film,1,train,C:\Users\hs085\Downloads\MICROPLASTIC_DETECTOR-main\MICROPLASTIC_DETECTOR-main\dataset\train\film\film_0372.png
film_0373.png,film,1,train,C:\Users\hs085\Downloads\MICROPLASTIC_DETECTOR-main\MICROPLASTIC_DETECTOR-main\dataset\train\film\film_0373.png
film_0374.png,film,1,train,C:\Users\hs085\Downloads\MICROPLASTIC_DETECTOR-main\MICROPLASTIC_DETECTOR-main\dataset\train\film\film_0374.png
film_0375.png,film,1,train,C:\Users\hs085\Downloads\MICROPLASTIC_DETECTOR-main\MICROPLASTIC_DETECTOR-main\dataset\train\film\film_0375.png
film_0376.png,film,1,train,C:\Users\hs085\Downloads\MICROPLASTIC_DETECTOR-main\MICROPLASTIC_DETECTOR-main\dataset\train\film\film_0376.png
film_0377.png,film,1,train,C:\Users\hs085\Downloads\MICROPLASTIC_DETECTOR-main\MICROPLASTIC_DETECTOR-main\dataset\train\film\film_0377.png
film_0378.png,film,1,train,C:\Users\hs085\Downloads\MICROPLASTIC_DETECTOR-main\MICROPLASTIC_DETECTOR-main\dataset\train\film\film_0378.png
film_0379.png,film,1,train,C:\Users\hs085\Downloads\MICROPLASTIC_DETECTOR-main\MICROPLASTIC_DETECTOR-main\dataset\train\film\film_0379.png
film_0380.png,film,1,train,C:\Users\hs085\Downloads\MICROPLASTIC_DETECTOR-main\MICROPLASTIC_DETECTOR-main\dataset\train\film\film_0380.png
film_0381.png,film,1,train,C:\Users\hs085\Downloads\MICROPLASTIC_DETECTOR-main\MICROPLASTIC_DETECTOR-main\dataset\train\film\film_0381.png
film_0382.png,film,1,train,C:\Users\hs085\Downloads\MICROPLASTIC_DETECTOR-main\MICROPLASTIC_DETECTOR-main\dataset\train\film\film_0382.png
film_0383.png,film,1,train,C:\Users\hs085\Downloads\MICROPLASTIC_DETECTOR-main\MICROPLASTIC_DETECTOR-main\dataset\train\film\film_0383.png
film_0384.png,film,1,train,C:\Users\hs085\Downloads\MICROPLASTIC_DETECTOR-main\MICROPLASTIC_DETECTOR-main\dataset\train\film\film_0384.png
film_0385.png,film,1,train,C:\Users\hs085\Downloads\MICROPLASTIC_DETECTOR-main\MICROPLASTIC_DETECTOR-main\dataset\train\film\film_0385.png
film_0386.png,film,1,train,C:\Users\hs085\Downloads\MICROPLASTIC_DETECTOR-main\MICROPLASTIC_DETECTOR-main\dataset\train\film\film_0386.png
film_0387.png,film,1,train,C:\Users\hs085\Downloads\MICROPLASTIC_DETECTOR-main\MICROPLASTIC_DETECTOR-main\dataset\train\film\film_0387.png
film_0388.png,film,1,train,C:\Users\hs085\Downloads\MICROPLASTIC_DETECTOR-main\MICROPLASTIC_DETECTOR-main\dataset\train\film\film_0388.png
film_0389.png,film,1,train,C:\Users\hs085\Downloads\MICROPLASTIC_DETECTOR-main\MICROPLASTIC_DETECTOR-main\dataset\train\film\film_0389.png
film_0390.png,film,1,train,C:\Users\hs085\Downloads\MICROPLASTIC_DETECTOR-main\MICROPLASTIC_DETECTOR-main\dataset\train\film\film_0390.png
film_0391.png,film,1,train,C:\Users\hs085\Downloads\MICROPLASTIC_DETECTOR-main\MICROPLASTIC_DETECTOR-main\dataset\train\film\film_0391.png
film_0392.png,film,1,train,C:\Users\hs085\Downloads\MICROPLASTIC_DETECTOR-main\MICROPLASTIC_DETECTOR-main\dataset\train\film\film_0392.png
film_0393.png,film,1,train,C:\Users\hs085\Downloads\MICROPLASTIC_DETECTOR-main\MICROPLASTIC_DETECTOR-main\dataset\train\film\film_0393.png
film_0394.png,film,1,train,C:\Users\hs085\Downloads\MICROPLASTIC_DETECTOR-main\MICROPLASTIC_DETECTOR-main\dataset\train\film\film_0394.png
film_0395.png,film,1,train,C:\Users\hs085\Downloads\MICROPLASTIC_DETECTOR-main\MICROPLASTIC_DETECTOR-main\dataset\train\film\film_0395.png
film_0396.png,film,1,train,C:\Users\hs085\Downloads\MICROPLASTIC_DETECTOR-main\MICROPLASTIC_DETECTOR-main\dataset\train\film\film_0396.png
film_0397.png,film,1,train,C:\Users\hs085\Downloads\MICROPLASTIC_DETECTOR-main\MICROPLASTIC_DETECTOR-main\dataset\train\film\film_0397.png
film_0398.png,film,1,train,C:\Users\hs085\Downloads\MICROPLASTIC_DETECTOR-main\MICROPLASTIC_DETECTOR-main\dataset\train\film\film_0398.png
film_0399.png,film,1,train,C:\Users\hs085\Downloads\MICROPLASTIC_DETECTOR-main\MICROPLASTIC_DETECTOR-main\dataset\train\film\film_0399.png
film_0400.png,film,1,train,C:\Users\hs085\Downloads\MICROPLASTIC_DETECTOR-main\MICROPLASTIC_DETECTOR-main\dataset\train\film\film_0400.png
film_0401.png,film,1,train,C:\Users\hs085\Downloads\MICROPLASTIC_DETECTOR-main\MICROPLASTIC_DETECTOR-main\dataset\train\film\film_0401.png
film_0402.png,film,1,train,C:\Users\hs085\Downloads\MICROPLASTIC_DETECTOR-main\MICROPLASTIC_DETECTOR-main\dataset\train\film\film_0402.png
film_0403.png,film,1,train,C:\Users\hs085\Downloads\MICROPLASTIC_DETECTOR-main\MICROPLASTIC_DETECTOR-main\dataset\train\film\film_0403.png
film_0404.png,film,1,train,C:\Users\hs085\Downloads\MICROPLASTIC_DETECTOR-main\MICROPLASTIC_DETECTOR-main\dataset\train\film\film_0404.png
film_0405.png,film,1,train,C:\Users\hs085\Downloads\MICROPLASTIC_DETECTOR-main\MICROPLASTIC_DETECTOR-main\dataset\train\film\film_0405.png
film_0406.png,film,1,train,C:\Users\hs085\Downloads\MICROPLASTIC_DETECTOR-main\MICROPLASTIC_DETECTOR-main\dataset\train\film\film_0406.png
film_0407.png,film,1,train,C:\Users\hs085\Downloads\MICROPLASTIC_DETECTOR-main\MICROPLASTIC_DETECTOR-main\dataset\train\film\film_0407.png
film_0408.png,film,1,train,C:\Users\hs085\Downloads\MICROPLASTIC_DETECTOR-main\MICROPLASTIC_DETECTOR-main\dataset\train\film\film_0408.png
film_0409.png,film,1,train,C:\Users\hs085\Downloads\MICROPLASTIC_DETECTOR-main\MICROPLASTIC_DETECTOR-main\dataset\train\film\film_0409.png
film_0410.png,film,1,train,C:\Users\hs085\Downloads\MICROPLASTIC_DETECTOR-main\MICROPLASTIC_DETECTOR-main\dataset\train\film\film_0410.png
film_0411.png,film,1,train,C:\Users\hs085\Downloads\MICROPLASTIC_DETECTOR-main\MICROPLASTIC_DETECTOR-main\dataset\train\film\film_0411.png
film_0412.png,film,1,train,C:\Users\hs085\Downloads\MICROPLASTIC_DETECTOR-main\MICROPLASTIC_DETECTOR-main\dataset\train\film\film_0412.png
film_0413.png,film,1,train,C:\Users\hs085\Downloads\MICROPLASTIC_DETECTOR-main\MICROPLASTIC_DETECTOR-main\dataset\train\film\film_0413.png
film_0414.png,film,1,train,C:\Users\hs085\Downloads\MICROPLASTIC_DETECTOR-main\MICROPLASTIC_DETECTOR-main\dataset\train\film\film_0414.png
film_0415.png,film,1,train,C:\Users\hs085\Downloads\MICROPLASTIC_DETECTOR-main\MICROPLASTIC_DETECTOR-main\dataset\train\film\film_0415.png
film_0416.png,film,1,train,C:\Users\hs085\Downloads\MICROPLASTIC_DETECTOR-main\MICROPLASTIC_DETECTOR-main\dataset\train\film\film_0416.png
film_0417.png,film,1,train,C:\Users\hs085\Downloads\MICROPLASTIC_DETECTOR-main\MICROPLASTIC_DETECTOR-main\dataset\train\film\film_0417.png
film_0418.png,film,1,train,C:\Users\hs085\Downloads\MICROPLASTIC_DETECTOR-main\MICROPLASTIC_DETECTOR-main\dataset\train\film\film_0418.png
film_0419.png,film,1,train,C:\Users\hs085\Downloads\MICROPLASTIC_DETECTOR-main\MICROPLASTIC_DETECTOR-main\dataset\train\film\film_0419.png
film_0420.png,film,1,train,C:\Users\hs085\Downloads\MICROPLASTIC_DETECTOR-main\MICROPLASTIC_DETECTOR-main\dataset\train\film\film_0420.png
film_0421.png,film,1,train,C:\Users\hs085\Downloads\MICROPLASTIC_DETECTOR-main\MICROPLASTIC_DETECTOR-main\dataset\train\film\film_0421.png
film_0422.png,film,1,train,C:\Users\hs085\Downloads\MICROPLASTIC_DETECTOR-main\MICROPLASTIC_DETECTOR-main\dataset\train\film\film_0422.png
film_0423.png,film,1,train,C:\Users\hs085\Downloads\MICROPLASTIC_DETECTOR-main\MICROPLASTIC_DETECTOR-main\dataset\train\film\film_0423.png
film_0424.png,film,1,train,C:\Users\hs085\Downloads\MICROPLASTIC_DETECTOR-main\MICROPLASTIC_DETECTOR-main\dataset\train\film\film_0424.png
film_0425.png,film,1,train,C:\Users\hs085\Downloads\MICROPLASTIC_DETECTOR-main\MICROPLASTIC_DETECTOR-main\dataset\train\film\film_0425.png
film_0426.png,film,1,train,C:\Users\hs085\Downloads\MICROPLASTIC_DETECTOR-main\MICROPLASTIC_DETECTOR-main\dataset\train\film\film_0426.png
film_0427.png,film,1,train,C:\Users\hs085\Downloads\MICROPLASTIC_DETECTOR-main\MICROPLASTIC_DETECTOR-main\dataset\train\film\film_0427.png
film_0428.png,film,1,train,C:\Users\hs085\Downloads\MICROPLASTIC_DETECTOR-main\MICROPLASTIC_DETECTOR-main\dataset\train\film\film_0428.png
film_0429.png,film,1,train,C:\Users\hs085\Downloads\MICROPLASTIC_DETECTOR-main\MICROPLASTIC_DETECTOR-main\dataset\train\film\film_0429.png
film_0430.png,film,1,train,C:\Users\hs085\Downloads\MICROPLASTIC_DETECTOR-main\MICROPLASTIC_DETECTOR-main\dataset\train\film\film_0430.png
film_0431.png,film,1,train,C:\Users\hs085\Downloads\MICROPLASTIC_DETECTOR-main\MICROPLASTIC_DETECTOR-main\dataset\train\film\film_0431.png
film_0432.png,film,1,train,C:\Users\hs085\Downloads\MICROPLASTIC_DETECTOR-main\MICROPLASTIC_DETECTOR-main\dataset\train\film\film_0432.png
film_0433.png,film,1,train,C:\Users\hs085\Downloads\MICROPLASTIC_DETECTOR-main\MICROPLASTIC_DETECTOR-main\dataset\train\film\film_0433.png
film_0434.png,film,1,train,C:\Users\hs085\Downloads\MICROPLASTIC_DETECTOR-main\MICROPLASTIC_DETECTOR-main\dataset\train\film\film_0434.png
film_0435.png,film,1,train,C:\Users\hs085\Downloads\MICROPLASTIC_DETECTOR-main\MICROPLASTIC_DETECTOR-main\dataset\train\film\film_0435.png
film_0436.png,film,1,train,C:\Users\hs085\Downloads\MICROPLASTIC_DETECTOR-main\MICROPLASTIC_DETECTOR-main\dataset\train\film\film_0436.png
film_0437.png,film,1,train,C:\Users\hs085\Downloads\MICROPLASTIC_DETECTOR-main\MICROPLASTIC_DETECTOR-main\dataset\train\film\film_0437.png
film_0438.png,film,1,train,C:\Users\hs085\Downloads\MICROPLASTIC_DETECTOR-main\MICROPLASTIC_DETECTOR-main\dataset\train\film\film_0438.png
film_0439.png,film,1,train,C:\Users\hs085\Downloads\MICROPLASTIC_DETECTOR-main\MICROPLASTIC_DETECTOR-main\dataset\train\film\film_0439.png
film_0440.png,film,1,train,C:\Users\hs085\Downloads\MICROPLASTIC_DETECTOR-main\MICROPLASTIC_DETECTOR-main\dataset\train\film\film_0440.png
film_0441.png,film,1,train,C:\Users\hs085\Downloads\MICROPLASTIC_DETECTOR-main\MICROPLASTIC_DETECTOR-main\dataset\train\film\film_0441.png
film_0442.png,film,1,train,C:\Users\hs085\Downloads\MICROPLASTIC_DETECTOR-main\MICROPLASTIC_DETECTOR-main\dataset\train\film\film_0442.png
film_0443.png,film,1,train,C:\Users\hs085\Downloads\MICROPLASTIC_DETECTOR-main\MICROPLASTIC_DETECTOR-main\dataset\train\film\film_0443.png
film_0444.png,film,1,train,C:\Users\hs085\Downloads\MICROPLASTIC_DETECTOR-main\MICROPLASTIC_DETECTOR-main\dataset\train\film\film_0444.png
film_0445.png,film,1,train,C:\Users\hs085\Downloads\MICROPLASTIC_DETECTOR-main\MICROPLASTIC_DETECTOR-main\dataset\train\film\film_0445.png
film_0446.png,film,1,train,C:\Users\hs085\Downloads\MICROPLASTIC_DETECTOR-main\MICROPLASTIC_DETECTOR-main\dataset\train\film\film_0446.png
film_0447.png,film,1,train,C:\Users\hs085\Downloads\MICROPLASTIC_DETECTOR-main\MICROPLASTIC_DETECTOR-main\dataset\train\film\film_0447.png
film_0448.png,film,1,train,C:\Users\hs085\Downloads\MICROPLASTIC_DETECTOR-main\MICROPLASTIC_DETECTOR-main\dataset\train\film\film_0448.png
film_0449.png,film,1,train,C:\Users\hs085\Downloads\MICROPLASTIC_DETECTOR-main\MICROPLASTIC_DETECTOR-main\dataset\train\film\film_0449.png
film_0450.png,film,1,train,C:\Users\hs085\Downloads\MICROPLASTIC_DETECTOR-main\MICROPLASTIC_DETECTOR-main\dataset\train\film\film_0450.png
film_0451.png,film,1,train,C:\Users\hs085\Downloads\MICROPLASTIC_DETECTOR-main\MICROPLASTIC_DETECTOR-main\dataset\train\film\film_0451.png
film_0452.png,film,1,train,C:\Users\hs085\Downloads\MICROPLASTIC_DETECTOR-main\MICROPLASTIC_DETECTOR-main\dataset\train\film\film_0452.png
film_0453.png,film,1,train,C:\Users\hs085\Downloads\MICROPLASTIC_DETECTOR-main\MICROPLASTIC_DETECTOR-main\dataset\train\film\film_0453.png
film_0454.png,film,1,train,C:\Users\hs085\Downloads\MICROPLASTIC_DETECTOR-main\MICROPLASTIC_DETECTOR-main\dataset\train\film\film_0454.png
film_0455.png,film,1,train,C:\Users\hs085\Downloads\MICROPLASTIC_DETECTOR-main\MICROPLASTIC_DETECTOR-main\dataset\train\film\film_0455.png
film_0456.png,film,1,train,C:\Users\hs085\Downloads\MICROPLASTIC_DETECTOR-main\MICROPLASTIC_DETECTOR-main\dataset\train\film\film_0456.png
film_0457.png,film,1,train,C:\Users\hs085\Downloads\MICROPLASTIC_DETECTOR-main\MICROPLASTIC_DETECTOR-main\dataset\train\film\film_0457.png
film_0458.png,film,1,train,C:\Users\hs085\Downloads\MICROPLASTIC_DETECTOR-main\MICROPLASTIC_DETECTOR-main\dataset\train\film\film_0458.png
film_0459.png,film,1,train,C:\Users\hs085\Downloads\MICROPLASTIC_DETECTOR-main\MICROPLASTIC_DETECTOR-main\dataset\train\film\film_0459.png
film_0460.png,film,1,train,C:\Users\hs085\Downloads\MICROPLASTIC_DETECTOR-main\MICROPLASTIC_DETECTOR-main\dataset\train\film\film_0460.png
film_0461.png,film,1,train,C:\Users\hs085\Downloads\MICROPLASTIC_DETECTOR-main\MICROPLASTIC_DETECTOR-main\dataset\train\film\film_0461.png
film_0462.png,film,1,train,C:\Users\hs085\Downloads\MICROPLASTIC_DETECTOR-main\MICROPLASTIC_DETECTOR-main\dataset\train\film\film_0462.png
film_0463.png,film,1,train,C:\Users\hs085\Downloads\MICROPLASTIC_DETECTOR-main\MICROPLASTIC_DETECTOR-main\dataset\train\film\film_0463.png
film_0464.png,film,1,train,C:\Users\hs085\Downloads\MICROPLASTIC_DETECTOR-main\MICROPLASTIC_DETECTOR-main\dataset\train\film\film_0464.png
film_0465.png,film,1,train,C:\Users\hs085\Downloads\MICROPLASTIC_DETECTOR-main\MICROPLASTIC_DETECTOR-main\dataset\train\film\film_0465.png
film_0466.png,film,1,train,C:\Users\hs085\Downloads\MICROPLASTIC_DETECTOR-main\MICROPLASTIC_DETECTOR-main\dataset\train\film\film_0466.png
film_0467.png,film,1,train,C:\Users\hs085\Downloads\MICROPLASTIC_DETECTOR-main\MICROPLASTIC_DETECTOR-main\dataset\train\film\film_0467.png
film_0468.png,film,1,train,C:\Users\hs085\Downloads\MICROPLASTIC_DETECTOR-main\MICROPLASTIC_DETECTOR-main\dataset\train\film\film_0468.png
film_0469.png,film,1,train,C:\Users\hs085\Downloads\MICROPLASTIC_DETECTOR-main\MICROPLASTIC_DETECTOR-main\dataset\train\film\film_0469.png
film_0470.png,film,1,train,C:\Users\hs085\Downloads\MICROPLASTIC_DETECTOR-main\MICROPLASTIC_DETECTOR-main\dataset\train\film\film_0470.png
film_0471.png,film,1,train,C:\Users\hs085\Downloads\MICROPLASTIC_DETECTOR-main\MICROPLASTIC_DETECTOR-main\dataset\train\film\film_0471.png
film_0472.png,film,1,train,C:\Users\hs085\Downloads\MICROPLASTIC_DETECTOR-main\MICROPLASTIC_DETECTOR-main\dataset\train\film\film_0472.png
film_0473.png,film,1,train,C:\Users\hs085\Downloads\MICROPLASTIC_DETECTOR-main\MICROPLASTIC_DETECTOR-main\dataset\train\film\film_0473.png
film_0474.png,film,1,train,C:\Users\hs085\Downloads\MICROPLASTIC_DETECTOR-main\MICROPLASTIC_DETECTOR-main\dataset\train\film\film_0474.png
film_0475.png,film,1,train,C:\Users\hs085\Downloads\MICROPLASTIC_DETECTOR-main\MICROPLASTIC_DETECTOR-main\dataset\train\film\film_0475.png
film_0476.png,film,1,train,C:\Users\hs085\Downloads\MICROPLASTIC_DETECTOR-main\MICROPLASTIC_DETECTOR-main\dataset\train\film\film_0476.png
film_0477.png,film,1,train,C:\Users\hs085\Downloads\MICROPLASTIC_DETECTOR-main\MICROPLASTIC_DETECTOR-main\dataset\train\film\film_0477.png
film_0478.png,film,1,train,C:\Users\hs085\Downloads\MICROPLASTIC_DETECTOR-main\MICROPLASTIC_DETECTOR-main\dataset\train\film\film_0478.png
film_0479.png,film,1,train,C:\Users\hs085\Downloads\MICROPLASTIC_DETECTOR-main\MICROPLASTIC_DETECTOR-main\dataset\train\film\film_0479.png
film_0480.png,film,1,train,C:\Users\hs085\Downloads\MICROPLASTIC_DETECTOR-main\MICROPLASTIC_DETECTOR-main\dataset\train\film\film_0480.png
film_0481.png,film,1,train,C:\Users\hs085\Downloads\MICROPLASTIC_DETECTOR-main\MICROPLASTIC_DETECTOR-main\dataset\train\film\film_0481.png
film_0482.png,film,1,train,C:\Users\hs085\Downloads\MICROPLASTIC_DETECTOR-main\MICROPLASTIC_DETECTOR-main\dataset\train\film\film_0482.png
film_0483.png,film,1,train,C:\Users\hs085\Downloads\MICROPLASTIC_DETECTOR-main\MICROPLASTIC_DETECTOR-main\dataset\train\film\film_0483.png
film_0484.png,film,1,train,C:\Users\hs085\Downloads\MICROPLASTIC_DETECTOR-main\MICROPLASTIC_DETECTOR-main\dataset\train\film\film_0484.png
film_0485.png,film,1,train,C:\Users\hs085\Downloads\MICROPLASTIC_DETECTOR-main\MICROPLASTIC_DETECTOR-main\dataset\train\film\film_0485.png
film_0486.png,film,1,train,C:\Users\hs085\Downloads\MICROPLASTIC_DETECTOR-main\MICROPLASTIC_DETECTOR-main\dataset\train\film\film_0486.png
film_0487.png,film,1,train,C:\Users\hs085\Downloads\MICROPLASTIC_DETECTOR-main\MICROPLASTIC_DETECTOR-main\dataset\train\film\film_0487.png
film_0488.png,film,1,train,C:\Users\hs085\Downloads\MICROPLASTIC_DETECTOR-main\MICROPLASTIC_DETECTOR-main\dataset\train\film\film_0488.png
film_0489.png,film,1,train,C:\Users\hs085\Downloads\MICROPLASTIC_DETECTOR-main\MICROPLASTIC_DETECTOR-main\dataset\train\film\film_0489.png
film_0490.png,film,1,train,C:\Users\hs085\Downloads\MICROPLASTIC_DETECTOR-main\MICROPLASTIC_DETECTOR-main\dataset\train\film\film_0490.png
film_0491.png,film,1,train,C:\Users\hs085\Downloads\MICROPLASTIC_DETECTOR-main\MICROPLASTIC_DETECTOR-main\dataset\train\film\film_0491.png
film_0492.png,film,1,train,C:\Users\hs085\Downloads\MICROPLASTIC_DETECTOR-main\MICROPLASTIC_DETECTOR-main\dataset\train\film\film_0492.png
film_0493.png,film,1,train,C:\Users\hs085\Downloads\MICROPLASTIC_DETECTOR-main\MICROPLASTIC_DETECTOR-main\dataset\train\film\film_0493.png
film_0494.png,film,1,train,C:\Users\hs085\Downloads\MICROPLASTIC_DETECTOR-main\MICROPLASTIC_DETECTOR-main\dataset\train\film\film_0494.png
film_0495.png,film,1,train,C:\Users\hs085\Downloads\MICROPLASTIC_DETECTOR-main\MICROPLASTIC_DETECTOR-main\dataset\train\film\film_0495.png
film_0496.png,film,1,train,C:\Users\hs085\Downloads\MICROPLASTIC_DETECTOR-main\MICROPLASTIC_DETECTOR-main\dataset\train\film\film_0496.png
film_0497.png,film,1,train,C:\Users\hs085\Downloads\MICROPLASTIC_DETECTOR-main\MICROPLASTIC_DETECTOR-main\dataset\train\film\film_0497.png
film_0498.png,film,1,train,C:\Users\hs085\Downloads\MICROPLASTIC_DETECTOR-main\MICROPLASTIC_DETECTOR-main\dataset\train\film\film_0498.png
film_0499.png,film,1,train,C:\Users\hs085\Downloads\MICROPLASTIC_DETECTOR-main\MICROPLASTIC_DETECTOR-main\dataset\train\film\film_0499.png
film_0500.png,film,1,train,C:\Users\hs085\Downloads\MICROPLASTIC_DETECTOR-main\MICROPLASTIC_DETECTOR-main\dataset\train\film\film_0500.png
film_0501.png,film,1,train,C:\Users\hs085\Downloads\MICROPLASTIC_DETECTOR-main\MICROPLASTIC_DETECTOR-main\dataset\train\film\film_0501.png
film_0502.png,film,1,train,C:\Users\hs085\Downloads\MICROPLASTIC_DETECTOR-main\MICROPLASTIC_DETECTOR-main\dataset\train\film\film_0502.png
film_0503.png,film,1,train,C:\Users\hs085\Downloads\MICROPLASTIC_DETECTOR-main\MICROPLASTIC_DETECTOR-main\dataset\train\film\film_0503.png
film_0504.png,film,1,train,C:\Users\hs085\Downloads\MICROPLASTIC_DETECTOR-main\MICROPLASTIC_DETECTOR-main\dataset\train\film\film_0504.png
film_0505.png,film,1,train,C:\Users\hs085\Downloads\MICROPLASTIC_DETECTOR-main\MICROPLASTIC_DETECTOR-main\dataset\train\film\film_0505.png
film_0506.png,film,1,train,C:\Users\hs085\Downloads\MICROPLASTIC_DETECTOR-main\MICROPLASTIC_DETECTOR-main\dataset\train\film\film_0506.png
film_0507.png,film,1,train,C:\Users\hs085\Downloads\MICROPLASTIC_DETECTOR-main\MICROPLASTIC_DETECTOR-main\dataset\train\film\film_0507.png
film_0508.png,film,1,train,C:\Users\hs085\Downloads\MICROPLASTIC_DETECTOR-main\MICROPLASTIC_DETECTOR-main\dataset\train\film\film_0508.png
film_0509.png,film,1,train,C:\Users\hs085\Downloads\MICROPLASTIC_DETECTOR-main\MICROPLASTIC_DETECTOR-main\dataset\train\film\film_0509.png
film_0510.png,film,1,train,C:\Users\hs085\Downloads\MICROPLASTIC_DETECTOR-main\MICROPLASTIC_DETECTOR-main\dataset\train\film\film_0510.png
film_0511.png,film,1,train,C:\Users\hs085\Downloads\MICROPLASTIC_DETECTOR-main\MICROPLASTIC_DETECTOR-main\dataset\train\film\film_0511.png
film_0512.png,film,1,train,C:\Users\hs085\Downloads\MICROPLASTIC_DETECTOR-main\MICROPLASTIC_DETECTOR-main\dataset\train\film\film_0512.png
film_0513.png,film,1,train,C:\Users\hs085\Downloads\MICROPLASTIC_DETECTOR-main\MICROPLASTIC_DETECTOR-main\dataset\train\film\film_0513.png
film_0514.png,film,1,train,C:\Users\hs085\Downloads\MICROPLASTIC_DETECTOR-main\MICROPLASTIC_DETECTOR-main\dataset\train\film\film_0514.png
film_0515.png,film,1,train,C:\Users\hs085\Downloads\MICROPLASTIC_DETECTOR-main\MICROPLASTIC_DETECTOR-main\dataset\train\film\film_0515.png
film_0516.png,film,1,train,C:\Users\hs085\Downloads\MICROPLASTIC_DETECTOR-main\MICROPLASTIC_DETECTOR-main\dataset\train\film\film_0516.png
film_0517.png,film,1,train,C:\Users\hs085\Downloads\MICROPLASTIC_DETECTOR-main\MICROPLASTIC_DETECTOR-main\dataset\train\film\film_0517.png
film_0518.png,film,1,train,C:\Users\hs085\Downloads\MICROPLASTIC_DETECTOR-main\MICROPLASTIC_DETECTOR-main\dataset\train\film\film_0518.png
film_0519.png,film,1,train,C:\Users\hs085\Downloads\MICROPLASTIC_DETECTOR-main\MICROPLASTIC_DETECTOR-main\dataset\train\film\film_0519.png
film_0520.png,film,1,train,C:\Users\hs085\Downloads\MICROPLASTIC_DETECTOR-main\MICROPLASTIC_DETECTOR-main\dataset\train\film\film_0520.png
film_0521.png,film,1,train,C:\Users\hs085\Downloads\MICROPLASTIC_DETECTOR-main\MICROPLASTIC_DETECTOR-main\dataset\train\film\film_0521.png
film_0522.png,film,1,train,C:\Users\hs085\Downloads\MICROPLASTIC_DETECTOR-main\MICROPLASTIC_DETECTOR-main\dataset\train\film\film_0522.png
film_0523.png,film,1,train,C:\Users\hs085\Downloads\MICROPLASTIC_DETECTOR-main\MICROPLASTIC_DETECTOR-main\dataset\train\film\film_0523.png
film_0524.png,film,1,train,C:\Users\hs085\Downloads\MICROPLASTIC_DETECTOR-main\MICROPLASTIC_DETECTOR-main\dataset\train\film\film_0524.png
film_0525.png,film,1,train,C:\Users\hs085\Downloads\MICROPLASTIC_DETECTOR-main\MICROPLASTIC_DETECTOR-main\dataset\train\film\film_0525.png
film_0526.png,film,1,train,C:\Users\hs085\Downloads\MICROPLASTIC_DETECTOR-main\MICROPLASTIC_DETECTOR-main\dataset\train\film\film_0526.png
film_0527.png,film,1,train,C:\Users\hs085\Downloads\MICROPLASTIC_DETECTOR-main\MICROPLASTIC_DETECTOR-main\dataset\train\film\film_0527.png
film_0528.png,film,1,train,C:\Users\hs085\Downloads\MICROPLASTIC_DETECTOR-main\MICROPLASTIC_DETECTOR-main\dataset\train\film\film_0528.png
film_0529.png,film,1,train,C:\Users\hs085\Downloads\MICROPLASTIC_DETECTOR-main\MICROPLASTIC_DETECTOR-main\dataset\train\film\film_0529.png
film_0530.png,film,1,train,C:\Users\hs085\Downloads\MICROPLASTIC_DETECTOR-main\MICROPLASTIC_DETECTOR-main\dataset\train\film\film_0530.png
film_0531.png,film,1,train,C:\Users\hs085\Downloads\MICROPLASTIC_DETECTOR-main\MICROPLASTIC_DETECTOR-main\dataset\train\film\film_0531.png
film_0532.png,film,1,train,C:\Users\hs085\Downloads\MICROPLASTIC_DETECTOR-main\MICROPLASTIC_DETECTOR-main\dataset\train\film\film_0532.png
film_0533.png,film,1,train,C:\Users\hs085\Downloads\MICROPLASTIC_DETECTOR-main\MICROPLASTIC_DETECTOR-main\dataset\train\film\film_0533.png
film_0534.png,film,1,train,C:\Users\hs085\Downloads\MICROPLASTIC_DETECTOR-main\MICROPLASTIC_DETECTOR-main\dataset\train\film\film_0534.png
film_0535.png,film,1,train,C:\Users\hs085\Downloads\MICROPLASTIC_DETECTOR-main\MICROPLASTIC_DETECTOR-main\dataset\train\film\film_0535.png
film_0536.png,film,1,train,C:\Users\hs085\Downloads\MICROPLASTIC_DETECTOR-main\MICROPLASTIC_DETECTOR-main\dataset\train\film\film_0536.png
film_0537.png,film,1,train,C:\Users\hs085\Downloads\MICROPLASTIC_DETECTOR-main\MICROPLASTIC_DETECTOR-main\dataset\train\film\film_0537.png
film_0538.png,film,1,train,C:\Users\hs085\Downloads\MICROPLASTIC_DETECTOR-main\MICROPLASTIC_DETECTOR-main\dataset\train\film\film_0538.png
film_0539.png,film,1,train,C:\Users\hs085\Downloads\MICROPLASTIC_DETECTOR-main\MICROPLASTIC_DETECTOR-main\dataset\train\film\film_0539.png
film_0540.png,film,1,train,C:\Users\hs085\Downloads\MICROPLASTIC_DETECTOR-main\MICROPLASTIC_DETECTOR-main\dataset\train\film\film_0540.png
film_0541.png,film,1,train,C:\Users\hs085\Downloads\MICROPLASTIC_DETECTOR-main\MICROPLASTIC_DETECTOR-main\dataset\train\film\film_0541.png
film_0542.png,film,1,train,C:\Users\hs085\Downloads\MICROPLASTIC_DETECTOR-main\MICROPLASTIC_DETECTOR-main\dataset\train\film\film_0542.png
film_0543.png,film,1,train,C:\Users\hs085\Downloads\MICROPLASTIC_DETECTOR-main\MICROPLASTIC_DETECTOR-main\dataset\train\film\film_0543.png
film_0544.png,film,1,train,C:\Users\hs085\Downloads\MICROPLASTIC_DETECTOR-main\MICROPLASTIC_DETECTOR-main\dataset\train\film\film_0544.png
film_0545.png,film,1,train,C:\Users\hs085\Downloads\MICROPLASTIC_DETECTOR-main\MICROPLASTIC_DETECTOR-main\dataset\train\film\film_0545.png
film_0546.png,film,1,train,C:\Users\hs085\Downloads\MICROPLASTIC_DETECTOR-main\MICROPLASTIC_DETECTOR-main\dataset\train\film\film_0546.png
film_0547.png,film,1,train,C:\Users\hs085\Downloads\MICROPLASTIC_DETECTOR-main\MICROPLASTIC_DETECTOR-main\dataset\train\film\film_0547.png
film_0548.png,film,1,train,C:\Users\hs085\Downloads\MICROPLASTIC_DETECTOR-main\MICROPLASTIC_DETECTOR-main\dataset\train\film\film_0548.png
film_0549.png,film,1,train,C:\Users\hs085\Downloads\MICROPLASTIC_DETECTOR-main\MICROPLASTIC_DETECTOR-main\dataset\train\film\film_0549.png
film_0550.png,film,1,train,C:\Users\hs085\Downloads\MICROPLASTIC_DETECTOR-main\MICROPLASTIC_DETECTOR-main\dataset\train\film\film_0550.png
film_0551.png,film,1,train,C:\Users\hs085\Downloads\MICROPLASTIC_DETECTOR-main\MICROPLASTIC_DETECTOR-main\dataset\train\film\film_0551.png
film_0552.png,film,1,train,C:\Users\hs085\Downloads\MICROPLASTIC_DETECTOR-main\MICROPLASTIC_DETECTOR-main\dataset\train\film\film_0552.png
film_0553.png,film,1,train,C:\Users\hs085\Downloads\MICROPLASTIC_DETECTOR-main\MICROPLASTIC_DETECTOR-main\dataset\train\film\film_0553.png
film_0554.png,film,1,train,C:\Users\hs085\Downloads\MICROPLASTIC_DETECTOR-main\MICROPLASTIC_DETECTOR-main\dataset\train\film\film_0554.png
film_0555.png,film,1,train,C:\Users\hs085\Downloads\MICROPLASTIC_DETECTOR-main\MICROPLASTIC_DETECTOR-main\dataset\train\film\film_0555.png
film_0556.png,film,1,train,C:\Users\hs085\Downloads\MICROPLASTIC_DETECTOR-main\MICROPLASTIC_DETECTOR-main\dataset\train\film\film_0556.png
film_0557.png,film,1,train,C:\Users\hs085\Downloads\MICROPLASTIC_DETECTOR-main\MICROPLASTIC_DETECTOR-main\dataset\train\film\film_0557.png
film_0558.png,film,1,train,C:\Users\hs085\Downloads\MICROPLASTIC_DETECTOR-main\MICROPLASTIC_DETECTOR-main\dataset\train\film\film_0558.png
film_0559.png,film,1,train,C:\Users\hs085\Downloads\MICROPLASTIC_DETECTOR-main\MICROPLASTIC_DETECTOR-main\dataset\train\film\film_0559.png
film_0560.png,film,1,train,C:\Users\hs085\Downloads\MICROPLASTIC_DETECTOR-main\MICROPLASTIC_DETECTOR-main\dataset\train\film\film_0560.png
film_0561.png,film,1,train,C:\Users\hs085\Downloads\MICROPLASTIC_DETECTOR-main\MICROPLASTIC_DETECTOR-main\dataset\train\film\film_0561.png
film_0562.png,film,1,train,C:\Users\hs085\Downloads\MICROPLASTIC_DETECTOR-main\MICROPLASTIC_DETECTOR-main\dataset\train\film\film_0562.png
film_0563.png,film,1,train,C:\Users\hs085\Downloads\MICROPLASTIC_DETECTOR-main\MICROPLASTIC_DETECTOR-main\dataset\train\film\film_0563.png
film_0564.png,film,1,train,C:\Users\hs085\Downloads\MICROPLASTIC_DETECTOR-main\MICROPLASTIC_DETECTOR-main\dataset\train\film\film_0564.png
film_0565.png,film,1,train,C:\Users\hs085\Downloads\MICROPLASTIC_DETECTOR-main\MICROPLASTIC_DETECTOR-main\dataset\train\film\film_0565.png
film_0566.png,film,1,train,C:\Users\hs085\Downloads\MICROPLASTIC_DETECTOR-main\MICROPLASTIC_DETECTOR-main\dataset\train\film\film_0566.png
film_0567.png,film,1,train,C:\Users\hs085\Downloads\MICROPLASTIC_DETECTOR-main\MICROPLASTIC_DETECTOR-main\dataset\train\film\film_0567.png
film_0568.png,film,1,train,C:\Users\hs085\Downloads\MICROPLASTIC_DETECTOR-main\MICROPLASTIC_DETECTOR-main\dataset\train\film\film_0568.png
film_0569.png,film,1,train,C:\Users\hs085\Downloads\MICROPLASTIC_DETECTOR-main\MICROPLASTIC_DETECTOR-main\dataset\train\film\film_0569.png
film_0570.png,film,1,train,C:\Users\hs085\Downloads\MICROPLASTIC_DETECTOR-main\MICROPLASTIC_DETECTOR-main\dataset\train\film\film_0570.png
film_0571.png,film,1,train,C:\Users\hs085\Downloads\MICROPLASTIC_DETECTOR-main\MICROPLASTIC_DETECTOR-main\dataset\train\film\film_0571.png
film_0572.png,film,1,train,C:\Users\hs085\Downloads\MICROPLASTIC_DETECTOR-main\MICROPLASTIC_DETECTOR-main\dataset\train\film\film_0572.png
film_0573.png,film,1,train,C:\Users\hs085\Downloads\MICROPLASTIC_DETECTOR-main\MICROPLASTIC_DETECTOR-main\dataset\train\film\film_0573.png
film_0574.png,film,1,train,C:\Users\hs085\Downloads\MICROPLASTIC_DETECTOR-main\MICROPLASTIC_DETECTOR-main\dataset\train\film\film_0574.png
film_0575.png,film,1,train,C:\Users\hs085\Downloads\MICROPLASTIC_DETECTOR-main\MICROPLASTIC_DETECTOR-main\dataset\train\film\film_0575.png
film_0576.png,film,1,train,C:\Users\hs085\Downloads\MICROPLASTIC_DETECTOR-main\MICROPLASTIC_DETECTOR-main\dataset\train\film\film_0576.png
film_0577.png,film,1,train,C:\Users\hs085\Downloads\MICROPLASTIC_DETECTOR-main\MICROPLASTIC_DETECTOR-main\dataset\train\film\film_0577.png
film_0578.png,film,1,train,C:\Users\hs085\Downloads\MICROPLASTIC_DETECTOR-main\MICROPLASTIC_DETECTOR-main\dataset\train\film\film_0578.png
film_0579.png,film,1,train,C:\Users\hs085\Downloads\MICROPLASTIC_DETECTOR-main\MICROPLASTIC_DETECTOR-main\dataset\train\film\film_0579.png
film_0580.png,film,1,train,C:\Users\hs085\Downloads\MICROPLASTIC_DETECTOR-main\MICROPLASTIC_DETECTOR-main\dataset\train\film\film_0580.png
film_0581.png,film,1,train,C:\Users\hs085\Downloads\MICROPLASTIC_DETECTOR-main\MICROPLASTIC_DETECTOR-main\dataset\train\film\film_0581.png
film_0582.png,film,1,train,C:\Users\hs085\Downloads\MICROPLASTIC_DETECTOR-main\MICROPLASTIC_DETECTOR-main\dataset\train\film\film_0582.png
film_0583.png,film,1,train,C:\Users\hs085\Downloads\MICROPLASTIC_DETECTOR-main\MICROPLASTIC_DETECTOR-main\dataset\train\film\film_0583.png
film_0584.png,film,1,train,C:\Users\hs085\Downloads\MICROPLASTIC_DETECTOR-main\MICROPLASTIC_DETECTOR-main\dataset\train\film\film_0584.png
film_0585.png,film,1,train,C:\Users\hs085\Downloads\MICROPLASTIC_DETECTOR-main\MICROPLASTIC_DETECTOR-main\dataset\train\film\film_0585.png
film_0586.png,film,1,train,C:\Users\hs085\Downloads\MICROPLASTIC_DETECTOR-main\MICROPLASTIC_DETECTOR-main\dataset\train\film\film_0586.png
film_0587.png,film,1,train,C:\Users\hs085\Downloads\MICROPLASTIC_DETECTOR-main\MICROPLASTIC_DETECTOR-main\dataset\train\film\film_0587.png
film_0588.png,film,1,train,C:\Users\hs085\Downloads\MICROPLASTIC_DETECTOR-main\MICROPLASTIC_DETECTOR-main\dataset\train\film\film_0588.png
film_0589.png,film,1,train,C:\Users\hs085\Downloads\MICROPLASTIC_DETECTOR-main\MICROPLASTIC_DETECTOR-main\dataset\train\film\film_0589.png
film_0590.png,film,1,train,C:\Users\hs085\Downloads\MICROPLASTIC_DETECTOR-main\MICROPLASTIC_DETECTOR-main\dataset\train\film\film_0590.png
film_0591.png,film,1,train,C:\Users\hs085\Downloads\MICROPLASTIC_DETECTOR-main\MICROPLASTIC_DETECTOR-main\dataset\train\film\film_0591.png
film_0592.png,film,1,train,C:\Users\hs085\Downloads\MICROPLASTIC_DETECTOR-main\MICROPLASTIC_DETECTOR-main\dataset\train\film\film_0592.png
film_0593.png,film,1,train,C:\Users\hs085\Downloads\MICROPLASTIC_DETECTOR-main\MICROPLASTIC_DETECTOR-main\dataset\train\film\film_0593.png
film_0594.png,film,1,train,C:\Users\hs085\Downloads\MICROPLASTIC_DETECTOR-main\MICROPLASTIC_DETECTOR-main\dataset\train\film\film_0594.png
film_0595.png,film,1,train,C:\Users\hs085\Downloads\MICROPLASTIC_DETECTOR-main\MICROPLASTIC_DETECTOR-main\dataset\train\film\film_0595.png
film_0596.png,film,1,train,C:\Users\hs085\Downloads\MICROPLASTIC_DETECTOR-main\MICROPLASTIC_DETECTOR-main\dataset\train\film\film_0596.png
film_0597.png,film,1,train,C:\Users\hs085\Downloads\MICROPLASTIC_DETECTOR-main\MICROPLASTIC_DETECTOR-main\dataset\train\film\film_0597.png
film_0598.png,film,1,train,C:\Users\hs085\Downloads\MICROPLASTIC_DETECTOR-main\MICROPLASTIC_DETECTOR-main\dataset\train\film\film_0598.png
film_0599.png,film,1,train,C:\Users\hs085\Downloads\MICROPLASTIC_DETECTOR-main\MICROPLASTIC_DETECTOR-main\dataset\train\film\film_0599.png
film_0600.png,film,1,train,C:\Users\hs085\Downloads\MICROPLASTIC_DETECTOR-main\MICROPLASTIC_DETECTOR-main\dataset\train\film\film_0600.png
film_0601.png,film,1,train,C:\Users\hs085\Downloads\MICROPLASTIC_DETECTOR-main\MICROPLASTIC_DETECTOR-main\dataset\train\film\film_0601.png
film_0602.png,film,1,train,C:\Users\hs085\Downloads\MICROPLASTIC_DETECTOR-main\MICROPLASTIC_DETECTOR-main\dataset\train\film\film_0602.png
film_0603.png,film,1,train,C:\Users\hs085\Downloads\MICROPLASTIC_DETECTOR-main\MICROPLASTIC_DETECTOR-main\dataset\train\film\film_0603.png
film_0604.png,film,1,train,C:\Users\hs085\Downloads\MICROPLASTIC_DETECTOR-main\MICROPLASTIC_DETECTOR-main\dataset\train\film\film_0604.png
film_0605.png,film,1,train,C:\Users\hs085\Downloads\MICROPLASTIC_DETECTOR-main\MICROPLASTIC_DETECTOR-main\dataset\train\film\film_0605.png
film_0606.png,film,1,train,C:\Users\hs085\Downloads\MICROPLASTIC_DETECTOR-main\MICROPLASTIC_DETECTOR-main\dataset\train\film\film_0606.png
film_0607.png,film,1,train,C:\Users\hs085\Downloads\MICROPLASTIC_DETECTOR-main\MICROPLASTIC_DETECTOR-main\dataset\train\film\film_0607.png
film_0608.png,film,1,train,C:\Users\hs085\Downloads\MICROPLASTIC_DETECTOR-main\MICROPLASTIC_DETECTOR-main\dataset\train\film\film_0608.png
film_0609.png,film,1,train,C:\Users\hs085\Downloads\MICROPLASTIC_DETECTOR-main\MICROPLASTIC_DETECTOR-main\dataset\train\film\film_0609.png
film_0610.png,film,1,train,C:\Users\hs085\Downloads\MICROPLASTIC_DETECTOR-main\MICROPLASTIC_DETECTOR-main\dataset\train\film\film_0610.png
film_0611.png,film,1,train,C:\Users\hs085\Downloads\MICROPLASTIC_DETECTOR-main\MICROPLASTIC_DETECTOR-main\dataset\train\film\film_0611.png
film_0612.png,film,1,train,C:\Users\hs085\Downloads\MICROPLASTIC_DETECTOR-main\MICROPLASTIC_DETECTOR-main\dataset\train\film\film_0612.png
film_0613.png,film,1,train,C:\Users\hs085\Downloads\MICROPLASTIC_DETECTOR-main\MICROPLASTIC_DETECTOR-main\dataset\train\film\film_0613.png
film_0614.png,film,1,train,C:\Users\hs085\Downloads\MICROPLASTIC_DETECTOR-main\MICROPLASTIC_DETECTOR-main\dataset\train\film\film_0614.png
film_0615.png,film,1,train,C:\Users\hs085\Downloads\MICROPLASTIC_DETECTOR-main\MICROPLASTIC_DETECTOR-main\dataset\train\film\film_0615.png
film_0616.png,film,1,train,C:\Users\hs085\Downloads\MICROPLASTIC_DETECTOR-main\MICROPLASTIC_DETECTOR-main\dataset\train\film\film_0616.png
film_0617.png,film,1,train,C:\Users\hs085\Downloads\MICROPLASTIC_DETECTOR-main\MICROPLASTIC_DETECTOR-main\dataset\train\film\film_0617.png
film_0618.png,film,1,train,C:\Users\hs085\Downloads\MICROPLASTIC_DETECTOR-main\MICROPLASTIC_DETECTOR-main\dataset\train\film\film_0618.png
film_0619.png,film,1,train,C:\Users\hs085\Downloads\MICROPLASTIC_DETECTOR-main\MICROPLASTIC_DETECTOR-main\dataset\train\film\film_0619.png
film_0620.png,film,1,train,C:\Users\hs085\Downloads\MICROPLASTIC_DETECTOR-main\MICROPLASTIC_DETECTOR-main\dataset\train\film\film_0620.png
film_0621.png,film,1,train,C:\Users\hs085\Downloads\MICROPLASTIC_DETECTOR-main\MICROPLASTIC_DETECTOR-main\dataset\train\film\film_0621.png
film_0622.png,film,1,train,C:\Users\hs085\Downloads\MICROPLASTIC_DETECTOR-main\MICROPLASTIC_DETECTOR-main\dataset\train\film\film_0622.png
film_0623.png,film,1,train,C:\Users\hs085\Downloads\MICROPLASTIC_DETECTOR-main\MICROPLASTIC_DETECTOR-main\dataset\train\film\film_0623.png
film_0624.png,film,1,train,C:\Users\hs085\Downloads\MICROPLASTIC_DETECTOR-main\MICROPLASTIC_DETECTOR-main\dataset\train\film\film_0624.png
film_0625.png,film,1,train,C:\Users\hs085\Downloads\MICROPLASTIC_DETECTOR-main\MICROPLASTIC_DETECTOR-main\dataset\train\film\film_0625.png
film_0626.png,film,1,train,C:\Users\hs085\Downloads\MICROPLASTIC_DETECTOR-main\MICROPLASTIC_DETECTOR-main\dataset\train\film\film_0626.png
film_0627.png,film,1,train,C:\Users\hs085\Downloads\MICROPLASTIC_DETECTOR-main\MICROPLASTIC_DETECTOR-main\dataset\train\film\film_0627.png
film_0628.png,film,1,train,C:\Users\hs085\Downloads\MICROPLASTIC_DETECTOR-main\MICROPLASTIC_DETECTOR-main\dataset\train\film\film_0628.png
film_0629.png,film,1,train,C:\Users\hs085\Downloads\MICROPLASTIC_DETECTOR-main\MICROPLASTIC_DETECTOR-main\dataset\train\film\film_0629.png
film_0630.png,film,1,train,C:\Users\hs085\Downloads\MICROPLASTIC_DETECTOR-main\MICROPLASTIC_DETECTOR-main\dataset\train\film\film_0630.png
film_0631.png,film,1,train,C:\Users\hs085\Downloads\MICROPLASTIC_DETECTOR-main\MICROPLASTIC_DETECTOR-main\dataset\train\film\film_0631.png
film_0632.png,film,1,train,C:\Users\hs085\Downloads\MICROPLASTIC_DETECTOR-main\MICROPLASTIC_DETECTOR-main\dataset\train\film\film_0632.png
film_0633.png,film,1,train,C:\Users\hs085\Downloads\MICROPLASTIC_DETECTOR-main\MICROPLASTIC_DETECTOR-main\dataset\train\film\film_0633.png
film_0634.png,film,1,train,C:\Users\hs085\Downloads\MICROPLASTIC_DETECTOR-main\MICROPLASTIC_DETECTOR-main\dataset\train\film\film_0634.png
film_0635.png,film,1,train,C:\Users\hs085\Downloads\MICROPLASTIC_DETECTOR-main\MICROPLASTIC_DETECTOR-main\dataset\train\film\film_0635.png
film_0636.png,film,1,train,C:\Users\hs085\Downloads\MICROPLASTIC_DETECTOR-main\MICROPLASTIC_DETECTOR-main\dataset\train\film\film_0636.png
film_0637.png,film,1,train,C:\Users\hs085\Downloads\MICROPLASTIC_DETECTOR-main\MICROPLASTIC_DETECTOR-main\dataset\train\film\film_0637.png
film_0638.png,film,1,train,C:\Users\hs085\Downloads\MICROPLASTIC_DETECTOR-main\MICROPLASTIC_DETECTOR-main\dataset\train\film\film_0638.png
film_0639.png,film,1,train,C:\Users\hs085\Downloads\MICROPLASTIC_DETECTOR-main\MICROPLASTIC_DETECTOR-main\dataset\train\film\film_0639.png
film_0640.png,film,1,train,C:\Users\hs085\Downloads\MICROPLASTIC_DETECTOR-main\MICROPLASTIC_DETECTOR-main\dataset\train\film\film_0640.png
film_0641.png,film,1,train,C:\Users\hs085\Downloads\MICROPLASTIC_DETECTOR-main\MICROPLASTIC_DETECTOR-main\dataset\train\film\film_0641.png
film_0642.png,film,1,train,C:\Users\hs085\Downloads\MICROPLASTIC_DETECTOR-main\MICROPLASTIC_DETECTOR-main\dataset\train\film\film_0642.png
film_0643.png,film,1,train,C:\Users\hs085\Downloads\MICROPLASTIC_DETECTOR-main\MICROPLASTIC_DETECTOR-main\dataset\train\film\film_0643.png
film_0644.png,film,1,train,C:\Users\hs085\Downloads\MICROPLASTIC_DETECTOR-main\MICROPLASTIC_DETECTOR-main\dataset\train\film\film_0644.png
film_0645.png,film,1,train,C:\Users\hs085\Downloads\MICROPLASTIC_DETECTOR-main\MICROPLASTIC_DETECTOR-main\dataset\train\film\film_0645.png
film_0646.png,film,1,train,C:\Users\hs085\Downloads\MICROPLASTIC_DETECTOR-main\MICROPLASTIC_DETECTOR-main\dataset\train\film\film_0646.png
film_0647.png,film,1,train,C:\Users\hs085\Downloads\MICROPLASTIC_DETECTOR-main\MICROPLASTIC_DETECTOR-main\dataset\train\film\film_0647.png
film_0648.png,film,1,train,C:\Users\hs085\Downloads\MICROPLASTIC_DETECTOR-main\MICROPLASTIC_DETECTOR-main\dataset\train\film\film_0648.png
film_0649.png,film,1,train,C:\Users\hs085\Downloads\MICROPLASTIC_DETECTOR-main\MICROPLASTIC_DETECTOR-main\dataset\train\film\film_0649.png
film_0650.png,film,1,train,C:\Users\hs085\Downloads\MICROPLASTIC_DETECTOR-main\MICROPLASTIC_DETECTOR-main\dataset\train\film\film_0650.png
film_0651.png,film,1,train,C:\Users\hs085\Downloads\MICROPLASTIC_DETECTOR-main\MICROPLASTIC_DETECTOR-main\dataset\train\film\film_0651.png
film_0652.png,film,1,train,C:\Users\hs085\Downloads\MICROPLASTIC_DETECTOR-main\MICROPLASTIC_DETECTOR-main\dataset\train\film\film_0652.png
film_0653.png,film,1,train,C:\Users\hs085\Downloads\MICROPLASTIC_DETECTOR-main\MICROPLASTIC_DETECTOR-main\dataset\train\film\film_0653.png
film_0654.png,film,1,train,C:\Users\hs085\Downloads\MICROPLASTIC_DETECTOR-main\MICROPLASTIC_DETECTOR-main\dataset\train\film\film_0654.png
film_0655.png,film,1,train,C:\Users\hs085\Downloads\MICROPLASTIC_DETECTOR-main\MICROPLASTIC_DETECTOR-main\dataset\train\film\film_0655.png
film_0656.png,film,1,train,C:\Users\hs085\Downloads\MICROPLASTIC_DETECTOR-main\MICROPLASTIC_DETECTOR-main\dataset\train\film\film_0656.png
film_0657.png,film,1,train,C:\Users\hs085\Downloads\MICROPLASTIC_DETECTOR-main\MICROPLASTIC_DETECTOR-main\dataset\train\film\film_0657.png
film_0658.png,film,1,train,C:\Users\hs085\Downloads\MICROPLASTIC_DETECTOR-main\MICROPLASTIC_DETECTOR-main\dataset\train\film\film_0658.png
film_0659.png,film,1,train,C:\Users\hs085\Downloads\MICROPLASTIC_DETECTOR-main\MICROPLASTIC_DETECTOR-main\dataset\train\film\film_0659.png
film_0660.png,film,1,train,C:\Users\hs085\Downloads\MICROPLASTIC_DETECTOR-main\MICROPLASTIC_DETECTOR-main\dataset\train\film\film_0660.png
film_0661.png,film,1,train,C:\Users\hs085\Downloads\MICROPLASTIC_DETECTOR-main\MICROPLASTIC_DETECTOR-main\dataset\train\film\film_0661.png
film_0662.png,film,1,train,C:\Users\hs085\Downloads\MICROPLASTIC_DETECTOR-main\MICROPLASTIC_DETECTOR-main\dataset\train\film\film_0662.png
film_0663.png,film,1,train,C:\Users\hs085\Downloads\MICROPLASTIC_DETECTOR-main\MICROPLASTIC_DETECTOR-main\dataset\train\film\film_0663.png
film_0664.png,film,1,train,C:\Users\hs085\Downloads\MICROPLASTIC_DETECTOR-main\MICROPLASTIC_DETECTOR-main\dataset\train\film\film_0664.png
film_0665.png,film,1,train,C:\Users\hs085\Downloads\MICROPLASTIC_DETECTOR-main\MICROPLASTIC_DETECTOR-main\dataset\train\film\film_0665.png
film_0666.png,film,1,train,C:\Users\hs085\Downloads\MICROPLASTIC_DETECTOR-main\MICROPLASTIC_DETECTOR-main\dataset\train\film\film_0666.png
film_0667.png,film,1,train,C:\Users\hs085\Downloads\MICROPLASTIC_DETECTOR-main\MICROPLASTIC_DETECTOR-main\dataset\train\film\film_0667.png
film_0668.png,film,1,train,C:\Users\hs085\Downloads\MICROPLASTIC_DETECTOR-main\MICROPLASTIC_DETECTOR-main\dataset\train\film\film_0668.png
film_0669.png,film,1,train,C:\Users\hs085\Downloads\MICROPLASTIC_DETECTOR-main\MICROPLASTIC_DETECTOR-main\dataset\train\film\film_0669.png
film_0670.png,film,1,train,C:\Users\hs085\Downloads\MICROPLASTIC_DETECTOR-main\MICROPLASTIC_DETECTOR-main\dataset\train\film\film_0670.png
film_0671.png,film,1,train,C:\Users\hs085\Downloads\MICROPLASTIC_DETECTOR-main\MICROPLASTIC_DETECTOR-main\dataset\train\film\film_0671.png
film_0672.png,film,1,train,C:\Users\hs085\Downloads\MICROPLASTIC_DETECTOR-main\MICROPLASTIC_DETECTOR-main\dataset\train\film\film_0672.png
film_0673.png,film,1,train,C:\Users\hs085\Downloads\MICROPLASTIC_DETECTOR-main\MICROPLASTIC_DETECTOR-main\dataset\train\film\film_0673.png
film_0674.png,film,1,train,C:\Users\hs085\Downloads\MICROPLASTIC_DETECTOR-main\MICROPLASTIC_DETECTOR-main\dataset\train\film\film_0674.png
film_0675.png,film,1,train,C:\Users\hs085\Downloads\MICROPLASTIC_DETECTOR-main\MICROPLASTIC_DETECTOR-main\dataset\train\film\film_0675.png
film_0676.png,film,1,train,C:\Users\hs085\Downloads\MICROPLASTIC_DETECTOR-main\MICROPLASTIC_DETECTOR-main\dataset\train\film\film_0676.png
film_0677.png,film,1,train,C:\Users\hs085\Downloads\MICROPLASTIC_DETECTOR-main\MICROPLASTIC_DETECTOR-main\dataset\train\film\film_0677.png
film_0678.png,film,1,train,C:\Users\hs085\Downloads\MICROPLASTIC_DETECTOR-main\MICROPLASTIC_DETECTOR-main\dataset\train\film\film_0678.png
film_0679.png,film,1,train,C:\Users\hs085\Downloads\MICROPLASTIC_DETECTOR-main\MICROPLASTIC_DETECTOR-main\dataset\train\film\film_0679.png
film_0680.png,film,1,test,C:\Users\hs085\Downloads\MICROPLASTIC_DETECTOR-main\MICROPLASTIC_DETECTOR-main\dataset\test\film\film_0680.png
film_0681.png,film,1,test,C:\Users\hs085\Downloads\MICROPLASTIC_DETECTOR-main\MICROPLASTIC_DETECTOR-main\dataset\test\film\film_0681.png
film_0682.png,film,1,test,C:\Users\hs085\Downloads\MICROPLASTIC_DETECTOR-main\MICROPLASTIC_DETECTOR-main\dataset\test\film\film_0682.png
film_0683.png,film,1,test,C:\Users\hs085\Downloads\MICROPLASTIC_DETECTOR-main\MICROPLASTIC_DETECTOR-main\dataset\test\film\film_0683.png
film_0684.png,film,1,test,C:\Users\hs085\Downloads\MICROPLASTIC_DETECTOR-main\MICROPLASTIC_DETECTOR-main\dataset\test\film\film_0684.png
film_0685.png,film,1,test,C:\Users\hs085\Downloads\MICROPLASTIC_DETECTOR-main\MICROPLASTIC_DETECTOR-main\dataset\test\film\film_0685.png
film_0686.png,film,1,test,C:\Users\hs085\Downloads\MICROPLASTIC_DETECTOR-main\MICROPLASTIC_DETECTOR-main\dataset\test\film\film_0686.png
film_0687.png,film,1,test,C:\Users\hs085\Downloads\MICROPLASTIC_DETECTOR-main\MICROPLASTIC_DETECTOR-main\dataset\test\film\film_0687.png
film_0688.png,film,1,test,C:\Users\hs085\Downloads\MICROPLASTIC_DETECTOR-main\MICROPLASTIC_DETECTOR-main\dataset\test\film\film_0688.png
film_0689.png,film,1,test,C:\Users\hs085\Downloads\MICROPLASTIC_DETECTOR-main\MICROPLASTIC_DETECTOR-main\dataset\test\film\film_0689.png
film_0690.png,film,1,test,C:\Users\hs085\Downloads\MICROPLASTIC_DETECTOR-main\MICROPLASTIC_DETECTOR-main\dataset\test\film\film_0690.png
film_0691.png,film,1,test,C:\Users\hs085\Downloads\MICROPLASTIC_DETECTOR-main\MICROPLASTIC_DETECTOR-main\dataset\test\film\film_0691.png
film_0692.png,film,1,test,C:\Users\hs085\Downloads\MICROPLASTIC_DETECTOR-main\MICROPLASTIC_DETECTOR-main\dataset\test\film\film_0692.png
film_0693.png,film,1,test,C:\Users\hs085\Downloads\MICROPLASTIC_DETECTOR-main\MICROPLASTIC_DETECTOR-main\dataset\test\film\film_0693.png
film_0694.png,film,1,test,C:\Users\hs085\Downloads\MICROPLASTIC_DETECTOR-main\MICROPLASTIC_DETECTOR-main\dataset\test\film\film_0694.png
film_0695.png,film,1,test,C:\Users\hs085\Downloads\MICROPLASTIC_DETECTOR-main\MICROPLASTIC_DETECTOR-main\dataset\test\film\film_0695.png
film_0696.png,film,1,test,C:\Users\hs085\Downloads\MICROPLASTIC_DETECTOR-main\MICROPLASTIC_DETECTOR-main\dataset\test\film\film_0696.png
film_0697.png,film,1,test,C:\Users\hs085\Downloads\MICROPLASTIC_DETECTOR-main\MICROPLASTIC_DETECTOR-main\dataset\test\film\film_0697.png
film_0698.png,film,1,test,C:\Users\hs085\Downloads\MICROPLASTIC_DETECTOR-main\MICROPLASTIC_DETECTOR-main\dataset\test\film\film_0698.png
film_0699.png,film,1,test,C:\Users\hs085\Downloads\MICROPLASTIC_DETECTOR-main\MICROPLASTIC_DETECTOR-main\dataset\test\film\film_0699.png
film_0700.png,film,1,test,C:\Users\hs085\Downloads\MICROPLASTIC_DETECTOR-main\MICROPLASTIC_DETECTOR-main\dataset\test\film\film_0700.png
film_0701.png,film,1,test,C:\Users\hs085\Downloads\MICROPLASTIC_DETECTOR-main\MICROPLASTIC_DETECTOR-main\dataset\test\film\film_0701.png
film_0702.png,film,1,test,C:\Users\hs085\Downloads\MICROPLASTIC_DETECTOR-main\MICROPLASTIC_DETECTOR-main\dataset\test\film\film_0702.png
film_0703.png,film,1,test,C:\Users\hs085\Downloads\MICROPLASTIC_DETECTOR-main\MICROPLASTIC_DETECTOR-main\dataset\test\film\film_0703.png
film_0704.png,film,1,test,C:\Users\hs085\Downloads\MICROPLASTIC_DETECTOR-main\MICROPLASTIC_DETECTOR-main\dataset\test\film\film_0704.png
film_0705.png,film,1,test,C:\Users\hs085\Downloads\MICROPLASTIC_DETECTOR-main\MICROPLASTIC_DETECTOR-main\dataset\test\film\film_0705.png
film_0706.png,film,1,test,C:\Users\hs085\Downloads\MICROPLASTIC_DETECTOR-main\MICROPLASTIC_DETECTOR-main\dataset\test\film\film_0706.png
film_0707.png,film,1,test,C:\Users\hs085\Downloads\MICROPLASTIC_DETECTOR-main\MICROPLASTIC_DETECTOR-main\dataset\test\film\film_0707.png
film_0708.png,film,1,test,C:\Users\hs085\Downloads\MICROPLASTIC_DETECTOR-main\MICROPLASTIC_DETECTOR-main\dataset\test\film\film_0708.png
film_0709.png,film,1,test,C:\Users\hs085\Downloads\MICROPLASTIC_DETECTOR-main\MICROPLASTIC_DETECTOR-main\dataset\test\film\film_0709.png
film_0710.png,film,1,test,C:\Users\hs085\Downloads\MICROPLASTIC_DETECTOR-main\MICROPLASTIC_DETECTOR-main\dataset\test\film\film_0710.png
film_0711.png,film,1,test,C:\Users\hs085\Downloads\MICROPLASTIC_DETECTOR-main\MICROPLASTIC_DETECTOR-main\dataset\test\film\film_0711.png
film_0712.png,film,1,test,C:\Users\hs085\Downloads\MICROPLASTIC_DETECTOR-main\MICROPLASTIC_DETECTOR-main\dataset\test\film\film_0712.png
film_0713.png,film,1,test,C:\Users\hs085\Downloads\MICROPLASTIC_DETECTOR-main\MICROPLASTIC_DETECTOR-main\dataset\test\film\film_0713.png
film_0714.png,film,1,test,C:\Users\hs085\Downloads\MICROPLASTIC_DETECTOR-main\MICROPLASTIC_DETECTOR-main\dataset\test\film\film_0714.png
film_0715.png,film,1,test,C:\Users\hs085\Downloads\MICROPLASTIC_DETECTOR-main\MICROPLASTIC_DETECTOR-main\dataset\test\film\film_0715.png
film_0716.png,film,1,test,C:\Users\hs085\Downloads\MICROPLASTIC_DETECTOR-main\MICROPLASTIC_DETECTOR-main\dataset\test\film\film_0716.png
film_0717.png,film,1,test,C:\Users\hs085\Downloads\MICROPLASTIC_DETECTOR-main\MICROPLASTIC_DETECTOR-main\dataset\test\film\film_0717.png
film_0718.png,film,1,test,C:\Users\hs085\Downloads\MICROPLASTIC_DETECTOR-main\MICROPLASTIC_DETECTOR-main\dataset\test\film\film_0718.png
film_0719.png,film,1,test,C:\Users\hs085\Downloads\MICROPLASTIC_DETECTOR-main\MICROPLASTIC_DETECTOR-main\dataset\test\film\film_0719.png
film_0720.png,film,1,test,C:\Users\hs085\Downloads\MICROPLASTIC_DETECTOR-main\MICROPLASTIC_DETECTOR-main\dataset\test\film\film_0720.png
film_0721.png,film,1,test,C:\Users\hs085\Downloads\MICROPLASTIC_DETECTOR-main\MICROPLASTIC_DETECTOR-main\dataset\test\film\film_0721.png
film_0722.png,film,1,test,C:\Users\hs085\Downloads\MICROPLASTIC_DETECTOR-main\MICROPLASTIC_DETECTOR-main\dataset\test\film\film_0722.png
film_0723.png,film,1,test,C:\Users\hs085\Downloads\MICROPLASTIC_DETECTOR-main\MICROPLASTIC_DETECTOR-main\dataset\test\film\film_0723.png
film_0724.png,film,1,test,C:\Users\hs085\Downloads\MICROPLASTIC_DETECTOR-main\MICROPLASTIC_DETECTOR-main\dataset\test\film\film_0724.png
film_0725.png,film,1,test,C:\Users\hs085\Downloads\MICROPLASTIC_DETECTOR-main\MICROPLASTIC_DETECTOR-main\dataset\test\film\film_0725.png
film_0726.png,film,1,test,C:\Users\hs085\Downloads\MICROPLASTIC_DETECTOR-main\MICROPLASTIC_DETECTOR-main\dataset\test\film\film_0726.png
film_0727.png,film,1,test,C:\Users\hs085\Downloads\MICROPLASTIC_DETECTOR-main\MICROPLASTIC_DETECTOR-main\dataset\test\film\film_0727.png
film_0728.png,film,1,test,C:\Users\hs085\Downloads\MICROPLASTIC_DETECTOR-main\MICROPLASTIC_DETECTOR-main\dataset\test\film\film_0728.png
film_0729.png,film,1,test,C:\Users\hs085\Downloads\MICROPLASTIC_DETECTOR-main\MICROPLASTIC_DETECTOR-main\dataset\test\film\film_0729.png
film_0730.png,film,1,test,C:\Users\hs085\Downloads\MICROPLASTIC_DETECTOR-main\MICROPLASTIC_DETECTOR-main\dataset\test\film\film_0730.png
film_0731.png,film,1,test,C:\Users\hs085\Downloads\MICROPLASTIC_DETECTOR-main\MICROPLASTIC_DETECTOR-main\dataset\test\film\film_0731.png
film_0732.png,film,1,test,C:\Users\hs085\Downloads\MICROPLASTIC_DETECTOR-main\MICROPLASTIC_DETECTOR-main\dataset\test\film\film_0732.png
film_0733.png,film,1,test,C:\Users\hs085\Downloads\MICROPLASTIC_DETECTOR-main\MICROPLASTIC_DETECTOR-main\dataset\test\film\film_0733.png
film_0734.png,film,1,test,C:\Users\hs085\Downloads\MICROPLASTIC_DETECTOR-main\MICROPLASTIC_DETECTOR-main\dataset\test\film\film_0734.png
film_0735.png,film,1,test,C:\Users\hs085\Downloads\MICROPLASTIC_DETECTOR-main\MICROPLASTIC_DETECTOR-main\dataset\test\film\film_0735.png
film_0736.png,film,1,test,C:\Users\hs085\Downloads\MICROPLASTIC_DETECTOR-main\MICROPLASTIC_DETECTOR-main\dataset\test\film\film_0736.png
film_0737.png,film,1,test,C:\Users\hs085\Downloads\MICROPLASTIC_DETECTOR-main\MICROPLASTIC_DETECTOR-main\dataset\test\film\film_0737.png
film_0738.png,film,1,test,C:\Users\hs085\Downloads\MICROPLASTIC_DETECTOR-main\MICROPLASTIC_DETECTOR-main\dataset\test\film\film_0738.png
film_0739.png,film,1,test,C:\Users\hs085\Downloads\MICROPLASTIC_DETECTOR-main\MICROPLASTIC_DETECTOR-main\dataset\test\film\film_0739.png
film_0740.png,film,1,test,C:\Users\hs085\Downloads\MICROPLASTIC_DETECTOR-main\MICROPLASTIC_DETECTOR-main\dataset\test\film\film_0740.png
film_0741.png,film,1,test,C:\Users\hs085\Downloads\MICROPLASTIC_DETECTOR-main\MICROPLASTIC_DETECTOR-main\dataset\test\film\film_0741.png
film_0742.png,film,1,test,C:\Users\hs085\Downloads\MICROPLASTIC_DETECTOR-main\MICROPLASTIC_DETECTOR-main\dataset\test\film\film_0742.png
film_0743.png,film,1,test,C:\Users\hs085\Downloads\MICROPLASTIC_DETECTOR-main\MICROPLASTIC_DETECTOR-main\dataset\test\film\film_0743.png
film_0744.png,film,1,test,C:\Users\hs085\Downloads\MICROPLASTIC_DETECTOR-main\MICROPLASTIC_DETECTOR-main\dataset\test\film\film_0744.png
film_0745.png,film,1,test,C:\Users\hs085\Downloads\MICROPLASTIC_DETECTOR-main\MICROPLASTIC_DETECTOR-main\dataset\test\film\film_0745.png
film_0746.png,film,1,test,C:\Users\hs085\Downloads\MICROPLASTIC_DETECTOR-main\MICROPLASTIC_DETECTOR-main\dataset\test\film\film_0746.png
film_0747.png,film,1,test,C:\Users\hs085\Downloads\MICROPLASTIC_DETECTOR-main\MICROPLASTIC_DETECTOR-main\dataset\test\film\film_0747.png
film_0748.png,film,1,test,C:\Users\hs085\Downloads\MICROPLASTIC_DETECTOR-main\MICROPLASTIC_DETECTOR-main\dataset\test\film\film_0748.png
film_0749.png,film,1,test,C:\Users\hs085\Downloads\MICROPLASTIC_DETECTOR-main\MICROPLASTIC_DETECTOR-main\dataset\test\film\film_0749.png
film_0750.png,film,1,test,C:\Users\hs085\Downloads\MICROPLASTIC_DETECTOR-main\MICROPLASTIC_DETECTOR-main\dataset\test\film\film_0750.png
film_0751.png,film,1,test,C:\Users\hs085\Downloads\MICROPLASTIC_DETECTOR-main\MICROPLASTIC_DETECTOR-main\dataset\test\film\film_0751.png
film_0752.png,film,1,test,C:\Users\hs085\Downloads\MICROPLASTIC_DETECTOR-main\MICROPLASTIC_DETECTOR-main\dataset\test\film\film_0752.png
film_0753.png,film,1,test,C:\Users\hs085\Downloads\MICROPLASTIC_DETECTOR-main\MICROPLASTIC_DETECTOR-main\dataset\test\film\film_0753.png
film_0754.png,film,1,test,C:\Users\hs085\Downloads\MICROPLASTIC_DETECTOR-main\MICROPLASTIC_DETECTOR-main\dataset\test\film\film_0754.png
film_0755.png,film,1,test,C:\Users\hs085\Downloads\MICROPLASTIC_DETECTOR-main\MICROPLASTIC_DETECTOR-main\dataset\test\film\film_0755.png
film_0756.png,film,1,test,C:\Users\hs085\Downloads\MICROPLASTIC_DETECTOR-main\MICROPLASTIC_DETECTOR-main\dataset\test\film\film_0756.png
film_0757.png,film,1,test,C:\Users\hs085\Downloads\MICROPLASTIC_DETECTOR-main\MICROPLASTIC_DETECTOR-main\dataset\test\film\film_0757.png
film_0758.png,film,1,test,C:\Users\hs085\Downloads\MICROPLASTIC_DETECTOR-main\MICROPLASTIC_DETECTOR-main\dataset\test\film\film_0758.png
film_0759.png,film,1,test,C:\Users\hs085\Downloads\MICROPLASTIC_DETECTOR-main\MICROPLASTIC_DETECTOR-main\dataset\test\film\film_0759.png
film_0760.png,film,1,test,C:\Users\hs085\Downloads\MICROPLASTIC_DETECTOR-main\MICROPLASTIC_DETECTOR-main\dataset\test\film\film_0760.png
film_0761.png,film,1,test,C:\Users\hs085\Downloads\MICROPLASTIC_DETECTOR-main\MICROPLASTIC_DETECTOR-main\dataset\test\film\film_0761.png
film_0762.png,film,1,test,C:\Users\hs085\Downloads\MICROPLASTIC_DETECTOR-main\MICROPLASTIC_DETECTOR-main\dataset\test\film\film_0762.png
film_0763.png,film,1,test,C:\Users\hs085\Downloads\MICROPLASTIC_DETECTOR-main\MICROPLASTIC_DETECTOR-main\dataset\test\film\film_0763.png
film_0764.png,film,1,test,C:\Users\hs085\Downloads\MICROPLASTIC_DETECTOR-main\MICROPLASTIC_DETECTOR-main\dataset\test\film\film_0764.png
film_0765.png,film,1,test,C:\Users\hs085\Downloads\MICROPLASTIC_DETECTOR-main\MICROPLASTIC_DETECTOR-main\dataset\test\film\film_0765.png
film_0766.png,film,1,test,C:\Users\hs085\Downloads\MICROPLASTIC_DETECTOR-main\MICROPLASTIC_DETECTOR-main\dataset\test\film\film_0766.png
film_0767.png,film,1,test,C:\Users\hs085\Downloads\MICROPLASTIC_DETECTOR-main\MICROPLASTIC_DETECTOR-main\dataset\test\film\film_0767.png
film_0768.png,film,1,test,C:\Users\hs085\Downloads\MICROPLASTIC_DETECTOR-main\MICROPLASTIC_DETECTOR-main\dataset\test\film\film_0768.png
film_0769.png,film,1,test,C:\Users\hs085\Downloads\MICROPLASTIC_DETECTOR-main\MICROPLASTIC_DETECTOR-main\dataset\test\film\film_0769.png
film_0770.png,film,1,test,C:\Users\hs085\Downloads\MICROPLASTIC_DETECTOR-main\MICROPLASTIC_DETECTOR-main\dataset\test\film\film_0770.png
film_0771.png,film,1,test,C:\Users\hs085\Downloads\MICROPLASTIC_DETECTOR-main\MICROPLASTIC_DETECTOR-main\dataset\test\film\film_0771.png
film_0772.png,film,1,test,C:\Users\hs085\Downloads\MICROPLASTIC_DETECTOR-main\MICROPLASTIC_DETECTOR-main\dataset\test\film\film_0772.png
film_0773.png,film,1,test,C:\Users\hs085\Downloads\MICROPLASTIC_DETECTOR-main\MICROPLASTIC_DETECTOR-main\dataset\test\film\film_0773.png
film_0774.png,film,1,test,C:\Users\hs085\Downloads\MICROPLASTIC_DETECTOR-main\MICROPLASTIC_DETECTOR-main\dataset\test\film\film_0774.png
film_0775.png,film,1,test,C:\Users\hs085\Downloads\MICROPLASTIC_DETECTOR-main\MICROPLASTIC_DETECTOR-main\dataset\test\film\film_0775.png
film_0776.png,film,1,test,C:\Users\hs085\Downloads\MICROPLASTIC_DETECTOR-main\MICROPLASTIC_DETECTOR-main\dataset\test\film\film_0776.png
film_0777.png,film,1,test,C:\Users\hs085\Downloads\MICROPLASTIC_DETECTOR-main\MICROPLASTIC_DETECTOR-main\dataset\test\film\film_0777.png
film_0778.png,film,1,test,C:\Users\hs085\Downloads\MICROPLASTIC_DETECTOR-main\MICROPLASTIC_DETECTOR-main\dataset\test\film\film_0778.png
film_0779.png,film,1,test,C:\Users\hs085\Downloads\MICROPLASTIC_DETECTOR-main\MICROPLASTIC_DETECTOR-main\dataset\test\film\film_0779.png
film_0780.png,film,1,test,C:\Users\hs085\Downloads\MICROPLASTIC_DETECTOR-main\MICROPLASTIC_DETECTOR-main\dataset\test\film\film_0780.png
film_0781.png,film,1,test,C:\Users\hs085\Downloads\MICROPLASTIC_DETECTOR-main\MICROPLASTIC_DETECTOR-main\dataset\test\film\film_0781.png
film_0782.png,film,1,test,C:\Users\hs085\Downloads\MICROPLASTIC_DETECTOR-main\MICROPLASTIC_DETECTOR-main\dataset\test\film\film_0782.png
film_0783.png,film,1,test,C:\Users\hs085\Downloads\MICROPLASTIC_DETECTOR-main\MICROPLASTIC_DETECTOR-main\dataset\test\film\film_0783.png
film_0784.png,film,1,test,C:\Users\hs085\Downloads\MICROPLASTIC_DETECTOR-main\MICROPLASTIC_DETECTOR-main\dataset\test\film\film_0784.png
film_0785.png,film,1,test,C:\Users\hs085\Downloads\MICROPLASTIC_DETECTOR-main\MICROPLASTIC_DETECTOR-main\dataset\test\film\film_0785.png
film_0786.png,film,1,test,C:\Users\hs085\Downloads\MICROPLASTIC_DETECTOR-main\MICROPLASTIC_DETECTOR-main\dataset\test\film\film_0786.png
film_0787.png,film,1,test,C:\Users\hs085\Downloads\MICROPLASTIC_DETECTOR-main\MICROPLASTIC_DETECTOR-main\dataset\test\film\film_0787.png
film_0788.png,film,1,test,C:\Users\hs085\Downloads\MICROPLASTIC_DETECTOR-main\MICROPLASTIC_DETECTOR-main\dataset\test\film\film_0788.png
film_0789.png,film,1,test,C:\Users\hs085\Downloads\MICROPLASTIC_DETECTOR-main\MICROPLASTIC_DETECTOR-main\dataset\test\film\film_0789.png
film_0790.png,film,1,test,C:\Users\hs085\Downloads\MICROPLASTIC_DETECTOR-main\MICROPLASTIC_DETECTOR-main\dataset\test\film\film_0790.png
film_0791.png,film,1,test,C:\Users\hs085\Downloads\MICROPLASTIC_DETECTOR-main\MICROPLASTIC_DETECTOR-main\dataset\test\film\film_0791.png
film_0792.png,film,1,test,C:\Users\hs085\Downloads\MICROPLASTIC_DETECTOR-main\MICROPLASTIC_DETECTOR-main\dataset\test\film\film_0792.png
film_0793.png,film,1,test,C:\Users\hs085\Downloads\MICROPLASTIC_DETECTOR-main\MICROPLASTIC_DETECTOR-main\dataset\test\film\film_0793.png
film_0794.png,film,1,test,C:\Users\hs085\Downloads\MICROPLASTIC_DETECTOR-main\MICROPLASTIC_DETECTOR-main\dataset\test\film\film_0794.png
film_0795.png,film,1,test,C:\Users\hs085\Downloads\MICROPLASTIC_DETECTOR-main\MICROPLASTIC_DETECTOR-main\dataset\test\film\film_0795.png
film_0796.png,film,1,test,C:\Users\hs085\Downloads\MICROPLASTIC_DETECTOR-main\MICROPLASTIC_DETECTOR-main\dataset\test\film\film_0796.png
film_0797.png,film,1,test,C:\Users\hs085\Downloads\MICROPLASTIC_DETECTOR-main\MICROPLASTIC_DETECTOR-main\dataset\test\film\film_0797.png
film_0798.png,film,1,test,C:\Users\hs085\Downloads\MICROPLASTIC_DETECTOR-main\MICROPLASTIC_DETECTOR-main\dataset\test\film\film_0798.png
film_0799.png,film,1,test,C:\Users\hs085\Downloads\MICROPLASTIC_DETECTOR-main\MICROPLASTIC_DETECTOR-main\dataset\test\film\film_0799.png
film_0800.png,film,1,test,C:\Users\hs085\Downloads\MICROPLASTIC_DETECTOR-main\MICROPLASTIC_DETECTOR-main\dataset\test\film\film_0800.png
film_0801.png,film,1,test,C:\Users\hs085\Downloads\MICROPLASTIC_DETECTOR-main\MICROPLASTIC_DETECTOR-main\dataset\test\film\film_0801.png
film_0802.png,film,1,test,C:\Users\hs085\Downloads\MICROPLASTIC_DETECTOR-main\MICROPLASTIC_DETECTOR-main\dataset\test\film\film_0802.png
film_0803.png,film,1,test,C:\Users\hs085\Downloads\MICROPLASTIC_DETECTOR-main\MICROPLASTIC_DETECTOR-main\dataset\test\film\film_0803.png
film_0804.png,film,1,test,C:\Users\hs085\Downloads\MICROPLASTIC_DETECTOR-main\MICROPLASTIC_DETECTOR-main\dataset\test\film\film_0804.png
film_0805.png,film,1,test,C:\Users\hs085\Downloads\MICROPLASTIC_DETECTOR-main\MICROPLASTIC_DETECTOR-main\dataset\test\film\film_0805.png
film_0806.png,film,1,test,C:\Users\hs085\Downloads\MICROPLASTIC_DETECTOR-main\MICROPLASTIC_DETECTOR-main\dataset\test\film\film_0806.png
film_0807.png,film,1,test,C:\Users\hs085\Downloads\MICROPLASTIC_DETECTOR-main\MICROPLASTIC_DETECTOR-main\dataset\test\film\film_0807.png
film_0808.png,film,1,test,C:\Users\hs085\Downloads\MICROPLASTIC_DETECTOR-main\MICROPLASTIC_DETECTOR-main\dataset\test\film\film_0808.png
film_0809.png,film,1,test,C:\Users\hs085\Downloads\MICROPLASTIC_DETECTOR-main\MICROPLASTIC_DETECTOR-main\dataset\test\film\film_0809.png
film_0810.png,film,1,test,C:\Users\hs085\Downloads\MICROPLASTIC_DETECTOR-main\MICROPLASTIC_DETECTOR-main\dataset\test\film\film_0810.png
film_0811.png,film,1,test,C:\Users\hs085\Downloads\MICROPLASTIC_DETECTOR-main\MICROPLASTIC_DETECTOR-main\dataset\test\film\film_0811.png
film_0812.png,film,1,test,C:\Users\hs085\Downloads\MICROPLASTIC_DETECTOR-main\MICROPLASTIC_DETECTOR-main\dataset\test\film\film_0812.png
film_0813.png,film,1,test,C:\Users\hs085\Downloads\MICROPLASTIC_DETECTOR-main\MICROPLASTIC_DETECTOR-main\dataset\test\film\film_0813.png
film_0814.png,film,1,test,C:\Users\hs085\Downloads\MICROPLASTIC_DETECTOR-main\MICROPLASTIC_DETECTOR-main\dataset\test\film\film_0814.png
film_0815.png,film,1,test,C:\Users\hs085\Downloads\MICROPLASTIC_DETECTOR-main\MICROPLASTIC_DETECTOR-main\dataset\test\film\film_0815.png
film_0816.png,film,1,test,C:\Users\hs085\Downloads\MICROPLASTIC_DETECTOR-main\MICROPLASTIC_DETECTOR-main\dataset\test\film\film_0816.png
film_0817.png,film,1,test,C:\Users\hs085\Downloads\MICROPLASTIC_DETECTOR-main\MICROPLASTIC_DETECTOR-main\dataset\test\film\film_0817.png
film_0818.png,film,1,test,C:\Users\hs085\Downloads\MICROPLASTIC_DETECTOR-main\MICROPLASTIC_DETECTOR-main\dataset\test\film\film_0818.png
film_0819.png,film,1,test,C:\Users\hs085\Downloads\MICROPLASTIC_DETECTOR-main\MICROPLASTIC_DETECTOR-main\dataset\test\film\film_0819.png
film_0820.png,film,1,test,C:\Users\hs085\Downloads\MICROPLASTIC_DETECTOR-main\MICROPLASTIC_DETECTOR-main\dataset\test\film\film_0820.png
film_0821.png,film,1,test,C:\Users\hs085\Downloads\MICROPLASTIC_DETECTOR-main\MICROPLASTIC_DETECTOR-main\dataset\test\film\film_0821.png
film_0822.png,film,1,test,C:\Users\hs085\Downloads\MICROPLASTIC_DETECTOR-main\MICROPLASTIC_DETECTOR-main\dataset\test\film\film_0822.png
film_0823.png,film,1,test,C:\Users\hs085\Downloads\MICROPLASTIC_DETECTOR-main\MICROPLASTIC_DETECTOR-main\dataset\test\film\film_0823.png
film_0824.png,film,1,test,C:\Users\hs085\Downloads\MICROPLASTIC_DETECTOR-main\MICROPLASTIC_DETECTOR-main\dataset\test\film\film_0824.png
film_0825.png,film,1,test,C:\Users\hs085\Downloads\MICROPLASTIC_DETECTOR-main\MICROPLASTIC_DETECTOR-main\dataset\test\film\film_0825.png
film_0826.png,film,1,test,C:\Users\hs085\Downloads\MICROPLASTIC_DETECTOR-main\MICROPLASTIC_DETECTOR-main\dataset\test\film\film_0826.png
film_0827.png,film,1,test,C:\Users\hs085\Downloads\MICROPLASTIC_DETECTOR-main\MICROPLASTIC_DETECTOR-main\dataset\test\film\film_0827.png
film_0828.png,film,1,test,C:\Users\hs085\Downloads\MICROPLASTIC_DETECTOR-main\MICROPLASTIC_DETECTOR-main\dataset\test\film\film_0828.png
film_0829.png,film,1,test,C:\Users\hs085\Downloads\MICROPLASTIC_DETECTOR-main\MICROPLASTIC_DETECTOR-main\dataset\test\film\film_0829.png
film_0830.png,film,1,test,C:\Users\hs085\Downloads\MICROPLASTIC_DETECTOR-main\MICROPLASTIC_DETECTOR-main\dataset\test\film\film_0830.png
film_0831.png,film,1,test,C:\Users\hs085\Downloads\MICROPLASTIC_DETECTOR-main\MICROPLASTIC_DETECTOR-main\dataset\test\film\film_0831.png
film_0832.png,film,1,test,C:\Users\hs085\Downloads\MICROPLASTIC_DETECTOR-main\MICROPLASTIC_DETECTOR-main\dataset\test\film\film_0832.png
film_0833.png,film,1,test,C:\Users\hs085\Downloads\MICROPLASTIC_DETECTOR-main\MICROPLASTIC_DETECTOR-main\dataset\test\film\film_0833.png
film_0834.png,film,1,test,C:\Users\hs085\Downloads\MICROPLASTIC_DETECTOR-main\MICROPLASTIC_DETECTOR-main\dataset\test\film\film_0834.png
film_0835.png,film,1,test,C:\Users\hs085\Downloads\MICROPLASTIC_DETECTOR-main\MICROPLASTIC_DETECTOR-main\dataset\test\film\film_0835.png
film_0836.png,film,1,test,C:\Users\hs085\Downloads\MICROPLASTIC_DETECTOR-main\MICROPLASTIC_DETECTOR-main\dataset\test\film\film_0836.png
film_0837.png,film,1,test,C:\Users\hs085\Downloads\MICROPLASTIC_DETECTOR-main\MICROPLASTIC_DETECTOR-main\dataset\test\film\film_0837.png
film_0838.png,film,1,test,C:\Users\hs085\Downloads\MICROPLASTIC_DETECTOR-main\MICROPLASTIC_DETECTOR-main\dataset\test\film\film_0838.png
film_0839.png,film,1,test,C:\Users\hs085\Downloads\MICROPLASTIC_DETECTOR-main\MICROPLASTIC_DETECTOR-main\dataset\test\film\film_0839.png
film_0840.png,film,1,test,C:\Users\hs085\Downloads\MICROPLASTIC_DETECTOR-main\MICROPLASTIC_DETECTOR-main\dataset\test\film\film_0840.png
film_0841.png,film,1,test,C:\Users\hs085\Downloads\MICROPLASTIC_DETECTOR-main\MICROPLASTIC_DETECTOR-main\dataset\test\film\film_0841.png
film_0842.png,film,1,test,C:\Users\hs085\Downloads\MICROPLASTIC_DETECTOR-main\MICROPLASTIC_DETECTOR-main\dataset\test\film\film_0842.png
film_0843.png,film,1,test,C:\Users\hs085\Downloads\MICROPLASTIC_DETECTOR-main\MICROPLASTIC_DETECTOR-main\dataset\test\film\film_0843.png
film_0844.png,film,1,test,C:\Users\hs085\Downloads\MICROPLASTIC_DETECTOR-main\MICROPLASTIC_DETECTOR-main\dataset\test\film\film_0844.png
film_0845.png,film,1,test,C:\Users\hs085\Downloads\MICROPLASTIC_DETECTOR-main\MICROPLASTIC_DETECTOR-main\dataset\test\film\film_0845.png
film_0846.png,film,1,test,C:\Users\hs085\Downloads\MICROPLASTIC_DETECTOR-main\MICROPLASTIC_DETECTOR-main\dataset\test\film\film_0846.png
film_0847.png,film,1,test,C:\Users\hs085\Downloads\MICROPLASTIC_DETECTOR-main\MICROPLASTIC_DETECTOR-main\dataset\test\film\film_0847.png
film_0848.png,film,1,test,C:\Users\hs085\Downloads\MICROPLASTIC_DETECTOR-main\MICROPLASTIC_DETECTOR-main\dataset\test\film\film_0848.png
film_0849.png,film,1,test,C:\Users\hs085\Downloads\MICROPLASTIC_DETECTOR-main\MICROPLASTIC_DETECTOR-main\dataset\test\film\film_0849.png
foam_0000.png,foam,2,train,C:\Users\hs085\Downloads\MICROPLASTIC_DETECTOR-main\MICROPLASTIC_DETECTOR-main\dataset\train\foam\foam_0000.png
foam_0001.png,foam,2,train,C:\Users\hs085\Downloads\MICROPLASTIC_DETECTOR-main\MICROPLASTIC_DETECTOR-main\dataset\train\foam\foam_0001.png
foam_0002.png,foam,2,train,C:\Users\hs085\Downloads\MICROPLASTIC_DETECTOR-main\MICROPLASTIC_DETECTOR-main\dataset\train\foam\foam_0002.png
foam_0003.png,foam,2,train,C:\Users\hs085\Downloads\MICROPLASTIC_DETECTOR-main\MICROPLASTIC_DETECTOR-main\dataset\train\foam\foam_0003.png
foam_0004.png,foam,2,train,C:\Users\hs085\Downloads\MICROPLASTIC_DETECTOR-main\MICROPLASTIC_DETECTOR-main\dataset\train\foam\foam_0004.png
foam_0005.png,foam,2,train,C:\Users\hs085\Downloads\MICROPLASTIC_DETECTOR-main\MICROPLASTIC_DETECTOR-main\dataset\train\foam\foam_0005.png
foam_0006.png,foam,2,train,C:\Users\hs085\Downloads\MICROPLASTIC_DETECTOR-main\MICROPLASTIC_DETECTOR-main\dataset\train\foam\foam_0006.png
foam_0007.png,foam,2,train,C:\Users\hs085\Downloads\MICROPLASTIC_DETECTOR-main\MICROPLASTIC_DETECTOR-main\dataset\train\foam\foam_0007.png
foam_0008.png,foam,2,train,C:\Users\hs085\Downloads\MICROPLASTIC_DETECTOR-main\MICROPLASTIC_DETECTOR-main\dataset\train\foam\foam_0008.png
foam_0009.png,foam,2,train,C:\Users\hs085\Downloads\MICROPLASTIC_DETECTOR-main\MICROPLASTIC_DETECTOR-main\dataset\train\foam\foam_0009.png
foam_0010.png,foam,2,train,C:\Users\hs085\Downloads\MICROPLASTIC_DETECTOR-main\MICROPLASTIC_DETECTOR-main\dataset\train\foam\foam_0010.png
foam_0011.png,foam,2,train,C:\Users\hs085\Downloads\MICROPLASTIC_DETECTOR-main\MICROPLASTIC_DETECTOR-main\dataset\train\foam\foam_0011.png
foam_0012.png,foam,2,train,C:\Users\hs085\Downloads\MICROPLASTIC_DETECTOR-main\MICROPLASTIC_DETECTOR-main\dataset\train\foam\foam_0012.png
foam_0013.png,foam,2,train,C:\Users\hs085\Downloads\MICROPLASTIC_DETECTOR-main\MICROPLASTIC_DETECTOR-main\dataset\train\foam\foam_0013.png
foam_0014.png,foam,2,train,C:\Users\hs085\Downloads\MICROPLASTIC_DETECTOR-main\MICROPLASTIC_DETECTOR-main\dataset\train\foam\foam_0014.png
foam_0015.png,foam,2,train,C:\Users\hs085\Downloads\MICROPLASTIC_DETECTOR-main\MICROPLASTIC_DETECTOR-main\dataset\train\foam\foam_0015.png
foam_0016.png,foam,2,train,C:\Users\hs085\Downloads\MICROPLASTIC_DETECTOR-main\MICROPLASTIC_DETECTOR-main\dataset\train\foam\foam_0016.png
foam_0017.png,foam,2,train,C:\Users\hs085\Downloads\MICROPLASTIC_DETECTOR-main\MICROPLASTIC_DETECTOR-main\dataset\train\foam\foam_0017.png
foam_0018.png,foam,2,train,C:\Users\hs085\Downloads\MICROPLASTIC_DETECTOR-main\MICROPLASTIC_DETECTOR-main\dataset\train\foam\foam_0018.png
foam_0019.png,foam,2,train,C:\Users\hs085\Downloads\MICROPLASTIC_DETECTOR-main\MICROPLASTIC_DETECTOR-main\dataset\train\foam\foam_0019.png
foam_0020.png,foam,2,train,C:\Users\hs085\Downloads\MICROPLASTIC_DETECTOR-main\MICROPLASTIC_DETECTOR-main\dataset\train\foam\foam_0020.png
foam_0021.png,foam,2,train,C:\Users\hs085\Downloads\MICROPLASTIC_DETECTOR-main\MICROPLASTIC_DETECTOR-main\dataset\train\foam\foam_0021.png
foam_0022.png,foam,2,train,C:\Users\hs085\Downloads\MICROPLASTIC_DETECTOR-main\MICROPLASTIC_DETECTOR-main\dataset\train\foam\foam_0022.png
foam_0023.png,foam,2,train,C:\Users\hs085\Downloads\MICROPLASTIC_DETECTOR-main\MICROPLASTIC_DETECTOR-main\dataset\train\foam\foam_0023.png
foam_0024.png,foam,2,train,C:\Users\hs085\Downloads\MICROPLASTIC_DETECTOR-main\MICROPLASTIC_DETECTOR-main\dataset\train\foam\foam_0024.png
foam_0025.png,foam,2,train,C:\Users\hs085\Downloads\MICROPLASTIC_DETECTOR-main\MICROPLASTIC_DETECTOR-main\dataset\train\foam\foam_0025.png
foam_0026.png,foam,2,train,C:\Users\hs085\Downloads\MICROPLASTIC_DETECTOR-main\MICROPLASTIC_DETECTOR-main\dataset\train\foam\foam_0026.png
foam_0027.png,foam,2,train,C:\Users\hs085\Downloads\MICROPLASTIC_DETECTOR-main\MICROPLASTIC_DETECTOR-main\dataset\train\foam\foam_0027.png
foam_0028.png,foam,2,train,C:\Users\hs085\Downloads\MICROPLASTIC_DETECTOR-main\MICROPLASTIC_DETECTOR-main\dataset\train\foam\foam_0028.png
foam_0029.png,foam,2,train,C:\Users\hs085\Downloads\MICROPLASTIC_DETECTOR-main\MICROPLASTIC_DETECTOR-main\dataset\train\foam\foam_0029.png
foam_0030.png,foam,2,train,C:\Users\hs085\Downloads\MICROPLASTIC_DETECTOR-main\MICROPLASTIC_DETECTOR-main\dataset\train\foam\foam_0030.png
foam_0031.png,foam,2,train,C:\Users\hs085\Downloads\MICROPLASTIC_DETECTOR-main\MICROPLASTIC_DETECTOR-main\dataset\train\foam\foam_0031.png
foam_0032.png,foam,2,train,C:\Users\hs085\Downloads\MICROPLASTIC_DETECTOR-main\MICROPLASTIC_DETECTOR-main\dataset\train\foam\foam_0032.png
foam_0033.png,foam,2,train,C:\Users\hs085\Downloads\MICROPLASTIC_DETECTOR-main\MICROPLASTIC_DETECTOR-main\dataset\train\foam\foam_0033.png
foam_0034.png,foam,2,train,C:\Users\hs085\Downloads\MICROPLASTIC_DETECTOR-main\MICROPLASTIC_DETECTOR-main\dataset\train\foam\foam_0034.png
foam_0035.png,foam,2,train,C:\Users\hs085\Downloads\MICROPLASTIC_DETECTOR-main\MICROPLASTIC_DETECTOR-main\dataset\train\foam\foam_0035.png
foam_0036.png,foam,2,train,C:\Users\hs085\Downloads\MICROPLASTIC_DETECTOR-main\MICROPLASTIC_DETECTOR-main\dataset\train\foam\foam_0036.png
foam_0037.png,foam,2,train,C:\Users\hs085\Downloads\MICROPLASTIC_DETECTOR-main\MICROPLASTIC_DETECTOR-main\dataset\train\foam\foam_0037.png
foam_0038.png,foam,2,train,C:\Users\hs085\Downloads\MICROPLASTIC_DETECTOR-main\MICROPLASTIC_DETECTOR-main\dataset\train\foam\foam_0038.png
foam_0039.png,foam,2,train,C:\Users\hs085\Downloads\MICROPLASTIC_DETECTOR-main\MICROPLASTIC_DETECTOR-main\dataset\train\foam\foam_0039.png
foam_0040.png,foam,2,train,C:\Users\hs085\Downloads\MICROPLASTIC_DETECTOR-main\MICROPLASTIC_DETECTOR-main\dataset\train\foam\foam_0040.png
foam_0041.png,foam,2,train,C:\Users\hs085\Downloads\MICROPLASTIC_DETECTOR-main\MICROPLASTIC_DETECTOR-main\dataset\train\foam\foam_0041.png
foam_0042.png,foam,2,train,C:\Users\hs085\Downloads\MICROPLASTIC_DETECTOR-main\MICROPLASTIC_DETECTOR-main\dataset\train\foam\foam_0042.png
foam_0043.png,foam,2,train,C:\Users\hs085\Downloads\MICROPLASTIC_DETECTOR-main\MICROPLASTIC_DETECTOR-main\dataset\train\foam\foam_0043.png
foam_0044.png,foam,2,train,C:\Users\hs085\Downloads\MICROPLASTIC_DETECTOR-main\MICROPLASTIC_DETECTOR-main\dataset\train\foam\foam_0044.png
foam_0045.png,foam,2,train,C:\Users\hs085\Downloads\MICROPLASTIC_DETECTOR-main\MICROPLASTIC_DETECTOR-main\dataset\train\foam\foam_0045.png
foam_0046.png,foam,2,train,C:\Users\hs085\Downloads\MICROPLASTIC_DETECTOR-main\MICROPLASTIC_DETECTOR-main\dataset\train\foam\foam_0046.png
foam_0047.png,foam,2,train,C:\Users\hs085\Downloads\MICROPLASTIC_DETECTOR-main\MICROPLASTIC_DETECTOR-main\dataset\train\foam\foam_0047.png
foam_0048.png,foam,2,train,C:\Users\hs085\Downloads\MICROPLASTIC_DETECTOR-main\MICROPLASTIC_DETECTOR-main\dataset\train\foam\foam_0048.png
foam_0049.png,foam,2,train,C:\Users\hs085\Downloads\MICROPLASTIC_DETECTOR-main\MICROPLASTIC_DETECTOR-main\dataset\train\foam\foam_0049.png
foam_0050.png,foam,2,train,C:\Users\hs085\Downloads\MICROPLASTIC_DETECTOR-main\MICROPLASTIC_DETECTOR-main\dataset\train\foam\foam_0050.png
foam_0051.png,foam,2,train,C:\Users\hs085\Downloads\MICROPLASTIC_DETECTOR-main\MICROPLASTIC_DETECTOR-main\dataset\train\foam\foam_0051.png
foam_0052.png,foam,2,train,C:\Users\hs085\Downloads\MICROPLASTIC_DETECTOR-main\MICROPLASTIC_DETECTOR-main\dataset\train\foam\foam_0052.png
foam_0053.png,foam,2,train,C:\Users\hs085\Downloads\MICROPLASTIC_DETECTOR-main\MICROPLASTIC_DETECTOR-main\dataset\train\foam\foam_0053.png
foam_0054.png,foam,2,train,C:\Users\hs085\Downloads\MICROPLASTIC_DETECTOR-main\MICROPLASTIC_DETECTOR-main\dataset\train\foam\foam_0054.png
foam_0055.png,foam,2,train,C:\Users\hs085\Downloads\MICROPLASTIC_DETECTOR-main\MICROPLASTIC_DETECTOR-main\dataset\train\foam\foam_0055.png
foam_0056.png,foam,2,train,C:\Users\hs085\Downloads\MICROPLASTIC_DETECTOR-main\MICROPLASTIC_DETECTOR-main\dataset\train\foam\foam_0056.png
foam_0057.png,foam,2,train,C:\Users\hs085\Downloads\MICROPLASTIC_DETECTOR-main\MICROPLASTIC_DETECTOR-main\dataset\train\foam\foam_0057.png
foam_0058.png,foam,2,train,C:\Users\hs085\Downloads\MICROPLASTIC_DETECTOR-main\MICROPLASTIC_DETECTOR-main\dataset\train\foam\foam_0058.png
foam_0059.png,foam,2,train,C:\Users\hs085\Downloads\MICROPLASTIC_DETECTOR-main\MICROPLASTIC_DETECTOR-main\dataset\train\foam\foam_0059.png
foam_0060.png,foam,2,train,C:\Users\hs085\Downloads\MICROPLASTIC_DETECTOR-main\MICROPLASTIC_DETECTOR-main\dataset\train\foam\foam_0060.png
foam_0061.png,foam,2,train,C:\Users\hs085\Downloads\MICROPLASTIC_DETECTOR-main\MICROPLASTIC_DETECTOR-main\dataset\train\foam\foam_0061.png
foam_0062.png,foam,2,train,C:\Users\hs085\Downloads\MICROPLASTIC_DETECTOR-main\MICROPLASTIC_DETECTOR-main\dataset\train\foam\foam_0062.png
foam_0063.png,foam,2,train,C:\Users\hs085\Downloads\MICROPLASTIC_DETECTOR-main\MICROPLASTIC_DETECTOR-main\dataset\train\foam\foam_0063.png
foam_0064.png,foam,2,train,C:\Users\hs085\Downloads\MICROPLASTIC_DETECTOR-main\MICROPLASTIC_DETECTOR-main\dataset\train\foam\foam_0064.png
foam_0065.png,foam,2,train,C:\Users\hs085\Downloads\MICROPLASTIC_DETECTOR-main\MICROPLASTIC_DETECTOR-main\dataset\train\foam\foam_0065.png
foam_0066.png,foam,2,train,C:\Users\hs085\Downloads\MICROPLASTIC_DETECTOR-main\MICROPLASTIC_DETECTOR-main\dataset\train\foam\foam_0066.png
foam_0067.png,foam,2,train,C:\Users\hs085\Downloads\MICROPLASTIC_DETECTOR-main\MICROPLASTIC_DETECTOR-main\dataset\train\foam\foam_0067.png
foam_0068.png,foam,2,train,C:\Users\hs085\Downloads\MICROPLASTIC_DETECTOR-main\MICROPLASTIC_DETECTOR-main\dataset\train\foam\foam_0068.png
foam_0069.png,foam,2,train,C:\Users\hs085\Downloads\MICROPLASTIC_DETECTOR-main\MICROPLASTIC_DETECTOR-main\dataset\train\foam\foam_0069.png
foam_0070.png,foam,2,train,C:\Users\hs085\Downloads\MICROPLASTIC_DETECTOR-main\MICROPLASTIC_DETECTOR-main\dataset\train\foam\foam_0070.png
foam_0071.png,foam,2,train,C:\Users\hs085\Downloads\MICROPLASTIC_DETECTOR-main\MICROPLASTIC_DETECTOR-main\dataset\train\foam\foam_0071.png
foam_0072.png,foam,2,train,C:\Users\hs085\Downloads\MICROPLASTIC_DETECTOR-main\MICROPLASTIC_DETECTOR-main\dataset\train\foam\foam_0072.png
foam_0073.png,foam,2,train,C:\Users\hs085\Downloads\MICROPLASTIC_DETECTOR-main\MICROPLASTIC_DETECTOR-main\dataset\train\foam\foam_0073.png
foam_0074.png,foam,2,train,C:\Users\hs085\Downloads\MICROPLASTIC_DETECTOR-main\MICROPLASTIC_DETECTOR-main\dataset\train\foam\foam_0074.png
foam_0075.png,foam,2,train,C:\Users\hs085\Downloads\MICROPLASTIC_DETECTOR-main\MICROPLASTIC_DETECTOR-main\dataset\train\foam\foam_0075.png
foam_0076.png,foam,2,train,C:\Users\hs085\Downloads\MICROPLASTIC_DETECTOR-main\MICROPLASTIC_DETECTOR-main\dataset\train\foam\foam_0076.png
foam_0077.png,foam,2,train,C:\Users\hs085\Downloads\MICROPLASTIC_DETECTOR-main\MICROPLASTIC_DETECTOR-main\dataset\train\foam\foam_0077.png
foam_0078.png,foam,2,train,C:\Users\hs085\Downloads\MICROPLASTIC_DETECTOR-main\MICROPLASTIC_DETECTOR-main\dataset\train\foam\foam_0078.png
foam_0079.png,foam,2,train,C:\Users\hs085\Downloads\MICROPLASTIC_DETECTOR-main\MICROPLASTIC_DETECTOR-main\dataset\train\foam\foam_0079.png
foam_0080.png,foam,2,train,C:\Users\hs085\Downloads\MICROPLASTIC_DETECTOR-main\MICROPLASTIC_DETECTOR-main\dataset\train\foam\foam_0080.png
foam_0081.png,foam,2,train,C:\Users\hs085\Downloads\MICROPLASTIC_DETECTOR-main\MICROPLASTIC_DETECTOR-main\dataset\train\foam\foam_0081.png
foam_0082.png,foam,2,train,C:\Users\hs085\Downloads\MICROPLASTIC_DETECTOR-main\MICROPLASTIC_DETECTOR-main\dataset\train\foam\foam_0082.png
foam_0083.png,foam,2,train,C:\Users\hs085\Downloads\MICROPLASTIC_DETECTOR-main\MICROPLASTIC_DETECTOR-main\dataset\train\foam\foam_0083.png
foam_0084.png,foam,2,train,C:\Users\hs085\Downloads\MICROPLASTIC_DETECTOR-main\MICROPLASTIC_DETECTOR-main\dataset\train\foam\foam_0084.png
foam_0085.png,foam,2,train,C:\Users\hs085\Downloads\MICROPLASTIC_DETECTOR-main\MICROPLASTIC_DETECTOR-main\dataset\train\foam\foam_0085.png
foam_0086.png,foam,2,train,C:\Users\hs085\Downloads\MICROPLASTIC_DETECTOR-main\MICROPLASTIC_DETECTOR-main\dataset\train\foam\foam_0086.png
foam_0087.png,foam,2,train,C:\Users\hs085\Downloads\MICROPLASTIC_DETECTOR-main\MICROPLASTIC_DETECTOR-main\dataset\train\foam\foam_0087.png
foam_0088.png,foam,2,train,C:\Users\hs085\Downloads\MICROPLASTIC_DETECTOR-main\MICROPLASTIC_DETECTOR-main\dataset\train\foam\foam_0088.png
foam_0089.png,foam,2,train,C:\Users\hs085\Downloads\MICROPLASTIC_DETECTOR-main\MICROPLASTIC_DETECTOR-main\dataset\train\foam\foam_0089.png
foam_0090.png,foam,2,train,C:\Users\hs085\Downloads\MICROPLASTIC_DETECTOR-main\MICROPLASTIC_DETECTOR-main\dataset\train\foam\foam_0090.png
foam_0091.png,foam,2,train,C:\Users\hs085\Downloads\MICROPLASTIC_DETECTOR-main\MICROPLASTIC_DETECTOR-main\dataset\train\foam\foam_0091.png
foam_0092.png,foam,2,train,C:\Users\hs085\Downloads\MICROPLASTIC_DETECTOR-main\MICROPLASTIC_DETECTOR-main\dataset\train\foam\foam_0092.png
foam_0093.png,foam,2,train,C:\Users\hs085\Downloads\MICROPLASTIC_DETECTOR-main\MICROPLASTIC_DETECTOR-main\dataset\train\foam\foam_0093.png
foam_0094.png,foam,2,train,C:\Users\hs085\Downloads\MICROPLASTIC_DETECTOR-main\MICROPLASTIC_DETECTOR-main\dataset\train\foam\foam_0094.png
foam_0095.png,foam,2,train,C:\Users\hs085\Downloads\MICROPLASTIC_DETECTOR-main\MICROPLASTIC_DETECTOR-main\dataset\train\foam\foam_0095.png
foam_0096.png,foam,2,train,C:\Users\hs085\Downloads\MICROPLASTIC_DETECTOR-main\MICROPLASTIC_DETECTOR-main\dataset\train\foam\foam_0096.png
foam_0097.png,foam,2,train,C:\Users\hs085\Downloads\MICROPLASTIC_DETECTOR-main\MICROPLASTIC_DETECTOR-main\dataset\train\foam\foam_0097.png
foam_0098.png,foam,2,train,C:\Users\hs085\Downloads\MICROPLASTIC_DETECTOR-main\MICROPLASTIC_DETECTOR-main\dataset\train\foam\foam_0098.png
foam_0099.png,foam,2,train,C:\Users\hs085\Downloads\MICROPLASTIC_DETECTOR-main\MICROPLASTIC_DETECTOR-main\dataset\train\foam\foam_0099.png
foam_0100.png,foam,2,train,C:\Users\hs085\Downloads\MICROPLASTIC_DETECTOR-main\MICROPLASTIC_DETECTOR-main\dataset\train\foam\foam_0100.png
foam_0101.png,foam,2,train,C:\Users\hs085\Downloads\MICROPLASTIC_DETECTOR-main\MICROPLASTIC_DETECTOR-main\dataset\train\foam\foam_0101.png
foam_0102.png,foam,2,train,C:\Users\hs085\Downloads\MICROPLASTIC_DETECTOR-main\MICROPLASTIC_DETECTOR-main\dataset\train\foam\foam_0102.png
foam_0103.png,foam,2,train,C:\Users\hs085\Downloads\MICROPLASTIC_DETECTOR-main\MICROPLASTIC_DETECTOR-main\dataset\train\foam\foam_0103.png
foam_0104.png,foam,2,train,C:\Users\hs085\Downloads\MICROPLASTIC_DETECTOR-main\MICROPLASTIC_DETECTOR-main\dataset\train\foam\foam_0104.png
foam_0105.png,foam,2,train,C:\Users\hs085\Downloads\MICROPLASTIC_DETECTOR-main\MICROPLASTIC_DETECTOR-main\dataset\train\foam\foam_0105.png
foam_0106.png,foam,2,train,C:\Users\hs085\Downloads\MICROPLASTIC_DETECTOR-main\MICROPLASTIC_DETECTOR-main\dataset\train\foam\foam_0106.png
foam_0107.png,foam,2,train,C:\Users\hs085\Downloads\MICROPLASTIC_DETECTOR-main\MICROPLASTIC_DETECTOR-main\dataset\train\foam\foam_0107.png
foam_0108.png,foam,2,train,C:\Users\hs085\Downloads\MICROPLASTIC_DETECTOR-main\MICROPLASTIC_DETECTOR-main\dataset\train\foam\foam_0108.png
foam_0109.png,foam,2,train,C:\Users\hs085\Downloads\MICROPLASTIC_DETECTOR-main\MICROPLASTIC_DETECTOR-main\dataset\train\foam\foam_0109.png
foam_0110.png,foam,2,train,C:\Users\hs085\Downloads\MICROPLASTIC_DETECTOR-main\MICROPLASTIC_DETECTOR-main\dataset\train\foam\foam_0110.png
foam_0111.png,foam,2,train,C:\Users\hs085\Downloads\MICROPLASTIC_DETECTOR-main\MICROPLASTIC_DETECTOR-main\dataset\train\foam\foam_0111.png
foam_0112.png,foam,2,train,C:\Users\hs085\Downloads\MICROPLASTIC_DETECTOR-main\MICROPLASTIC_DETECTOR-main\dataset\train\foam\foam_0112.png
foam_0113.png,foam,2,train,C:\Users\hs085\Downloads\MICROPLASTIC_DETECTOR-main\MICROPLASTIC_DETECTOR-main\dataset\train\foam\foam_0113.png
foam_0114.png,foam,2,train,C:\Users\hs085\Downloads\MICROPLASTIC_DETECTOR-main\MICROPLASTIC_DETECTOR-main\dataset\train\foam\foam_0114.png
foam_0115.png,foam,2,train,C:\Users\hs085\Downloads\MICROPLASTIC_DETECTOR-main\MICROPLASTIC_DETECTOR-main\dataset\train\foam\foam_0115.png
foam_0116.png,foam,2,train,C:\Users\hs085\Downloads\MICROPLASTIC_DETECTOR-main\MICROPLASTIC_DETECTOR-main\dataset\train\foam\foam_0116.png
foam_0117.png,foam,2,train,C:\Users\hs085\Downloads\MICROPLASTIC_DETECTOR-main\MICROPLASTIC_DETECTOR-main\dataset\train\foam\foam_0117.png
foam_0118.png,foam,2,train,C:\Users\hs085\Downloads\MICROPLASTIC_DETECTOR-main\MICROPLASTIC_DETECTOR-main\dataset\train\foam\foam_0118.png
foam_0119.png,foam,2,train,C:\Users\hs085\Downloads\MICROPLASTIC_DETECTOR-main\MICROPLASTIC_DETECTOR-main\dataset\train\foam\foam_0119.png
foam_0120.png,foam,2,train,C:\Users\hs085\Downloads\MICROPLASTIC_DETECTOR-main\MICROPLASTIC_DETECTOR-main\dataset\train\foam\foam_0120.png
foam_0121.png,foam,2,train,C:\Users\hs085\Downloads\MICROPLASTIC_DETECTOR-main\MICROPLASTIC_DETECTOR-main\dataset\train\foam\foam_0121.png
foam_0122.png,foam,2,train,C:\Users\hs085\Downloads\MICROPLASTIC_DETECTOR-main\MICROPLASTIC_DETECTOR-main\dataset\train\foam\foam_0122.png
foam_0123.png,foam,2,train,C:\Users\hs085\Downloads\MICROPLASTIC_DETECTOR-main\MICROPLASTIC_DETECTOR-main\dataset\train\foam\foam_0123.png
foam_0124.png,foam,2,train,C:\Users\hs085\Downloads\MICROPLASTIC_DETECTOR-main\MICROPLASTIC_DETECTOR-main\dataset\train\foam\foam_0124.png
foam_0125.png,foam,2,train,C:\Users\hs085\Downloads\MICROPLASTIC_DETECTOR-main\MICROPLASTIC_DETECTOR-main\dataset\train\foam\foam_0125.png
foam_0126.png,foam,2,train,C:\Users\hs085\Downloads\MICROPLASTIC_DETECTOR-main\MICROPLASTIC_DETECTOR-main\dataset\train\foam\foam_0126.png
foam_0127.png,foam,2,train,C:\Users\hs085\Downloads\MICROPLASTIC_DETECTOR-main\MICROPLASTIC_DETECTOR-main\dataset\train\foam\foam_0127.png
foam_0128.png,foam,2,train,C:\Users\hs085\Downloads\MICROPLASTIC_DETECTOR-main\MICROPLASTIC_DETECTOR-main\dataset\train\foam\foam_0128.png
foam_0129.png,foam,2,train,C:\Users\hs085\Downloads\MICROPLASTIC_DETECTOR-main\MICROPLASTIC_DETECTOR-main\dataset\train\foam\foam_0129.png
foam_0130.png,foam,2,train,C:\Users\hs085\Downloads\MICROPLASTIC_DETECTOR-main\MICROPLASTIC_DETECTOR-main\dataset\train\foam\foam_0130.png
foam_0131.png,foam,2,train,C:\Users\hs085\Downloads\MICROPLASTIC_DETECTOR-main\MICROPLASTIC_DETECTOR-main\dataset\train\foam\foam_0131.png
foam_0132.png,foam,2,train,C:\Users\hs085\Downloads\MICROPLASTIC_DETECTOR-main\MICROPLASTIC_DETECTOR-main\dataset\train\foam\foam_0132.png
foam_0133.png,foam,2,train,C:\Users\hs085\Downloads\MICROPLASTIC_DETECTOR-main\MICROPLASTIC_DETECTOR-main\dataset\train\foam\foam_0133.png
foam_0134.png,foam,2,train,C:\Users\hs085\Downloads\MICROPLASTIC_DETECTOR-main\MICROPLASTIC_DETECTOR-main\dataset\train\foam\foam_0134.png
foam_0135.png,foam,2,train,C:\Users\hs085\Downloads\MICROPLASTIC_DETECTOR-main\MICROPLASTIC_DETECTOR-main\dataset\train\foam\foam_0135.png
foam_0136.png,foam,2,train,C:\Users\hs085\Downloads\MICROPLASTIC_DETECTOR-main\MICROPLASTIC_DETECTOR-main\dataset\train\foam\foam_0136.png
foam_0137.png,foam,2,train,C:\Users\hs085\Downloads\MICROPLASTIC_DETECTOR-main\MICROPLASTIC_DETECTOR-main\dataset\train\foam\foam_0137.png
foam_0138.png,foam,2,train,C:\Users\hs085\Downloads\MICROPLASTIC_DETECTOR-main\MICROPLASTIC_DETECTOR-main\dataset\train\foam\foam_0138.png
foam_0139.png,foam,2,train,C:\Users\hs085\Downloads\MICROPLASTIC_DETECTOR-main\MICROPLASTIC_DETECTOR-main\dataset\train\foam\foam_0139.png
foam_0140.png,foam,2,train,C:\Users\hs085\Downloads\MICROPLASTIC_DETECTOR-main\MICROPLASTIC_DETECTOR-main\dataset\train\foam\foam_0140.png
foam_0141.png,foam,2,train,C:\Users\hs085\Downloads\MICROPLASTIC_DETECTOR-main\MICROPLASTIC_DETECTOR-main\dataset\train\foam\foam_0141.png
foam_0142.png,foam,2,train,C:\Users\hs085\Downloads\MICROPLASTIC_DETECTOR-main\MICROPLASTIC_DETECTOR-main\dataset\train\foam\foam_0142.png
foam_0143.png,foam,2,train,C:\Users\hs085\Downloads\MICROPLASTIC_DETECTOR-main\MICROPLASTIC_DETECTOR-main\dataset\train\foam\foam_0143.png
foam_0144.png,foam,2,train,C:\Users\hs085\Downloads\MICROPLASTIC_DETECTOR-main\MICROPLASTIC_DETECTOR-main\dataset\train\foam\foam_0144.png
foam_0145.png,foam,2,train,C:\Users\hs085\Downloads\MICROPLASTIC_DETECTOR-main\MICROPLASTIC_DETECTOR-main\dataset\train\foam\foam_0145.png
foam_0146.png,foam,2,train,C:\Users\hs085\Downloads\MICROPLASTIC_DETECTOR-main\MICROPLASTIC_DETECTOR-main\dataset\train\foam\foam_0146.png
foam_0147.png,foam,2,train,C:\Users\hs085\Downloads\MICROPLASTIC_DETECTOR-main\MICROPLASTIC_DETECTOR-main\dataset\train\foam\foam_0147.png
foam_0148.png,foam,2,train,C:\Users\hs085\Downloads\MICROPLASTIC_DETECTOR-main\MICROPLASTIC_DETECTOR-main\dataset\train\foam\foam_0148.png
foam_0149.png,foam,2,train,C:\Users\hs085\Downloads\MICROPLASTIC_DETECTOR-main\MICROPLASTIC_DETECTOR-main\dataset\train\foam\foam_0149.png
foam_0150.png,foam,2,train,C:\Users\hs085\Downloads\MICROPLASTIC_DETECTOR-main\MICROPLASTIC_DETECTOR-main\dataset\train\foam\foam_0150.png
foam_0151.png,foam,2,train,C:\Users\hs085\Downloads\MICROPLASTIC_DETECTOR-main\MICROPLASTIC_DETECTOR-main\dataset\train\foam\foam_0151.png
foam_0152.png,foam,2,train,C:\Users\hs085\Downloads\MICROPLASTIC_DETECTOR-main\MICROPLASTIC_DETECTOR-main\dataset\train\foam\foam_0152.png
foam_0153.png,foam,2,train,C:\Users\hs085\Downloads\MICROPLASTIC_DETECTOR-main\MICROPLASTIC_DETECTOR-main\dataset\train\foam\foam_0153.png
foam_0154.png,foam,2,train,C:\Users\hs085\Downloads\MICROPLASTIC_DETECTOR-main\MICROPLASTIC_DETECTOR-main\dataset\train\foam\foam_0154.png
foam_0155.png,foam,2,train,C:\Users\hs085\Downloads\MICROPLASTIC_DETECTOR-main\MICROPLASTIC_DETECTOR-main\dataset\train\foam\foam_0155.png
foam_0156.png,foam,2,train,C:\Users\hs085\Downloads\MICROPLASTIC_DETECTOR-main\MICROPLASTIC_DETECTOR-main\dataset\train\foam\foam_0156.png
foam_0157.png,foam,2,train,C:\Users\hs085\Downloads\MICROPLASTIC_DETECTOR-main\MICROPLASTIC_DETECTOR-main\dataset\train\foam\foam_0157.png
foam_0158.png,foam,2,train,C:\Users\hs085\Downloads\MICROPLASTIC_DETECTOR-main\MICROPLASTIC_DETECTOR-main\dataset\train\foam\foam_0158.png
foam_0159.png,foam,2,train,C:\Users\hs085\Downloads\MICROPLASTIC_DETECTOR-main\MICROPLASTIC_DETECTOR-main\dataset\train\foam\foam_0159.png
foam_0160.png,foam,2,train,C:\Users\hs085\Downloads\MICROPLASTIC_DETECTOR-main\MICROPLASTIC_DETECTOR-main\dataset\train\foam\foam_0160.png
foam_0161.png,foam,2,train,C:\Users\hs085\Downloads\MICROPLASTIC_DETECTOR-main\MICROPLASTIC_DETECTOR-main\dataset\train\foam\foam_0161.png
foam_0162.png,foam,2,train,C:\Users\hs085\Downloads\MICROPLASTIC_DETECTOR-main\MICROPLASTIC_DETECTOR-main\dataset\train\foam\foam_0162.png
foam_0163.png,foam,2,train,C:\Users\hs085\Downloads\MICROPLASTIC_DETECTOR-main\MICROPLASTIC_DETECTOR-main\dataset\train\foam\foam_0163.png
foam_0164.png,foam,2,train,C:\Users\hs085\Downloads\MICROPLASTIC_DETECTOR-main\MICROPLASTIC_DETECTOR-main\dataset\train\foam\foam_0164.png
foam_0165.png,foam,2,train,C:\Users\hs085\Downloads\MICROPLASTIC_DETECTOR-main\MICROPLASTIC_DETECTOR-main\dataset\train\foam\foam_0165.png
foam_0166.png,foam,2,train,C:\Users\hs085\Downloads\MICROPLASTIC_DETECTOR-main\MICROPLASTIC_DETECTOR-main\dataset\train\foam\foam_0166.png
foam_0167.png,foam,2,train,C:\Users\hs085\Downloads\MICROPLASTIC_DETECTOR-main\MICROPLASTIC_DETECTOR-main\dataset\train\foam\foam_0167.png
foam_0168.png,foam,2,train,C:\Users\hs085\Downloads\MICROPLASTIC_DETECTOR-main\MICROPLASTIC_DETECTOR-main\dataset\train\foam\foam_0168.png
foam_0169.png,foam,2,train,C:\Users\hs085\Downloads\MICROPLASTIC_DETECTOR-main\MICROPLASTIC_DETECTOR-main\dataset\train\foam\foam_0169.png
foam_0170.png,foam,2,train,C:\Users\hs085\Downloads\MICROPLASTIC_DETECTOR-main\MICROPLASTIC_DETECTOR-main\dataset\train\foam\foam_0170.png
foam_0171.png,foam,2,train,C:\Users\hs085\Downloads\MICROPLASTIC_DETECTOR-main\MICROPLASTIC_DETECTOR-main\dataset\train\foam\foam_0171.png
foam_0172.png,foam,2,train,C:\Users\hs085\Downloads\MICROPLASTIC_DETECTOR-main\MICROPLASTIC_DETECTOR-main\dataset\train\foam\foam_0172.png
foam_0173.png,foam,2,train,C:\Users\hs085\Downloads\MICROPLASTIC_DETECTOR-main\MICROPLASTIC_DETECTOR-main\dataset\train\foam\foam_0173.png
foam_0174.png,foam,2,train,C:\Users\hs085\Downloads\MICROPLASTIC_DETECTOR-main\MICROPLASTIC_DETECTOR-main\dataset\train\foam\foam_0174.png
foam_0175.png,foam,2,train,C:\Users\hs085\Downloads\MICROPLASTIC_DETECTOR-main\MICROPLASTIC_DETECTOR-main\dataset\train\foam\foam_0175.png
foam_0176.png,foam,2,train,C:\Users\hs085\Downloads\MICROPLASTIC_DETECTOR-main\MICROPLASTIC_DETECTOR-main\dataset\train\foam\foam_0176.png
foam_0177.png,foam,2,train,C:\Users\hs085\Downloads\MICROPLASTIC_DETECTOR-main\MICROPLASTIC_DETECTOR-main\dataset\train\foam\foam_0177.png
foam_0178.png,foam,2,train,C:\Users\hs085\Downloads\MICROPLASTIC_DETECTOR-main\MICROPLASTIC_DETECTOR-main\dataset\train\foam\foam_0178.png
foam_0179.png,foam,2,train,C:\Users\hs085\Downloads\MICROPLASTIC_DETECTOR-main\MICROPLASTIC_DETECTOR-main\dataset\train\foam\foam_0179.png
foam_0180.png,foam,2,train,C:\Users\hs085\Downloads\MICROPLASTIC_DETECTOR-main\MICROPLASTIC_DETECTOR-main\dataset\train\foam\foam_0180.png
foam_0181.png,foam,2,train,C:\Users\hs085\Downloads\MICROPLASTIC_DETECTOR-main\MICROPLASTIC_DETECTOR-main\dataset\train\foam\foam_0181.png
foam_0182.png,foam,2,train,C:\Users\hs085\Downloads\MICROPLASTIC_DETECTOR-main\MICROPLASTIC_DETECTOR-main\dataset\train\foam\foam_0182.png
foam_0183.png,foam,2,train,C:\Users\hs085\Downloads\MICROPLASTIC_DETECTOR-main\MICROPLASTIC_DETECTOR-main\dataset\train\foam\foam_0183.png
foam_0184.png,foam,2,train,C:\Users\hs085\Downloads\MICROPLASTIC_DETECTOR-main\MICROPLASTIC_DETECTOR-main\dataset\train\foam\foam_0184.png
foam_0185.png,foam,2,train,C:\Users\hs085\Downloads\MICROPLASTIC_DETECTOR-main\MICROPLASTIC_DETECTOR-main\dataset\train\foam\foam_0185.png
foam_0186.png,foam,2,train,C:\Users\hs085\Downloads\MICROPLASTIC_DETECTOR-main\MICROPLASTIC_DETECTOR-main\dataset\train\foam\foam_0186.png
foam_0187.png,foam,2,train,C:\Users\hs085\Downloads\MICROPLASTIC_DETECTOR-main\MICROPLASTIC_DETECTOR-main\dataset\train\foam\foam_0187.png
foam_0188.png,foam,2,train,C:\Users\hs085\Downloads\MICROPLASTIC_DETECTOR-main\MICROPLASTIC_DETECTOR-main\dataset\train\foam\foam_0188.png
foam_0189.png,foam,2,train,C:\Users\hs085\Downloads\MICROPLASTIC_DETECTOR-main\MICROPLASTIC_DETECTOR-main\dataset\train\foam\foam_0189.png
foam_0190.png,foam,2,train,C:\Users\hs085\Downloads\MICROPLASTIC_DETECTOR-main\MICROPLASTIC_DETECTOR-main\dataset\train\foam\foam_0190.png
foam_0191.png,foam,2,train,C:\Users\hs085\Downloads\MICROPLASTIC_DETECTOR-main\MICROPLASTIC_DETECTOR-main\dataset\train\foam\foam_0191.png
foam_0192.png,foam,2,train,C:\Users\hs085\Downloads\MICROPLASTIC_DETECTOR-main\MICROPLASTIC_DETECTOR-main\dataset\train\foam\foam_0192.png
foam_0193.png,foam,2,train,C:\Users\hs085\Downloads\MICROPLASTIC_DETECTOR-main\MICROPLASTIC_DETECTOR-main\dataset\train\foam\foam_0193.png
foam_0194.png,foam,2,train,C:\Users\hs085\Downloads\MICROPLASTIC_DETECTOR-main\MICROPLASTIC_DETECTOR-main\dataset\train\foam\foam_0194.png
foam_0195.png,foam,2,train,C:\Users\hs085\Downloads\MICROPLASTIC_DETECTOR-main\MICROPLASTIC_DETECTOR-main\dataset\train\foam\foam_0195.png
foam_0196.png,foam,2,train,C:\Users\hs085\Downloads\MICROPLASTIC_DETECTOR-main\MICROPLASTIC_DETECTOR-main\dataset\train\foam\foam_0196.png
foam_0197.png,foam,2,train,C:\Users\hs085\Downloads\MICROPLASTIC_DETECTOR-main\MICROPLASTIC_DETECTOR-main\dataset\train\foam\foam_0197.png
foam_0198.png,foam,2,train,C:\Users\hs085\Downloads\MICROPLASTIC_DETECTOR-main\MICROPLASTIC_DETECTOR-main\dataset\train\foam\foam_0198.png
foam_0199.png,foam,2,train,C:\Users\hs085\Downloads\MICROPLASTIC_DETECTOR-main\MICROPLASTIC_DETECTOR-main\dataset\train\foam\foam_0199.png
foam_0200.png,foam,2,train,C:\Users\hs085\Downloads\MICROPLASTIC_DETECTOR-main\MICROPLASTIC_DETECTOR-main\dataset\train\foam\foam_0200.png
foam_0201.png,foam,2,train,C:\Users\hs085\Downloads\MICROPLASTIC_DETECTOR-main\MICROPLASTIC_DETECTOR-main\dataset\train\foam\foam_0201.png
foam_0202.png,foam,2,train,C:\Users\hs085\Downloads\MICROPLASTIC_DETECTOR-main\MICROPLASTIC_DETECTOR-main\dataset\train\foam\foam_0202.png
foam_0203.png,foam,2,train,C:\Users\hs085\Downloads\MICROPLASTIC_DETECTOR-main\MICROPLASTIC_DETECTOR-main\dataset\train\foam\foam_0203.png
foam_0204.png,foam,2,train,C:\Users\hs085\Downloads\MICROPLASTIC_DETECTOR-main\MICROPLASTIC_DETECTOR-main\dataset\train\foam\foam_0204.png
foam_0205.png,foam,2,train,C:\Users\hs085\Downloads\MICROPLASTIC_DETECTOR-main\MICROPLASTIC_DETECTOR-main\dataset\train\foam\foam_0205.png
foam_0206.png,foam,2,train,C:\Users\hs085\Downloads\MICROPLASTIC_DETECTOR-main\MICROPLASTIC_DETECTOR-main\dataset\train\foam\foam_0206.png
foam_0207.png,foam,2,train,C:\Users\hs085\Downloads\MICROPLASTIC_DETECTOR-main\MICROPLASTIC_DETECTOR-main\dataset\train\foam\foam_0207.png
foam_0208.png,foam,2,train,C:\Users\hs085\Downloads\MICROPLASTIC_DETECTOR-main\MICROPLASTIC_DETECTOR-main\dataset\train\foam\foam_0208.png
foam_0209.png,foam,2,train,C:\Users\hs085\Downloads\MICROPLASTIC_DETECTOR-main\MICROPLASTIC_DETECTOR-main\dataset\train\foam\foam_0209.png
foam_0210.png,foam,2,train,C:\Users\hs085\Downloads\MICROPLASTIC_DETECTOR-main\MICROPLASTIC_DETECTOR-main\dataset\train\foam\foam_0210.png
foam_0211.png,foam,2,train,C:\Users\hs085\Downloads\MICROPLASTIC_DETECTOR-main\MICROPLASTIC_DETECTOR-main\dataset\train\foam\foam_0211.png
foam_0212.png,foam,2,train,C:\Users\hs085\Downloads\MICROPLASTIC_DETECTOR-main\MICROPLASTIC_DETECTOR-main\dataset\train\foam\foam_0212.png
foam_0213.png,foam,2,train,C:\Users\hs085\Downloads\MICROPLASTIC_DETECTOR-main\MICROPLASTIC_DETECTOR-main\dataset\train\foam\foam_0213.png
foam_0214.png,foam,2,train,C:\Users\hs085\Downloads\MICROPLASTIC_DETECTOR-main\MICROPLASTIC_DETECTOR-main\dataset\train\foam\foam_0214.png
foam_0215.png,foam,2,train,C:\Users\hs085\Downloads\MICROPLASTIC_DETECTOR-main\MICROPLASTIC_DETECTOR-main\dataset\train\foam\foam_0215.png
foam_0216.png,foam,2,train,C:\Users\hs085\Downloads\MICROPLASTIC_DETECTOR-main\MICROPLASTIC_DETECTOR-main\dataset\train\foam\foam_0216.png
foam_0217.png,foam,2,train,C:\Users\hs085\Downloads\MICROPLASTIC_DETECTOR-main\MICROPLASTIC_DETECTOR-main\dataset\train\foam\foam_0217.png
foam_0218.png,foam,2,train,C:\Users\hs085\Downloads\MICROPLASTIC_DETECTOR-main\MICROPLASTIC_DETECTOR-main\dataset\train\foam\foam_0218.png
foam_0219.png,foam,2,train,C:\Users\hs085\Downloads\MICROPLASTIC_DETECTOR-main\MICROPLASTIC_DETECTOR-main\dataset\train\foam\foam_0219.png
foam_0220.png,foam,2,train,C:\Users\hs085\Downloads\MICROPLASTIC_DETECTOR-main\MICROPLASTIC_DETECTOR-main\dataset\train\foam\foam_0220.png
foam_0221.png,foam,2,train,C:\Users\hs085\Downloads\MICROPLASTIC_DETECTOR-main\MICROPLASTIC_DETECTOR-main\dataset\train\foam\foam_0221.png
foam_0222.png,foam,2,train,C:\Users\hs085\Downloads\MICROPLASTIC_DETECTOR-main\MICROPLASTIC_DETECTOR-main\dataset\train\foam\foam_0222.png
foam_0223.png,foam,2,train,C:\Users\hs085\Downloads\MICROPLASTIC_DETECTOR-main\MICROPLASTIC_DETECTOR-main\dataset\train\foam\foam_0223.png
foam_0224.png,foam,2,train,C:\Users\hs085\Downloads\MICROPLASTIC_DETECTOR-main\MICROPLASTIC_DETECTOR-main\dataset\train\foam\foam_0224.png
foam_0225.png,foam,2,train,C:\Users\hs085\Downloads\MICROPLASTIC_DETECTOR-main\MICROPLASTIC_DETECTOR-main\dataset\train\foam\foam_0225.png
foam_0226.png,foam,2,train,C:\Users\hs085\Downloads\MICROPLASTIC_DETECTOR-main\MICROPLASTIC_DETECTOR-main\dataset\train\foam\foam_0226.png
foam_0227.png,foam,2,train,C:\Users\hs085\Downloads\MICROPLASTIC_DETECTOR-main\MICROPLASTIC_DETECTOR-main\dataset\train\foam\foam_0227.png
foam_0228.png,foam,2,train,C:\Users\hs085\Downloads\MICROPLASTIC_DETECTOR-main\MICROPLASTIC_DETECTOR-main\dataset\train\foam\foam_0228.png
foam_0229.png,foam,2,train,C:\Users\hs085\Downloads\MICROPLASTIC_DETECTOR-main\MICROPLASTIC_DETECTOR-main\dataset\train\foam\foam_0229.png
foam_0230.png,foam,2,train,C:\Users\hs085\Downloads\MICROPLASTIC_DETECTOR-main\MICROPLASTIC_DETECTOR-main\dataset\train\foam\foam_0230.png
foam_0231.png,foam,2,train,C:\Users\hs085\Downloads\MICROPLASTIC_DETECTOR-main\MICROPLASTIC_DETECTOR-main\dataset\train\foam\foam_0231.png
foam_0232.png,foam,2,train,C:\Users\hs085\Downloads\MICROPLASTIC_DETECTOR-main\MICROPLASTIC_DETECTOR-main\dataset\train\foam\foam_0232.png
foam_0233.png,foam,2,train,C:\Users\hs085\Downloads\MICROPLASTIC_DETECTOR-main\MICROPLASTIC_DETECTOR-main\dataset\train\foam\foam_0233.png
foam_0234.png,foam,2,train,C:\Users\hs085\Downloads\MICROPLASTIC_DETECTOR-main\MICROPLASTIC_DETECTOR-main\dataset\train\foam\foam_0234.png
foam_0235.png,foam,2,train,C:\Users\hs085\Downloads\MICROPLASTIC_DETECTOR-main\MICROPLASTIC_DETECTOR-main\dataset\train\foam\foam_0235.png
foam_0236.png,foam,2,train,C:\Users\hs085\Downloads\MICROPLASTIC_DETECTOR-main\MICROPLASTIC_DETECTOR-main\dataset\train\foam\foam_0236.png
foam_0237.png,foam,2,train,C:\Users\hs085\Downloads\MICROPLASTIC_DETECTOR-main\MICROPLASTIC_DETECTOR-main\dataset\train\foam\foam_0237.png
foam_0238.png,foam,2,train,C:\Users\hs085\Downloads\MICROPLASTIC_DETECTOR-main\MICROPLASTIC_DETECTOR-main\dataset\train\foam\foam_0238.png
foam_0239.png,foam,2,train,C:\Users\hs085\Downloads\MICROPLASTIC_DETECTOR-main\MICROPLASTIC_DETECTOR-main\dataset\train\foam\foam_0239.png
foam_0240.png,foam,2,train,C:\Users\hs085\Downloads\MICROPLASTIC_DETECTOR-main\MICROPLASTIC_DETECTOR-main\dataset\train\foam\foam_0240.png
foam_0241.png,foam,2,train,C:\Users\hs085\Downloads\MICROPLASTIC_DETECTOR-main\MICROPLASTIC_DETECTOR-main\dataset\train\foam\foam_0241.png
foam_0242.png,foam,2,train,C:\Users\hs085\Downloads\MICROPLASTIC_DETECTOR-main\MICROPLASTIC_DETECTOR-main\dataset\train\foam\foam_0242.png
foam_0243.png,foam,2,train,C:\Users\hs085\Downloads\MICROPLASTIC_DETECTOR-main\MICROPLASTIC_DETECTOR-main\dataset\train\foam\foam_0243.png
foam_0244.png,foam,2,train,C:\Users\hs085\Downloads\MICROPLASTIC_DETECTOR-main\MICROPLASTIC_DETECTOR-main\dataset\train\foam\foam_0244.png
foam_0245.png,foam,2,train,C:\Users\hs085\Downloads\MICROPLASTIC_DETECTOR-main\MICROPLASTIC_DETECTOR-main\dataset\train\foam\foam_0245.png
foam_0246.png,foam,2,train,C:\Users\hs085\Downloads\MICROPLASTIC_DETECTOR-main\MICROPLASTIC_DETECTOR-main\dataset\train\foam\foam_0246.png
foam_0247.png,foam,2,train,C:\Users\hs085\Downloads\MICROPLASTIC_DETECTOR-main\MICROPLASTIC_DETECTOR-main\dataset\train\foam\foam_0247.png
foam_0248.png,foam,2,train,C:\Users\hs085\Downloads\MICROPLASTIC_DETECTOR-main\MICROPLASTIC_DETECTOR-main\dataset\train\foam\foam_0248.png
foam_0249.png,foam,2,train,C:\Users\hs085\Downloads\MICROPLASTIC_DETECTOR-main\MICROPLASTIC_DETECTOR-main\dataset\train\foam\foam_0249.png
foam_0250.png,foam,2,train,C:\Users\hs085\Downloads\MICROPLASTIC_DETECTOR-main\MICROPLASTIC_DETECTOR-main\dataset\train\foam\foam_0250.png
foam_0251.png,foam,2,train,C:\Users\hs085\Downloads\MICROPLASTIC_DETECTOR-main\MICROPLASTIC_DETECTOR-main\dataset\train\foam\foam_0251.png
foam_0252.png,foam,2,train,C:\Users\hs085\Downloads\MICROPLASTIC_DETECTOR-main\MICROPLASTIC_DETECTOR-main\dataset\train\foam\foam_0252.png
foam_0253.png,foam,2,train,C:\Users\hs085\Downloads\MICROPLASTIC_DETECTOR-main\MICROPLASTIC_DETECTOR-main\dataset\train\foam\foam_0253.png
foam_0254.png,foam,2,train,C:\Users\hs085\Downloads\MICROPLASTIC_DETECTOR-main\MICROPLASTIC_DETECTOR-main\dataset\train\foam\foam_0254.png
foam_0255.png,foam,2,train,C:\Users\hs085\Downloads\MICROPLASTIC_DETECTOR-main\MICROPLASTIC_DETECTOR-main\dataset\train\foam\foam_0255.png
foam_0256.png,foam,2,train,C:\Users\hs085\Downloads\MICROPLASTIC_DETECTOR-main\MICROPLASTIC_DETECTOR-main\dataset\train\foam\foam_0256.png
foam_0257.png,foam,2,train,C:\Users\hs085\Downloads\MICROPLASTIC_DETECTOR-main\MICROPLASTIC_DETECTOR-main\dataset\train\foam\foam_0257.png
foam_0258.png,foam,2,train,C:\Users\hs085\Downloads\MICROPLASTIC_DETECTOR-main\MICROPLASTIC_DETECTOR-main\dataset\train\foam\foam_0258.png
foam_0259.png,foam,2,train,C:\Users\hs085\Downloads\MICROPLASTIC_DETECTOR-main\MICROPLASTIC_DETECTOR-main\dataset\train\foam\foam_0259.png
foam_0260.png,foam,2,train,C:\Users\hs085\Downloads\MICROPLASTIC_DETECTOR-main\MICROPLASTIC_DETECTOR-main\dataset\train\foam\foam_0260.png
foam_0261.png,foam,2,train,C:\Users\hs085\Downloads\MICROPLASTIC_DETECTOR-main\MICROPLASTIC_DETECTOR-main\dataset\train\foam\foam_0261.png
foam_0262.png,foam,2,train,C:\Users\hs085\Downloads\MICROPLASTIC_DETECTOR-main\MICROPLASTIC_DETECTOR-main\dataset\train\foam\foam_0262.png
foam_0263.png,foam,2,train,C:\Users\hs085\Downloads\MICROPLASTIC_DETECTOR-main\MICROPLASTIC_DETECTOR-main\dataset\train\foam\foam_0263.png
foam_0264.png,foam,2,train,C:\Users\hs085\Downloads\MICROPLASTIC_DETECTOR-main\MICROPLASTIC_DETECTOR-main\dataset\train\foam\foam_0264.png
foam_0265.png,foam,2,train,C:\Users\hs085\Downloads\MICROPLASTIC_DETECTOR-main\MICROPLASTIC_DETECTOR-main\dataset\train\foam\foam_0265.png
foam_0266.png,foam,2,train,C:\Users\hs085\Downloads\MICROPLASTIC_DETECTOR-main\MICROPLASTIC_DETECTOR-main\dataset\train\foam\foam_0266.png
foam_0267.png,foam,2,train,C:\Users\hs085\Downloads\MICROPLASTIC_DETECTOR-main\MICROPLASTIC_DETECTOR-main\dataset\train\foam\foam_0267.png
foam_0268.png,foam,2,train,C:\Users\hs085\Downloads\MICROPLASTIC_DETECTOR-main\MICROPLASTIC_DETECTOR-main\dataset\train\foam\foam_0268.png
foam_0269.png,foam,2,train,C:\Users\hs085\Downloads\MICROPLASTIC_DETECTOR-main\MICROPLASTIC_DETECTOR-main\dataset\train\foam\foam_0269.png
foam_0270.png,foam,2,train,C:\Users\hs085\Downloads\MICROPLASTIC_DETECTOR-main\MICROPLASTIC_DETECTOR-main\dataset\train\foam\foam_0270.png
foam_0271.png,foam,2,train,C:\Users\hs085\Downloads\MICROPLASTIC_DETECTOR-main\MICROPLASTIC_DETECTOR-main\dataset\train\foam\foam_0271.png
foam_0272.png,foam,2,train,C:\Users\hs085\Downloads\MICROPLASTIC_DETECTOR-main\MICROPLASTIC_DETECTOR-main\dataset\train\foam\foam_0272.png
foam_0273.png,foam,2,train,C:\Users\hs085\Downloads\MICROPLASTIC_DETECTOR-main\MICROPLASTIC_DETECTOR-main\dataset\train\foam\foam_0273.png
foam_0274.png,foam,2,train,C:\Users\hs085\Downloads\MICROPLASTIC_DETECTOR-main\MICROPLASTIC_DETECTOR-main\dataset\train\foam\foam_0274.png
foam_0275.png,foam,2,train,C:\Users\hs085\Downloads\MICROPLASTIC_DETECTOR-main\MICROPLASTIC_DETECTOR-main\dataset\train\foam\foam_0275.png
foam_0276.png,foam,2,train,C:\Users\hs085\Downloads\MICROPLASTIC_DETECTOR-main\MICROPLASTIC_DETECTOR-main\dataset\train\foam\foam_0276.png
foam_0277.png,foam,2,train,C:\Users\hs085\Downloads\MICROPLASTIC_DETECTOR-main\MICROPLASTIC_DETECTOR-main\dataset\train\foam\foam_0277.png
foam_0278.png,foam,2,train,C:\Users\hs085\Downloads\MICROPLASTIC_DETECTOR-main\MICROPLASTIC_DETECTOR-main\dataset\train\foam\foam_0278.png
foam_0279.png,foam,2,train,C:\Users\hs085\Downloads\MICROPLASTIC_DETECTOR-main\MICROPLASTIC_DETECTOR-main\dataset\train\foam\foam_0279.png
foam_0280.png,foam,2,train,C:\Users\hs085\Downloads\MICROPLASTIC_DETECTOR-main\MICROPLASTIC_DETECTOR-main\dataset\train\foam\foam_0280.png
foam_0281.png,foam,2,train,C:\Users\hs085\Downloads\MICROPLASTIC_DETECTOR-main\MICROPLASTIC_DETECTOR-main\dataset\train\foam\foam_0281.png
foam_0282.png,foam,2,train,C:\Users\hs085\Downloads\MICROPLASTIC_DETECTOR-main\MICROPLASTIC_DETECTOR-main\dataset\train\foam\foam_0282.png
foam_0283.png,foam,2,train,C:\Users\hs085\Downloads\MICROPLASTIC_DETECTOR-main\MICROPLASTIC_DETECTOR-main\dataset\train\foam\foam_0283.png
foam_0284.png,foam,2,train,C:\Users\hs085\Downloads\MICROPLASTIC_DETECTOR-main\MICROPLASTIC_DETECTOR-main\dataset\train\foam\foam_0284.png
foam_0285.png,foam,2,train,C:\Users\hs085\Downloads\MICROPLASTIC_DETECTOR-main\MICROPLASTIC_DETECTOR-main\dataset\train\foam\foam_0285.png
foam_0286.png,foam,2,train,C:\Users\hs085\Downloads\MICROPLASTIC_DETECTOR-main\MICROPLASTIC_DETECTOR-main\dataset\train\foam\foam_0286.png
foam_0287.png,foam,2,train,C:\Users\hs085\Downloads\MICROPLASTIC_DETECTOR-main\MICROPLASTIC_DETECTOR-main\dataset\train\foam\foam_0287.png
foam_0288.png,foam,2,train,C:\Users\hs085\Downloads\MICROPLASTIC_DETECTOR-main\MICROPLASTIC_DETECTOR-main\dataset\train\foam\foam_0288.png
foam_0289.png,foam,2,train,C:\Users\hs085\Downloads\MICROPLASTIC_DETECTOR-main\MICROPLASTIC_DETECTOR-main\dataset\train\foam\foam_0289.png
foam_0290.png,foam,2,train,C:\Users\hs085\Downloads\MICROPLASTIC_DETECTOR-main\MICROPLASTIC_DETECTOR-main\dataset\train\foam\foam_0290.png
foam_0291.png,foam,2,train,C:\Users\hs085\Downloads\MICROPLASTIC_DETECTOR-main\MICROPLASTIC_DETECTOR-main\dataset\train\foam\foam_0291.png
foam_0292.png,foam,2,train,C:\Users\hs085\Downloads\MICROPLASTIC_DETECTOR-main\MICROPLASTIC_DETECTOR-main\dataset\train\foam\foam_0292.png
foam_0293.png,foam,2,train,C:\Users\hs085\Downloads\MICROPLASTIC_DETECTOR-main\MICROPLASTIC_DETECTOR-main\dataset\train\foam\foam_0293.png
foam_0294.png,foam,2,train,C:\Users\hs085\Downloads\MICROPLASTIC_DETECTOR-main\MICROPLASTIC_DETECTOR-main\dataset\train\foam\foam_0294.png
foam_0295.png,foam,2,train,C:\Users\hs085\Downloads\MICROPLASTIC_DETECTOR-main\MICROPLASTIC_DETECTOR-main\dataset\train\foam\foam_0295.png
foam_0296.png,foam,2,train,C:\Users\hs085\Downloads\MICROPLASTIC_DETECTOR-main\MICROPLASTIC_DETECTOR-main\dataset\train\foam\foam_0296.png
foam_0297.png,foam,2,train,C:\Users\hs085\Downloads\MICROPLASTIC_DETECTOR-main\MICROPLASTIC_DETECTOR-main\dataset\train\foam\foam_0297.png
foam_0298.png,foam,2,train,C:\Users\hs085\Downloads\MICROPLASTIC_DETECTOR-main\MICROPLASTIC_DETECTOR-main\dataset\train\foam\foam_0298.png
foam_0299.png,foam,2,train,C:\Users\hs085\Downloads\MICROPLASTIC_DETECTOR-main\MICROPLASTIC_DETECTOR-main\dataset\train\foam\foam_0299.png
foam_0300.png,foam,2,train,C:\Users\hs085\Downloads\MICROPLASTIC_DETECTOR-main\MICROPLASTIC_DETECTOR-main\dataset\train\foam\foam_0300.png
foam_0301.png,foam,2,train,C:\Users\hs085\Downloads\MICROPLASTIC_DETECTOR-main\MICROPLASTIC_DETECTOR-main\dataset\train\foam\foam_0301.png
foam_0302.png,foam,2,train,C:\Users\hs085\Downloads\MICROPLASTIC_DETECTOR-main\MICROPLASTIC_DETECTOR-main\dataset\train\foam\foam_0302.png
foam_0303.png,foam,2,train,C:\Users\hs085\Downloads\MICROPLASTIC_DETECTOR-main\MICROPLASTIC_DETECTOR-main\dataset\train\foam\foam_0303.png
foam_0304.png,foam,2,train,C:\Users\hs085\Downloads\MICROPLASTIC_DETECTOR-main\MICROPLASTIC_DETECTOR-main\dataset\train\foam\foam_0304.png
foam_0305.png,foam,2,train,C:\Users\hs085\Downloads\MICROPLASTIC_DETECTOR-main\MICROPLASTIC_DETECTOR-main\dataset\train\foam\foam_0305.png
foam_0306.png,foam,2,train,C:\Users\hs085\Downloads\MICROPLASTIC_DETECTOR-main\MICROPLASTIC_DETECTOR-main\dataset\train\foam\foam_0306.png
foam_0307.png,foam,2,train,C:\Users\hs085\Downloads\MICROPLASTIC_DETECTOR-main\MICROPLASTIC_DETECTOR-main\dataset\train\foam\foam_0307.png
foam_0308.png,foam,2,train,C:\Users\hs085\Downloads\MICROPLASTIC_DETECTOR-main\MICROPLASTIC_DETECTOR-main\dataset\train\foam\foam_0308.png
foam_0309.png,foam,2,train,C:\Users\hs085\Downloads\MICROPLASTIC_DETECTOR-main\MICROPLASTIC_DETECTOR-main\dataset\train\foam\foam_0309.png
foam_0310.png,foam,2,train,C:\Users\hs085\Downloads\MICROPLASTIC_DETECTOR-main\MICROPLASTIC_DETECTOR-main\dataset\train\foam\foam_0310.png
foam_0311.png,foam,2,train,C:\Users\hs085\Downloads\MICROPLASTIC_DETECTOR-main\MICROPLASTIC_DETECTOR-main\dataset\train\foam\foam_0311.png
foam_0312.png,foam,2,train,C:\Users\hs085\Downloads\MICROPLASTIC_DETECTOR-main\MICROPLASTIC_DETECTOR-main\dataset\train\foam\foam_0312.png
foam_0313.png,foam,2,train,C:\Users\hs085\Downloads\MICROPLASTIC_DETECTOR-main\MICROPLASTIC_DETECTOR-main\dataset\train\foam\foam_0313.png
foam_0314.png,foam,2,train,C:\Users\hs085\Downloads\MICROPLASTIC_DETECTOR-main\MICROPLASTIC_DETECTOR-main\dataset\train\foam\foam_0314.png
foam_0315.png,foam,2,train,C:\Users\hs085\Downloads\MICROPLASTIC_DETECTOR-main\MICROPLASTIC_DETECTOR-main\dataset\train\foam\foam_0315.png
foam_0316.png,foam,2,train,C:\Users\hs085\Downloads\MICROPLASTIC_DETECTOR-main\MICROPLASTIC_DETECTOR-main\dataset\train\foam\foam_0316.png
foam_0317.png,foam,2,train,C:\Users\hs085\Downloads\MICROPLASTIC_DETECTOR-main\MICROPLASTIC_DETECTOR-main\dataset\train\foam\foam_0317.png
foam_0318.png,foam,2,train,C:\Users\hs085\Downloads\MICROPLASTIC_DETECTOR-main\MICROPLASTIC_DETECTOR-main\dataset\train\foam\foam_0318.png
foam_0319.png,foam,2,train,C:\Users\hs085\Downloads\MICROPLASTIC_DETECTOR-main\MICROPLASTIC_DETECTOR-main\dataset\train\foam\foam_0319.png
foam_0320.png,foam,2,train,C:\Users\hs085\Downloads\MICROPLASTIC_DETECTOR-main\MICROPLASTIC_DETECTOR-main\dataset\train\foam\foam_0320.png
foam_0321.png,foam,2,train,C:\Users\hs085\Downloads\MICROPLASTIC_DETECTOR-main\MICROPLASTIC_DETECTOR-main\dataset\train\foam\foam_0321.png
foam_0322.png,foam,2,train,C:\Users\hs085\Downloads\MICROPLASTIC_DETECTOR-main\MICROPLASTIC_DETECTOR-main\dataset\train\foam\foam_0322.png
foam_0323.png,foam,2,train,C:\Users\hs085\Downloads\MICROPLASTIC_DETECTOR-main\MICROPLASTIC_DETECTOR-main\dataset\train\foam\foam_0323.png
foam_0324.png,foam,2,train,C:\Users\hs085\Downloads\MICROPLASTIC_DETECTOR-main\MICROPLASTIC_DETECTOR-main\dataset\train\foam\foam_0324.png
foam_0325.png,foam,2,train,C:\Users\hs085\Downloads\MICROPLASTIC_DETECTOR-main\MICROPLASTIC_DETECTOR-main\dataset\train\foam\foam_0325.png
foam_0326.png,foam,2,train,C:\Users\hs085\Downloads\MICROPLASTIC_DETECTOR-main\MICROPLASTIC_DETECTOR-main\dataset\train\foam\foam_0326.png
foam_0327.png,foam,2,train,C:\Users\hs085\Downloads\MICROPLASTIC_DETECTOR-main\MICROPLASTIC_DETECTOR-main\dataset\train\foam\foam_0327.png
foam_0328.png,foam,2,train,C:\Users\hs085\Downloads\MICROPLASTIC_DETECTOR-main\MICROPLASTIC_DETECTOR-main\dataset\train\foam\foam_0328.png
foam_0329.png,foam,2,train,C:\Users\hs085\Downloads\MICROPLASTIC_DETECTOR-main\MICROPLASTIC_DETECTOR-main\dataset\train\foam\foam_0329.png
foam_0330.png,foam,2,train,C:\Users\hs085\Downloads\MICROPLASTIC_DETECTOR-main\MICROPLASTIC_DETECTOR-main\dataset\train\foam\foam_0330.png
foam_0331.png,foam,2,train,C:\Users\hs085\Downloads\MICROPLASTIC_DETECTOR-main\MICROPLASTIC_DETECTOR-main\dataset\train\foam\foam_0331.png
foam_0332.png,foam,2,train,C:\Users\hs085\Downloads\MICROPLASTIC_DETECTOR-main\MICROPLASTIC_DETECTOR-main\dataset\train\foam\foam_0332.png
foam_0333.png,foam,2,train,C:\Users\hs085\Downloads\MICROPLASTIC_DETECTOR-main\MICROPLASTIC_DETECTOR-main\dataset\train\foam\foam_0333.png
foam_0334.png,foam,2,train,C:\Users\hs085\Downloads\MICROPLASTIC_DETECTOR-main\MICROPLASTIC_DETECTOR-main\dataset\train\foam\foam_0334.png
foam_0335.png,foam,2,train,C:\Users\hs085\Downloads\MICROPLASTIC_DETECTOR-main\MICROPLASTIC_DETECTOR-main\dataset\train\foam\foam_0335.png
foam_0336.png,foam,2,train,C:\Users\hs085\Downloads\MICROPLASTIC_DETECTOR-main\MICROPLASTIC_DETECTOR-main\dataset\train\foam\foam_0336.png
foam_0337.png,foam,2,train,C:\Users\hs085\Downloads\MICROPLASTIC_DETECTOR-main\MICROPLASTIC_DETECTOR-main\dataset\train\foam\foam_0337.png
foam_0338.png,foam,2,train,C:\Users\hs085\Downloads\MICROPLASTIC_DETECTOR-main\MICROPLASTIC_DETECTOR-main\dataset\train\foam\foam_0338.png
foam_0339.png,foam,2,train,C:\Users\hs085\Downloads\MICROPLASTIC_DETECTOR-main\MICROPLASTIC_DETECTOR-main\dataset\train\foam\foam_0339.png
foam_0340.png,foam,2,train,C:\Users\hs085\Downloads\MICROPLASTIC_DETECTOR-main\MICROPLASTIC_DETECTOR-main\dataset\train\foam\foam_0340.png
foam_0341.png,foam,2,train,C:\Users\hs085\Downloads\MICROPLASTIC_DETECTOR-main\MICROPLASTIC_DETECTOR-main\dataset\train\foam\foam_0341.png
foam_0342.png,foam,2,train,C:\Users\hs085\Downloads\MICROPLASTIC_DETECTOR-main\MICROPLASTIC_DETECTOR-main\dataset\train\foam\foam_0342.png
foam_0343.png,foam,2,train,C:\Users\hs085\Downloads\MICROPLASTIC_DETECTOR-main\MICROPLASTIC_DETECTOR-main\dataset\train\foam\foam_0343.png
foam_0344.png,foam,2,train,C:\Users\hs085\Downloads\MICROPLASTIC_DETECTOR-main\MICROPLASTIC_DETECTOR-main\dataset\train\foam\foam_0344.png
foam_0345.png,foam,2,train,C:\Users\hs085\Downloads\MICROPLASTIC_DETECTOR-main\MICROPLASTIC_DETECTOR-main\dataset\train\foam\foam_0345.png
foam_0346.png,foam,2,train,C:\Users\hs085\Downloads\MICROPLASTIC_DETECTOR-main\MICROPLASTIC_DETECTOR-main\dataset\train\foam\foam_0346.png
foam_0347.png,foam,2,train,C:\Users\hs085\Downloads\MICROPLASTIC_DETECTOR-main\MICROPLASTIC_DETECTOR-main\dataset\train\foam\foam_0347.png
foam_0348.png,foam,2,train,C:\Users\hs085\Downloads\MICROPLASTIC_DETECTOR-main\MICROPLASTIC_DETECTOR-main\dataset\train\foam\foam_0348.png
foam_0349.png,foam,2,train,C:\Users\hs085\Downloads\MICROPLASTIC_DETECTOR-main\MICROPLASTIC_DETECTOR-main\dataset\train\foam\foam_0349.png
foam_0350.png,foam,2,train,C:\Users\hs085\Downloads\MICROPLASTIC_DETECTOR-main\MICROPLASTIC_DETECTOR-main\dataset\train\foam\foam_0350.png
foam_0351.png,foam,2,train,C:\Users\hs085\Downloads\MICROPLASTIC_DETECTOR-main\MICROPLASTIC_DETECTOR-main\dataset\train\foam\foam_0351.png
foam_0352.png,foam,2,train,C:\Users\hs085\Downloads\MICROPLASTIC_DETECTOR-main\MICROPLASTIC_DETECTOR-main\dataset\train\foam\foam_0352.png
foam_0353.png,foam,2,train,C:\Users\hs085\Downloads\MICROPLASTIC_DETECTOR-main\MICROPLASTIC_DETECTOR-main\dataset\train\foam\foam_0353.png
foam_0354.png,foam,2,train,C:\Users\hs085\Downloads\MICROPLASTIC_DETECTOR-main\MICROPLASTIC_DETECTOR-main\dataset\train\foam\foam_0354.png
foam_0355.png,foam,2,train,C:\Users\hs085\Downloads\MICROPLASTIC_DETECTOR-main\MICROPLASTIC_DETECTOR-main\dataset\train\foam\foam_0355.png
foam_0356.png,foam,2,train,C:\Users\hs085\Downloads\MICROPLASTIC_DETECTOR-main\MICROPLASTIC_DETECTOR-main\dataset\train\foam\foam_0356.png
foam_0357.png,foam,2,train,C:\Users\hs085\Downloads\MICROPLASTIC_DETECTOR-main\MICROPLASTIC_DETECTOR-main\dataset\train\foam\foam_0357.png
foam_0358.png,foam,2,train,C:\Users\hs085\Downloads\MICROPLASTIC_DETECTOR-main\MICROPLASTIC_DETECTOR-main\dataset\train\foam\foam_0358.png
foam_0359.png,foam,2,train,C:\Users\hs085\Downloads\MICROPLASTIC_DETECTOR-main\MICROPLASTIC_DETECTOR-main\dataset\train\foam\foam_0359.png
foam_0360.png,foam,2,train,C:\Users\hs085\Downloads\MICROPLASTIC_DETECTOR-main\MICROPLASTIC_DETECTOR-main\dataset\train\foam\foam_0360.png
foam_0361.png,foam,2,train,C:\Users\hs085\Downloads\MICROPLASTIC_DETECTOR-main\MICROPLASTIC_DETECTOR-main\dataset\train\foam\foam_0361.png
foam_0362.png,foam,2,train,C:\Users\hs085\Downloads\MICROPLASTIC_DETECTOR-main\MICROPLASTIC_DETECTOR-main\dataset\train\foam\foam_0362.png
foam_0363.png,foam,2,train,C:\Users\hs085\Downloads\MICROPLASTIC_DETECTOR-main\MICROPLASTIC_DETECTOR-main\dataset\train\foam\foam_0363.png
foam_0364.png,foam,2,train,C:\Users\hs085\Downloads\MICROPLASTIC_DETECTOR-main\MICROPLASTIC_DETECTOR-main\dataset\train\foam\foam_0364.png
foam_0365.png,foam,2,train,C:\Users\hs085\Downloads\MICROPLASTIC_DETECTOR-main\MICROPLASTIC_DETECTOR-main\dataset\train\foam\foam_0365.png
foam_0366.png,foam,2,train,C:\Users\hs085\Downloads\MICROPLASTIC_DETECTOR-main\MICROPLASTIC_DETECTOR-main\dataset\train\foam\foam_0366.png
foam_0367.png,foam,2,train,C:\Users\hs085\Downloads\MICROPLASTIC_DETECTOR-main\MICROPLASTIC_DETECTOR-main\dataset\train\foam\foam_0367.png
foam_0368.png,foam,2,train,C:\Users\hs085\Downloads\MICROPLASTIC_DETECTOR-main\MICROPLASTIC_DETECTOR-main\dataset\train\foam\foam_0368.png
foam_0369.png,foam,2,train,C:\Users\hs085\Downloads\MICROPLASTIC_DETECTOR-main\MICROPLASTIC_DETECTOR-main\dataset\train\foam\foam_0369.png
foam_0370.png,foam,2,train,C:\Users\hs085\Downloads\MICROPLASTIC_DETECTOR-main\MICROPLASTIC_DETECTOR-main\dataset\train\foam\foam_0370.png
foam_0371.png,foam,2,train,C:\Users\hs085\Downloads\MICROPLASTIC_DETECTOR-main\MICROPLASTIC_DETECTOR-main\dataset\train\foam\foam_0371.png
foam_0372.png,foam,2,train,C:\Users\hs085\Downloads\MICROPLASTIC_DETECTOR-main\MICROPLASTIC_DETECTOR-main\dataset\train\foam\foam_0372.png
foam_0373.png,foam,2,train,C:\Users\hs085\Downloads\MICROPLASTIC_DETECTOR-main\MICROPLASTIC_DETECTOR-main\dataset\train\foam\foam_0373.png
foam_0374.png,foam,2,train,C:\Users\hs085\Downloads\MICROPLASTIC_DETECTOR-main\MICROPLASTIC_DETECTOR-main\dataset\train\foam\foam_0374.png
foam_0375.png,foam,2,train,C:\Users\hs085\Downloads\MICROPLASTIC_DETECTOR-main\MICROPLASTIC_DETECTOR-main\dataset\train\foam\foam_0375.png
foam_0376.png,foam,2,train,C:\Users\hs085\Downloads\MICROPLASTIC_DETECTOR-main\MICROPLASTIC_DETECTOR-main\dataset\train\foam\foam_0376.png
foam_0377.png,foam,2,train,C:\Users\hs085\Downloads\MICROPLASTIC_DETECTOR-main\MICROPLASTIC_DETECTOR-main\dataset\train\foam\foam_0377.png
foam_0378.png,foam,2,train,C:\Users\hs085\Downloads\MICROPLASTIC_DETECTOR-main\MICROPLASTIC_DETECTOR-main\dataset\train\foam\foam_0378.png
foam_0379.png,foam,2,train,C:\Users\hs085\Downloads\MICROPLASTIC_DETECTOR-main\MICROPLASTIC_DETECTOR-main\dataset\train\foam\foam_0379.png
foam_0380.png,foam,2,train,C:\Users\hs085\Downloads\MICROPLASTIC_DETECTOR-main\MICROPLASTIC_DETECTOR-main\dataset\train\foam\foam_0380.png
foam_0381.png,foam,2,train,C:\Users\hs085\Downloads\MICROPLASTIC_DETECTOR-main\MICROPLASTIC_DETECTOR-main\dataset\train\foam\foam_0381.png
foam_0382.png,foam,2,train,C:\Users\hs085\Downloads\MICROPLASTIC_DETECTOR-main\MICROPLASTIC_DETECTOR-main\dataset\train\foam\foam_0382.png
foam_0383.png,foam,2,train,C:\Users\hs085\Downloads\MICROPLASTIC_DETECTOR-main\MICROPLASTIC_DETECTOR-main\dataset\train\foam\foam_0383.png
foam_0384.png,foam,2,train,C:\Users\hs085\Downloads\MICROPLASTIC_DETECTOR-main\MICROPLASTIC_DETECTOR-main\dataset\train\foam\foam_0384.png
foam_0385.png,foam,2,train,C:\Users\hs085\Downloads\MICROPLASTIC_DETECTOR-main\MICROPLASTIC_DETECTOR-main\dataset\train\foam\foam_0385.png
foam_0386.png,foam,2,train,C:\Users\hs085\Downloads\MICROPLASTIC_DETECTOR-main\MICROPLASTIC_DETECTOR-main\dataset\train\foam\foam_0386.png
foam_0387.png,foam,2,train,C:\Users\hs085\Downloads\MICROPLASTIC_DETECTOR-main\MICROPLASTIC_DETECTOR-main\dataset\train\foam\foam_0387.png
foam_0388.png,foam,2,train,C:\Users\hs085\Downloads\MICROPLASTIC_DETECTOR-main\MICROPLASTIC_DETECTOR-main\dataset\train\foam\foam_0388.png
foam_0389.png,foam,2,train,C:\Users\hs085\Downloads\MICROPLASTIC_DETECTOR-main\MICROPLASTIC_DETECTOR-main\dataset\train\foam\foam_0389.png
foam_0390.png,foam,2,train,C:\Users\hs085\Downloads\MICROPLASTIC_DETECTOR-main\MICROPLASTIC_DETECTOR-main\dataset\train\foam\foam_0390.png
foam_0391.png,foam,2,train,C:\Users\hs085\Downloads\MICROPLASTIC_DETECTOR-main\MICROPLASTIC_DETECTOR-main\dataset\train\foam\foam_0391.png
foam_0392.png,foam,2,train,C:\Users\hs085\Downloads\MICROPLASTIC_DETECTOR-main\MICROPLASTIC_DETECTOR-main\dataset\train\foam\foam_0392.png
foam_0393.png,foam,2,train,C:\Users\hs085\Downloads\MICROPLASTIC_DETECTOR-main\MICROPLASTIC_DETECTOR-main\dataset\train\foam\foam_0393.png
foam_0394.png,foam,2,train,C:\Users\hs085\Downloads\MICROPLASTIC_DETECTOR-main\MICROPLASTIC_DETECTOR-main\dataset\train\foam\foam_0394.png
foam_0395.png,foam,2,train,C:\Users\hs085\Downloads\MICROPLASTIC_DETECTOR-main\MICROPLASTIC_DETECTOR-main\dataset\train\foam\foam_0395.png
foam_0396.png,foam,2,train,C:\Users\hs085\Downloads\MICROPLASTIC_DETECTOR-main\MICROPLASTIC_DETECTOR-main\dataset\train\foam\foam_0396.png
foam_0397.png,foam,2,train,C:\Users\hs085\Downloads\MICROPLASTIC_DETECTOR-main\MICROPLASTIC_DETECTOR-main\dataset\train\foam\foam_0397.png
foam_0398.png,foam,2,train,C:\Users\hs085\Downloads\MICROPLASTIC_DETECTOR-main\MICROPLASTIC_DETECTOR-main\dataset\train\foam\foam_0398.png
foam_0399.png,foam,2,train,C:\Users\hs085\Downloads\MICROPLASTIC_DETECTOR-main\MICROPLASTIC_DETECTOR-main\dataset\train\foam\foam_0399.png
foam_0400.png,foam,2,train,C:\Users\hs085\Downloads\MICROPLASTIC_DETECTOR-main\MICROPLASTIC_DETECTOR-main\dataset\train\foam\foam_0400.png
foam_0401.png,foam,2,train,C:\Users\hs085\Downloads\MICROPLASTIC_DETECTOR-main\MICROPLASTIC_DETECTOR-main\dataset\train\foam\foam_0401.png
foam_0402.png,foam,2,train,C:\Users\hs085\Downloads\MICROPLASTIC_DETECTOR-main\MICROPLASTIC_DETECTOR-main\dataset\train\foam\foam_0402.png
foam_0403.png,foam,2,train,C:\Users\hs085\Downloads\MICROPLASTIC_DETECTOR-main\MICROPLASTIC_DETECTOR-main\dataset\train\foam\foam_0403.png
foam_0404.png,foam,2,train,C:\Users\hs085\Downloads\MICROPLASTIC_DETECTOR-main\MICROPLASTIC_DETECTOR-main\dataset\train\foam\foam_0404.png
foam_0405.png,foam,2,train,C:\Users\hs085\Downloads\MICROPLASTIC_DETECTOR-main\MICROPLASTIC_DETECTOR-main\dataset\train\foam\foam_0405.png
foam_0406.png,foam,2,train,C:\Users\hs085\Downloads\MICROPLASTIC_DETECTOR-main\MICROPLASTIC_DETECTOR-main\dataset\train\foam\foam_0406.png
foam_0407.png,foam,2,train,C:\Users\hs085\Downloads\MICROPLASTIC_DETECTOR-main\MICROPLASTIC_DETECTOR-main\dataset\train\foam\foam_0407.png
foam_0408.png,foam,2,train,C:\Users\hs085\Downloads\MICROPLASTIC_DETECTOR-main\MICROPLASTIC_DETECTOR-main\dataset\train\foam\foam_0408.png
foam_0409.png,foam,2,train,C:\Users\hs085\Downloads\MICROPLASTIC_DETECTOR-main\MICROPLASTIC_DETECTOR-main\dataset\train\foam\foam_0409.png
foam_0410.png,foam,2,train,C:\Users\hs085\Downloads\MICROPLASTIC_DETECTOR-main\MICROPLASTIC_DETECTOR-main\dataset\train\foam\foam_0410.png
foam_0411.png,foam,2,train,C:\Users\hs085\Downloads\MICROPLASTIC_DETECTOR-main\MICROPLASTIC_DETECTOR-main\dataset\train\foam\foam_0411.png
foam_0412.png,foam,2,train,C:\Users\hs085\Downloads\MICROPLASTIC_DETECTOR-main\MICROPLASTIC_DETECTOR-main\dataset\train\foam\foam_0412.png
foam_0413.png,foam,2,train,C:\Users\hs085\Downloads\MICROPLASTIC_DETECTOR-main\MICROPLASTIC_DETECTOR-main\dataset\train\foam\foam_0413.png
foam_0414.png,foam,2,train,C:\Users\hs085\Downloads\MICROPLASTIC_DETECTOR-main\MICROPLASTIC_DETECTOR-main\dataset\train\foam\foam_0414.png
foam_0415.png,foam,2,train,C:\Users\hs085\Downloads\MICROPLASTIC_DETECTOR-main\MICROPLASTIC_DETECTOR-main\dataset\train\foam\foam_0415.png
foam_0416.png,foam,2,train,C:\Users\hs085\Downloads\MICROPLASTIC_DETECTOR-main\MICROPLASTIC_DETECTOR-main\dataset\train\foam\foam_0416.png
foam_0417.png,foam,2,train,C:\Users\hs085\Downloads\MICROPLASTIC_DETECTOR-main\MICROPLASTIC_DETECTOR-main\dataset\train\foam\foam_0417.png
foam_0418.png,foam,2,train,C:\Users\hs085\Downloads\MICROPLASTIC_DETECTOR-main\MICROPLASTIC_DETECTOR-main\dataset\train\foam\foam_0418.png
foam_0419.png,foam,2,train,C:\Users\hs085\Downloads\MICROPLASTIC_DETECTOR-main\MICROPLASTIC_DETECTOR-main\dataset\train\foam\foam_0419.png
foam_0420.png,foam,2,train,C:\Users\hs085\Downloads\MICROPLASTIC_DETECTOR-main\MICROPLASTIC_DETECTOR-main\dataset\train\foam\foam_0420.png
foam_0421.png,foam,2,train,C:\Users\hs085\Downloads\MICROPLASTIC_DETECTOR-main\MICROPLASTIC_DETECTOR-main\dataset\train\foam\foam_0421.png
foam_0422.png,foam,2,train,C:\Users\hs085\Downloads\MICROPLASTIC_DETECTOR-main\MICROPLASTIC_DETECTOR-main\dataset\train\foam\foam_0422.png
foam_0423.png,foam,2,train,C:\Users\hs085\Downloads\MICROPLASTIC_DETECTOR-main\MICROPLASTIC_DETECTOR-main\dataset\train\foam\foam_0423.png
foam_0424.png,foam,2,train,C:\Users\hs085\Downloads\MICROPLASTIC_DETECTOR-main\MICROPLASTIC_DETECTOR-main\dataset\train\foam\foam_0424.png
foam_0425.png,foam,2,train,C:\Users\hs085\Downloads\MICROPLASTIC_DETECTOR-main\MICROPLASTIC_DETECTOR-main\dataset\train\foam\foam_0425.png
foam_0426.png,foam,2,train,C:\Users\hs085\Downloads\MICROPLASTIC_DETECTOR-main\MICROPLASTIC_DETECTOR-main\dataset\train\foam\foam_0426.png
foam_0427.png,foam,2,train,C:\Users\hs085\Downloads\MICROPLASTIC_DETECTOR-main\MICROPLASTIC_DETECTOR-main\dataset\train\foam\foam_0427.png
foam_0428.png,foam,2,train,C:\Users\hs085\Downloads\MICROPLASTIC_DETECTOR-main\MICROPLASTIC_DETECTOR-main\dataset\train\foam\foam_0428.png
foam_0429.png,foam,2,train,C:\Users\hs085\Downloads\MICROPLASTIC_DETECTOR-main\MICROPLASTIC_DETECTOR-main\dataset\train\foam\foam_0429.png
foam_0430.png,foam,2,train,C:\Users\hs085\Downloads\MICROPLASTIC_DETECTOR-main\MICROPLASTIC_DETECTOR-main\dataset\train\foam\foam_0430.png
foam_0431.png,foam,2,train,C:\Users\hs085\Downloads\MICROPLASTIC_DETECTOR-main\MICROPLASTIC_DETECTOR-main\dataset\train\foam\foam_0431.png
foam_0432.png,foam,2,train,C:\Users\hs085\Downloads\MICROPLASTIC_DETECTOR-main\MICROPLASTIC_DETECTOR-main\dataset\train\foam\foam_0432.png
foam_0433.png,foam,2,train,C:\Users\hs085\Downloads\MICROPLASTIC_DETECTOR-main\MICROPLASTIC_DETECTOR-main\dataset\train\foam\foam_0433.png
foam_0434.png,foam,2,train,C:\Users\hs085\Downloads\MICROPLASTIC_DETECTOR-main\MICROPLASTIC_DETECTOR-main\dataset\train\foam\foam_0434.png
foam_0435.png,foam,2,train,C:\Users\hs085\Downloads\MICROPLASTIC_DETECTOR-main\MICROPLASTIC_DETECTOR-main\dataset\train\foam\foam_0435.png
foam_0436.png,foam,2,train,C:\Users\hs085\Downloads\MICROPLASTIC_DETECTOR-main\MICROPLASTIC_DETECTOR-main\dataset\train\foam\foam_0436.png
foam_0437.png,foam,2,train,C:\Users\hs085\Downloads\MICROPLASTIC_DETECTOR-main\MICROPLASTIC_DETECTOR-main\dataset\train\foam\foam_0437.png
foam_0438.png,foam,2,train,C:\Users\hs085\Downloads\MICROPLASTIC_DETECTOR-main\MICROPLASTIC_DETECTOR-main\dataset\train\foam\foam_0438.png
foam_0439.png,foam,2,train,C:\Users\hs085\Downloads\MICROPLASTIC_DETECTOR-main\MICROPLASTIC_DETECTOR-main\dataset\train\foam\foam_0439.png
foam_0440.png,foam,2,train,C:\Users\hs085\Downloads\MICROPLASTIC_DETECTOR-main\MICROPLASTIC_DETECTOR-main\dataset\train\foam\foam_0440.png
foam_0441.png,foam,2,train,C:\Users\hs085\Downloads\MICROPLASTIC_DETECTOR-main\MICROPLASTIC_DETECTOR-main\dataset\train\foam\foam_0441.png
foam_0442.png,foam,2,train,C:\Users\hs085\Downloads\MICROPLASTIC_DETECTOR-main\MICROPLASTIC_DETECTOR-main\dataset\train\foam\foam_0442.png
foam_0443.png,foam,2,train,C:\Users\hs085\Downloads\MICROPLASTIC_DETECTOR-main\MICROPLASTIC_DETECTOR-main\dataset\train\foam\foam_0443.png
foam_0444.png,foam,2,train,C:\Users\hs085\Downloads\MICROPLASTIC_DETECTOR-main\MICROPLASTIC_DETECTOR-main\dataset\train\foam\foam_0444.png
foam_0445.png,foam,2,train,C:\Users\hs085\Downloads\MICROPLASTIC_DETECTOR-main\MICROPLASTIC_DETECTOR-main\dataset\train\foam\foam_0445.png
foam_0446.png,foam,2,train,C:\Users\hs085\Downloads\MICROPLASTIC_DETECTOR-main\MICROPLASTIC_DETECTOR-main\dataset\train\foam\foam_0446.png
foam_0447.png,foam,2,train,C:\Users\hs085\Downloads\MICROPLASTIC_DETECTOR-main\MICROPLASTIC_DETECTOR-main\dataset\train\foam\foam_0447.png
foam_0448.png,foam,2,train,C:\Users\hs085\Downloads\MICROPLASTIC_DETECTOR-main\MICROPLASTIC_DETECTOR-main\dataset\train\foam\foam_0448.png
foam_0449.png,foam,2,train,C:\Users\hs085\Downloads\MICROPLASTIC_DETECTOR-main\MICROPLASTIC_DETECTOR-main\dataset\train\foam\foam_0449.png
foam_0450.png,foam,2,train,C:\Users\hs085\Downloads\MICROPLASTIC_DETECTOR-main\MICROPLASTIC_DETECTOR-main\dataset\train\foam\foam_0450.png
foam_0451.png,foam,2,train,C:\Users\hs085\Downloads\MICROPLASTIC_DETECTOR-main\MICROPLASTIC_DETECTOR-main\dataset\train\foam\foam_0451.png
foam_0452.png,foam,2,train,C:\Users\hs085\Downloads\MICROPLASTIC_DETECTOR-main\MICROPLASTIC_DETECTOR-main\dataset\train\foam\foam_0452.png
foam_0453.png,foam,2,train,C:\Users\hs085\Downloads\MICROPLASTIC_DETECTOR-main\MICROPLASTIC_DETECTOR-main\dataset\train\foam\foam_0453.png
foam_0454.png,foam,2,train,C:\Users\hs085\Downloads\MICROPLASTIC_DETECTOR-main\MICROPLASTIC_DETECTOR-main\dataset\train\foam\foam_0454.png
foam_0455.png,foam,2,train,C:\Users\hs085\Downloads\MICROPLASTIC_DETECTOR-main\MICROPLASTIC_DETECTOR-main\dataset\train\foam\foam_0455.png
foam_0456.png,foam,2,train,C:\Users\hs085\Downloads\MICROPLASTIC_DETECTOR-main\MICROPLASTIC_DETECTOR-main\dataset\train\foam\foam_0456.png
foam_0457.png,foam,2,train,C:\Users\hs085\Downloads\MICROPLASTIC_DETECTOR-main\MICROPLASTIC_DETECTOR-main\dataset\train\foam\foam_0457.png
foam_0458.png,foam,2,train,C:\Users\hs085\Downloads\MICROPLASTIC_DETECTOR-main\MICROPLASTIC_DETECTOR-main\dataset\train\foam\foam_0458.png
foam_0459.png,foam,2,train,C:\Users\hs085\Downloads\MICROPLASTIC_DETECTOR-main\MICROPLASTIC_DETECTOR-main\dataset\train\foam\foam_0459.png
foam_0460.png,foam,2,train,C:\Users\hs085\Downloads\MICROPLASTIC_DETECTOR-main\MICROPLASTIC_DETECTOR-main\dataset\train\foam\foam_0460.png
foam_0461.png,foam,2,train,C:\Users\hs085\Downloads\MICROPLASTIC_DETECTOR-main\MICROPLASTIC_DETECTOR-main\dataset\train\foam\foam_0461.png
foam_0462.png,foam,2,train,C:\Users\hs085\Downloads\MICROPLASTIC_DETECTOR-main\MICROPLASTIC_DETECTOR-main\dataset\train\foam\foam_0462.png
foam_0463.png,foam,2,train,C:\Users\hs085\Downloads\MICROPLASTIC_DETECTOR-main\MICROPLASTIC_DETECTOR-main\dataset\train\foam\foam_0463.png
foam_0464.png,foam,2,train,C:\Users\hs085\Downloads\MICROPLASTIC_DETECTOR-main\MICROPLASTIC_DETECTOR-main\dataset\train\foam\foam_0464.png
foam_0465.png,foam,2,train,C:\Users\hs085\Downloads\MICROPLASTIC_DETECTOR-main\MICROPLASTIC_DETECTOR-main\dataset\train\foam\foam_0465.png
foam_0466.png,foam,2,train,C:\Users\hs085\Downloads\MICROPLASTIC_DETECTOR-main\MICROPLASTIC_DETECTOR-main\dataset\train\foam\foam_0466.png
foam_0467.png,foam,2,train,C:\Users\hs085\Downloads\MICROPLASTIC_DETECTOR-main\MICROPLASTIC_DETECTOR-main\dataset\train\foam\foam_0467.png
foam_0468.png,foam,2,train,C:\Users\hs085\Downloads\MICROPLASTIC_DETECTOR-main\MICROPLASTIC_DETECTOR-main\dataset\train\foam\foam_0468.png
foam_0469.png,foam,2,train,C:\Users\hs085\Downloads\MICROPLASTIC_DETECTOR-main\MICROPLASTIC_DETECTOR-main\dataset\train\foam\foam_0469.png
foam_0470.png,foam,2,train,C:\Users\hs085\Downloads\MICROPLASTIC_DETECTOR-main\MICROPLASTIC_DETECTOR-main\dataset\train\foam\foam_0470.png
foam_0471.png,foam,2,train,C:\Users\hs085\Downloads\MICROPLASTIC_DETECTOR-main\MICROPLASTIC_DETECTOR-main\dataset\train\foam\foam_0471.png
foam_0472.png,foam,2,train,C:\Users\hs085\Downloads\MICROPLASTIC_DETECTOR-main\MICROPLASTIC_DETECTOR-main\dataset\train\foam\foam_0472.png
foam_0473.png,foam,2,train,C:\Users\hs085\Downloads\MICROPLASTIC_DETECTOR-main\MICROPLASTIC_DETECTOR-main\dataset\train\foam\foam_0473.png
foam_0474.png,foam,2,train,C:\Users\hs085\Downloads\MICROPLASTIC_DETECTOR-main\MICROPLASTIC_DETECTOR-main\dataset\train\foam\foam_0474.png
foam_0475.png,foam,2,train,C:\Users\hs085\Downloads\MICROPLASTIC_DETECTOR-main\MICROPLASTIC_DETECTOR-main\dataset\train\foam\foam_0475.png
foam_0476.png,foam,2,train,C:\Users\hs085\Downloads\MICROPLASTIC_DETECTOR-main\MICROPLASTIC_DETECTOR-main\dataset\train\foam\foam_0476.png
foam_0477.png,foam,2,train,C:\Users\hs085\Downloads\MICROPLASTIC_DETECTOR-main\MICROPLASTIC_DETECTOR-main\dataset\train\foam\foam_0477.png
foam_0478.png,foam,2,train,C:\Users\hs085\Downloads\MICROPLASTIC_DETECTOR-main\MICROPLASTIC_DETECTOR-main\dataset\train\foam\foam_0478.png
foam_0479.png,foam,2,train,C:\Users\hs085\Downloads\MICROPLASTIC_DETECTOR-main\MICROPLASTIC_DETECTOR-main\dataset\train\foam\foam_0479.png
foam_0480.png,foam,2,train,C:\Users\hs085\Downloads\MICROPLASTIC_DETECTOR-main\MICROPLASTIC_DETECTOR-main\dataset\train\foam\foam_0480.png
foam_0481.png,foam,2,train,C:\Users\hs085\Downloads\MICROPLASTIC_DETECTOR-main\MICROPLASTIC_DETECTOR-main\dataset\train\foam\foam_0481.png
foam_0482.png,foam,2,train,C:\Users\hs085\Downloads\MICROPLASTIC_DETECTOR-main\MICROPLASTIC_DETECTOR-main\dataset\train\foam\foam_0482.png
foam_0483.png,foam,2,train,C:\Users\hs085\Downloads\MICROPLASTIC_DETECTOR-main\MICROPLASTIC_DETECTOR-main\dataset\train\foam\foam_0483.png
foam_0484.png,foam,2,train,C:\Users\hs085\Downloads\MICROPLASTIC_DETECTOR-main\MICROPLASTIC_DETECTOR-main\dataset\train\foam\foam_0484.png
foam_0485.png,foam,2,train,C:\Users\hs085\Downloads\MICROPLASTIC_DETECTOR-main\MICROPLASTIC_DETECTOR-main\dataset\train\foam\foam_0485.png
foam_0486.png,foam,2,train,C:\Users\hs085\Downloads\MICROPLASTIC_DETECTOR-main\MICROPLASTIC_DETECTOR-main\dataset\train\foam\foam_0486.png
foam_0487.png,foam,2,train,C:\Users\hs085\Downloads\MICROPLASTIC_DETECTOR-main\MICROPLASTIC_DETECTOR-main\dataset\train\foam\foam_0487.png
foam_0488.png,foam,2,train,C:\Users\hs085\Downloads\MICROPLASTIC_DETECTOR-main\MICROPLASTIC_DETECTOR-main\dataset\train\foam\foam_0488.png
foam_0489.png,foam,2,train,C:\Users\hs085\Downloads\MICROPLASTIC_DETECTOR-main\MICROPLASTIC_DETECTOR-main\dataset\train\foam\foam_0489.png
foam_0490.png,foam,2,train,C:\Users\hs085\Downloads\MICROPLASTIC_DETECTOR-main\MICROPLASTIC_DETECTOR-main\dataset\train\foam\foam_0490.png
foam_0491.png,foam,2,train,C:\Users\hs085\Downloads\MICROPLASTIC_DETECTOR-main\MICROPLASTIC_DETECTOR-main\dataset\train\foam\foam_0491.png
foam_0492.png,foam,2,train,C:\Users\hs085\Downloads\MICROPLASTIC_DETECTOR-main\MICROPLASTIC_DETECTOR-main\dataset\train\foam\foam_0492.png
foam_0493.png,foam,2,train,C:\Users\hs085\Downloads\MICROPLASTIC_DETECTOR-main\MICROPLASTIC_DETECTOR-main\dataset\train\foam\foam_0493.png
foam_0494.png,foam,2,train,C:\Users\hs085\Downloads\MICROPLASTIC_DETECTOR-main\MICROPLASTIC_DETECTOR-main\dataset\train\foam\foam_0494.png
foam_0495.png,foam,2,train,C:\Users\hs085\Downloads\MICROPLASTIC_DETECTOR-main\MICROPLASTIC_DETECTOR-main\dataset\train\foam\foam_0495.png
foam_0496.png,foam,2,train,C:\Users\hs085\Downloads\MICROPLASTIC_DETECTOR-main\MICROPLASTIC_DETECTOR-main\dataset\train\foam\foam_0496.png
foam_0497.png,foam,2,train,C:\Users\hs085\Downloads\MICROPLASTIC_DETECTOR-main\MICROPLASTIC_DETECTOR-main\dataset\train\foam\foam_0497.png
foam_0498.png,foam,2,train,C:\Users\hs085\Downloads\MICROPLASTIC_DETECTOR-main\MICROPLASTIC_DETECTOR-main\dataset\train\foam\foam_0498.png
foam_0499.png,foam,2,train,C:\Users\hs085\Downloads\MICROPLASTIC_DETECTOR-main\MICROPLASTIC_DETECTOR-main\dataset\train\foam\foam_0499.png
foam_0500.png,foam,2,train,C:\Users\hs085\Downloads\MICROPLASTIC_DETECTOR-main\MICROPLASTIC_DETECTOR-main\dataset\train\foam\foam_0500.png
foam_0501.png,foam,2,train,C:\Users\hs085\Downloads\MICROPLASTIC_DETECTOR-main\MICROPLASTIC_DETECTOR-main\dataset\train\foam\foam_0501.png
foam_0502.png,foam,2,train,C:\Users\hs085\Downloads\MICROPLASTIC_DETECTOR-main\MICROPLASTIC_DETECTOR-main\dataset\train\foam\foam_0502.png
foam_0503.png,foam,2,train,C:\Users\hs085\Downloads\MICROPLASTIC_DETECTOR-main\MICROPLASTIC_DETECTOR-main\dataset\train\foam\foam_0503.png
foam_0504.png,foam,2,train,C:\Users\hs085\Downloads\MICROPLASTIC_DETECTOR-main\MICROPLASTIC_DETECTOR-main\dataset\train\foam\foam_0504.png
foam_0505.png,foam,2,train,C:\Users\hs085\Downloads\MICROPLASTIC_DETECTOR-main\MICROPLASTIC_DETECTOR-main\dataset\train\foam\foam_0505.png
foam_0506.png,foam,2,train,C:\Users\hs085\Downloads\MICROPLASTIC_DETECTOR-main\MICROPLASTIC_DETECTOR-main\dataset\train\foam\foam_0506.png
foam_0507.png,foam,2,train,C:\Users\hs085\Downloads\MICROPLASTIC_DETECTOR-main\MICROPLASTIC_DETECTOR-main\dataset\train\foam\foam_0507.png
foam_0508.png,foam,2,train,C:\Users\hs085\Downloads\MICROPLASTIC_DETECTOR-main\MICROPLASTIC_DETECTOR-main\dataset\train\foam\foam_0508.png
foam_0509.png,foam,2,train,C:\Users\hs085\Downloads\MICROPLASTIC_DETECTOR-main\MICROPLASTIC_DETECTOR-main\dataset\train\foam\foam_0509.png
foam_0510.png,foam,2,train,C:\Users\hs085\Downloads\MICROPLASTIC_DETECTOR-main\MICROPLASTIC_DETECTOR-main\dataset\train\foam\foam_0510.png
foam_0511.png,foam,2,train,C:\Users\hs085\Downloads\MICROPLASTIC_DETECTOR-main\MICROPLASTIC_DETECTOR-main\dataset\train\foam\foam_0511.png
foam_0512.png,foam,2,train,C:\Users\hs085\Downloads\MICROPLASTIC_DETECTOR-main\MICROPLASTIC_DETECTOR-main\dataset\train\foam\foam_0512.png
foam_0513.png,foam,2,train,C:\Users\hs085\Downloads\MICROPLASTIC_DETECTOR-main\MICROPLASTIC_DETECTOR-main\dataset\train\foam\foam_0513.png
foam_0514.png,foam,2,train,C:\Users\hs085\Downloads\MICROPLASTIC_DETECTOR-main\MICROPLASTIC_DETECTOR-main\dataset\train\foam\foam_0514.png
foam_0515.png,foam,2,train,C:\Users\hs085\Downloads\MICROPLASTIC_DETECTOR-main\MICROPLASTIC_DETECTOR-main\dataset\train\foam\foam_0515.png
foam_0516.png,foam,2,train,C:\Users\hs085\Downloads\MICROPLASTIC_DETECTOR-main\MICROPLASTIC_DETECTOR-main\dataset\train\foam\foam_0516.png
foam_0517.png,foam,2,train,C:\Users\hs085\Downloads\MICROPLASTIC_DETECTOR-main\MICROPLASTIC_DETECTOR-main\dataset\train\foam\foam_0517.png
foam_0518.png,foam,2,train,C:\Users\hs085\Downloads\MICROPLASTIC_DETECTOR-main\MICROPLASTIC_DETECTOR-main\dataset\train\foam\foam_0518.png
foam_0519.png,foam,2,train,C:\Users\hs085\Downloads\MICROPLASTIC_DETECTOR-main\MICROPLASTIC_DETECTOR-main\dataset\train\foam\foam_0519.png
foam_0520.png,foam,2,train,C:\Users\hs085\Downloads\MICROPLASTIC_DETECTOR-main\MICROPLASTIC_DETECTOR-main\dataset\train\foam\foam_0520.png
foam_0521.png,foam,2,train,C:\Users\hs085\Downloads\MICROPLASTIC_DETECTOR-main\MICROPLASTIC_DETECTOR-main\dataset\train\foam\foam_0521.png
foam_0522.png,foam,2,train,C:\Users\hs085\Downloads\MICROPLASTIC_DETECTOR-main\MICROPLASTIC_DETECTOR-main\dataset\train\foam\foam_0522.png
foam_0523.png,foam,2,train,C:\Users\hs085\Downloads\MICROPLASTIC_DETECTOR-main\MICROPLASTIC_DETECTOR-main\dataset\train\foam\foam_0523.png
foam_0524.png,foam,2,train,C:\Users\hs085\Downloads\MICROPLASTIC_DETECTOR-main\MICROPLASTIC_DETECTOR-main\dataset\train\foam\foam_0524.png
foam_0525.png,foam,2,train,C:\Users\hs085\Downloads\MICROPLASTIC_DETECTOR-main\MICROPLASTIC_DETECTOR-main\dataset\train\foam\foam_0525.png
foam_0526.png,foam,2,train,C:\Users\hs085\Downloads\MICROPLASTIC_DETECTOR-main\MICROPLASTIC_DETECTOR-main\dataset\train\foam\foam_0526.png
foam_0527.png,foam,2,train,C:\Users\hs085\Downloads\MICROPLASTIC_DETECTOR-main\MICROPLASTIC_DETECTOR-main\dataset\train\foam\foam_0527.png
foam_0528.png,foam,2,train,C:\Users\hs085\Downloads\MICROPLASTIC_DETECTOR-main\MICROPLASTIC_DETECTOR-main\dataset\train\foam\foam_0528.png
foam_0529.png,foam,2,train,C:\Users\hs085\Downloads\MICROPLASTIC_DETECTOR-main\MICROPLASTIC_DETECTOR-main\dataset\train\foam\foam_0529.png
foam_0530.png,foam,2,train,C:\Users\hs085\Downloads\MICROPLASTIC_DETECTOR-main\MICROPLASTIC_DETECTOR-main\dataset\train\foam\foam_0530.png
foam_0531.png,foam,2,train,C:\Users\hs085\Downloads\MICROPLASTIC_DETECTOR-main\MICROPLASTIC_DETECTOR-main\dataset\train\foam\foam_0531.png
foam_0532.png,foam,2,train,C:\Users\hs085\Downloads\MICROPLASTIC_DETECTOR-main\MICROPLASTIC_DETECTOR-main\dataset\train\foam\foam_0532.png
foam_0533.png,foam,2,train,C:\Users\hs085\Downloads\MICROPLASTIC_DETECTOR-main\MICROPLASTIC_DETECTOR-main\dataset\train\foam\foam_0533.png
foam_0534.png,foam,2,train,C:\Users\hs085\Downloads\MICROPLASTIC_DETECTOR-main\MICROPLASTIC_DETECTOR-main\dataset\train\foam\foam_0534.png
foam_0535.png,foam,2,train,C:\Users\hs085\Downloads\MICROPLASTIC_DETECTOR-main\MICROPLASTIC_DETECTOR-main\dataset\train\foam\foam_0535.png
foam_0536.png,foam,2,train,C:\Users\hs085\Downloads\MICROPLASTIC_DETECTOR-main\MICROPLASTIC_DETECTOR-main\dataset\train\foam\foam_0536.png
foam_0537.png,foam,2,train,C:\Users\hs085\Downloads\MICROPLASTIC_DETECTOR-main\MICROPLASTIC_DETECTOR-main\dataset\train\foam\foam_0537.png
foam_0538.png,foam,2,train,C:\Users\hs085\Downloads\MICROPLASTIC_DETECTOR-main\MICROPLASTIC_DETECTOR-main\dataset\train\foam\foam_0538.png
foam_0539.png,foam,2,train,C:\Users\hs085\Downloads\MICROPLASTIC_DETECTOR-main\MICROPLASTIC_DETECTOR-main\dataset\train\foam\foam_0539.png
foam_0540.png,foam,2,train,C:\Users\hs085\Downloads\MICROPLASTIC_DETECTOR-main\MICROPLASTIC_DETECTOR-main\dataset\train\foam\foam_0540.png
foam_0541.png,foam,2,train,C:\Users\hs085\Downloads\MICROPLASTIC_DETECTOR-main\MICROPLASTIC_DETECTOR-main\dataset\train\foam\foam_0541.png
foam_0542.png,foam,2,train,C:\Users\hs085\Downloads\MICROPLASTIC_DETECTOR-main\MICROPLASTIC_DETECTOR-main\dataset\train\foam\foam_0542.png
foam_0543.png,foam,2,train,C:\Users\hs085\Downloads\MICROPLASTIC_DETECTOR-main\MICROPLASTIC_DETECTOR-main\dataset\train\foam\foam_0543.png
foam_0544.png,foam,2,train,C:\Users\hs085\Downloads\MICROPLASTIC_DETECTOR-main\MICROPLASTIC_DETECTOR-main\dataset\train\foam\foam_0544.png
foam_0545.png,foam,2,train,C:\Users\hs085\Downloads\MICROPLASTIC_DETECTOR-main\MICROPLASTIC_DETECTOR-main\dataset\train\foam\foam_0545.png
foam_0546.png,foam,2,train,C:\Users\hs085\Downloads\MICROPLASTIC_DETECTOR-main\MICROPLASTIC_DETECTOR-main\dataset\train\foam\foam_0546.png
foam_0547.png,foam,2,train,C:\Users\hs085\Downloads\MICROPLASTIC_DETECTOR-main\MICROPLASTIC_DETECTOR-main\dataset\train\foam\foam_0547.png
foam_0548.png,foam,2,train,C:\Users\hs085\Downloads\MICROPLASTIC_DETECTOR-main\MICROPLASTIC_DETECTOR-main\dataset\train\foam\foam_0548.png
foam_0549.png,foam,2,train,C:\Users\hs085\Downloads\MICROPLASTIC_DETECTOR-main\MICROPLASTIC_DETECTOR-main\dataset\train\foam\foam_0549.png
foam_0550.png,foam,2,train,C:\Users\hs085\Downloads\MICROPLASTIC_DETECTOR-main\MICROPLASTIC_DETECTOR-main\dataset\train\foam\foam_0550.png
foam_0551.png,foam,2,train,C:\Users\hs085\Downloads\MICROPLASTIC_DETECTOR-main\MICROPLASTIC_DETECTOR-main\dataset\train\foam\foam_0551.png
foam_0552.png,foam,2,train,C:\Users\hs085\Downloads\MICROPLASTIC_DETECTOR-main\MICROPLASTIC_DETECTOR-main\dataset\train\foam\foam_0552.png
foam_0553.png,foam,2,train,C:\Users\hs085\Downloads\MICROPLASTIC_DETECTOR-main\MICROPLASTIC_DETECTOR-main\dataset\train\foam\foam_0553.png
foam_0554.png,foam,2,train,C:\Users\hs085\Downloads\MICROPLASTIC_DETECTOR-main\MICROPLASTIC_DETECTOR-main\dataset\train\foam\foam_0554.png
foam_0555.png,foam,2,train,C:\Users\hs085\Downloads\MICROPLASTIC_DETECTOR-main\MICROPLASTIC_DETECTOR-main\dataset\train\foam\foam_0555.png
foam_0556.png,foam,2,train,C:\Users\hs085\Downloads\MICROPLASTIC_DETECTOR-main\MICROPLASTIC_DETECTOR-main\dataset\train\foam\foam_0556.png
foam_0557.png,foam,2,train,C:\Users\hs085\Downloads\MICROPLASTIC_DETECTOR-main\MICROPLASTIC_DETECTOR-main\dataset\train\foam\foam_0557.png
foam_0558.png,foam,2,train,C:\Users\hs085\Downloads\MICROPLASTIC_DETECTOR-main\MICROPLASTIC_DETECTOR-main\dataset\train\foam\foam_0558.png
foam_0559.png,foam,2,train,C:\Users\hs085\Downloads\MICROPLASTIC_DETECTOR-main\MICROPLASTIC_DETECTOR-main\dataset\train\foam\foam_0559.png
foam_0560.png,foam,2,train,C:\Users\hs085\Downloads\MICROPLASTIC_DETECTOR-main\MICROPLASTIC_DETECTOR-main\dataset\train\foam\foam_0560.png
foam_0561.png,foam,2,train,C:\Users\hs085\Downloads\MICROPLASTIC_DETECTOR-main\MICROPLASTIC_DETECTOR-main\dataset\train\foam\foam_0561.png
foam_0562.png,foam,2,train,C:\Users\hs085\Downloads\MICROPLASTIC_DETECTOR-main\MICROPLASTIC_DETECTOR-main\dataset\train\foam\foam_0562.png
foam_0563.png,foam,2,train,C:\Users\hs085\Downloads\MICROPLASTIC_DETECTOR-main\MICROPLASTIC_DETECTOR-main\dataset\train\foam\foam_0563.png
foam_0564.png,foam,2,train,C:\Users\hs085\Downloads\MICROPLASTIC_DETECTOR-main\MICROPLASTIC_DETECTOR-main\dataset\train\foam\foam_0564.png
foam_0565.png,foam,2,train,C:\Users\hs085\Downloads\MICROPLASTIC_DETECTOR-main\MICROPLASTIC_DETECTOR-main\dataset\train\foam\foam_0565.png
foam_0566.png,foam,2,train,C:\Users\hs085\Downloads\MICROPLASTIC_DETECTOR-main\MICROPLASTIC_DETECTOR-main\dataset\train\foam\foam_0566.png
foam_0567.png,foam,2,train,C:\Users\hs085\Downloads\MICROPLASTIC_DETECTOR-main\MICROPLASTIC_DETECTOR-main\dataset\train\foam\foam_0567.png
foam_0568.png,foam,2,train,C:\Users\hs085\Downloads\MICROPLASTIC_DETECTOR-main\MICROPLASTIC_DETECTOR-main\dataset\train\foam\foam_0568.png
foam_0569.png,foam,2,train,C:\Users\hs085\Downloads\MICROPLASTIC_DETECTOR-main\MICROPLASTIC_DETECTOR-main\dataset\train\foam\foam_0569.png
foam_0570.png,foam,2,train,C:\Users\hs085\Downloads\MICROPLASTIC_DETECTOR-main\MICROPLASTIC_DETECTOR-main\dataset\train\foam\foam_0570.png
foam_0571.png,foam,2,train,C:\Users\hs085\Downloads\MICROPLASTIC_DETECTOR-main\MICROPLASTIC_DETECTOR-main\dataset\train\foam\foam_0571.png
foam_0572.png,foam,2,train,C:\Users\hs085\Downloads\MICROPLASTIC_DETECTOR-main\MICROPLASTIC_DETECTOR-main\dataset\train\foam\foam_0572.png
foam_0573.png,foam,2,train,C:\Users\hs085\Downloads\MICROPLASTIC_DETECTOR-main\MICROPLASTIC_DETECTOR-main\dataset\train\foam\foam_0573.png
foam_0574.png,foam,2,train,C:\Users\hs085\Downloads\MICROPLASTIC_DETECTOR-main\MICROPLASTIC_DETECTOR-main\dataset\train\foam\foam_0574.png
foam_0575.png,foam,2,train,C:\Users\hs085\Downloads\MICROPLASTIC_DETECTOR-main\MICROPLASTIC_DETECTOR-main\dataset\train\foam\foam_0575.png
foam_0576.png,foam,2,train,C:\Users\hs085\Downloads\MICROPLASTIC_DETECTOR-main\MICROPLASTIC_DETECTOR-main\dataset\train\foam\foam_0576.png
foam_0577.png,foam,2,train,C:\Users\hs085\Downloads\MICROPLASTIC_DETECTOR-main\MICROPLASTIC_DETECTOR-main\dataset\train\foam\foam_0577.png
foam_0578.png,foam,2,train,C:\Users\hs085\Downloads\MICROPLASTIC_DETECTOR-main\MICROPLASTIC_DETECTOR-main\dataset\train\foam\foam_0578.png
foam_0579.png,foam,2,train,C:\Users\hs085\Downloads\MICROPLASTIC_DETECTOR-main\MICROPLASTIC_DETECTOR-main\dataset\train\foam\foam_0579.png
foam_0580.png,foam,2,train,C:\Users\hs085\Downloads\MICROPLASTIC_DETECTOR-main\MICROPLASTIC_DETECTOR-main\dataset\train\foam\foam_0580.png
foam_0581.png,foam,2,train,C:\Users\hs085\Downloads\MICROPLASTIC_DETECTOR-main\MICROPLASTIC_DETECTOR-main\dataset\train\foam\foam_0581.png
foam_0582.png,foam,2,train,C:\Users\hs085\Downloads\MICROPLASTIC_DETECTOR-main\MICROPLASTIC_DETECTOR-main\dataset\train\foam\foam_0582.png
foam_0583.png,foam,2,train,C:\Users\hs085\Downloads\MICROPLASTIC_DETECTOR-main\MICROPLASTIC_DETECTOR-main\dataset\train\foam\foam_0583.png
foam_0584.png,foam,2,train,C:\Users\hs085\Downloads\MICROPLASTIC_DETECTOR-main\MICROPLASTIC_DETECTOR-main\dataset\train\foam\foam_0584.png
foam_0585.png,foam,2,train,C:\Users\hs085\Downloads\MICROPLASTIC_DETECTOR-main\MICROPLASTIC_DETECTOR-main\dataset\train\foam\foam_0585.png
foam_0586.png,foam,2,train,C:\Users\hs085\Downloads\MICROPLASTIC_DETECTOR-main\MICROPLASTIC_DETECTOR-main\dataset\train\foam\foam_0586.png
foam_0587.png,foam,2,train,C:\Users\hs085\Downloads\MICROPLASTIC_DETECTOR-main\MICROPLASTIC_DETECTOR-main\dataset\train\foam\foam_0587.png
foam_0588.png,foam,2,train,C:\Users\hs085\Downloads\MICROPLASTIC_DETECTOR-main\MICROPLASTIC_DETECTOR-main\dataset\train\foam\foam_0588.png
foam_0589.png,foam,2,train,C:\Users\hs085\Downloads\MICROPLASTIC_DETECTOR-main\MICROPLASTIC_DETECTOR-main\dataset\train\foam\foam_0589.png
foam_0590.png,foam,2,train,C:\Users\hs085\Downloads\MICROPLASTIC_DETECTOR-main\MICROPLASTIC_DETECTOR-main\dataset\train\foam\foam_0590.png
foam_0591.png,foam,2,train,C:\Users\hs085\Downloads\MICROPLASTIC_DETECTOR-main\MICROPLASTIC_DETECTOR-main\dataset\train\foam\foam_0591.png
foam_0592.png,foam,2,train,C:\Users\hs085\Downloads\MICROPLASTIC_DETECTOR-main\MICROPLASTIC_DETECTOR-main\dataset\train\foam\foam_0592.png
foam_0593.png,foam,2,train,C:\Users\hs085\Downloads\MICROPLASTIC_DETECTOR-main\MICROPLASTIC_DETECTOR-main\dataset\train\foam\foam_0593.png
foam_0594.png,foam,2,train,C:\Users\hs085\Downloads\MICROPLASTIC_DETECTOR-main\MICROPLASTIC_DETECTOR-main\dataset\train\foam\foam_0594.png
foam_0595.png,foam,2,train,C:\Users\hs085\Downloads\MICROPLASTIC_DETECTOR-main\MICROPLASTIC_DETECTOR-main\dataset\train\foam\foam_0595.png
foam_0596.png,foam,2,train,C:\Users\hs085\Downloads\MICROPLASTIC_DETECTOR-main\MICROPLASTIC_DETECTOR-main\dataset\train\foam\foam_0596.png
foam_0597.png,foam,2,train,C:\Users\hs085\Downloads\MICROPLASTIC_DETECTOR-main\MICROPLASTIC_DETECTOR-main\dataset\train\foam\foam_0597.png
foam_0598.png,foam,2,train,C:\Users\hs085\Downloads\MICROPLASTIC_DETECTOR-main\MICROPLASTIC_DETECTOR-main\dataset\train\foam\foam_0598.png
foam_0599.png,foam,2,train,C:\Users\hs085\Downloads\MICROPLASTIC_DETECTOR-main\MICROPLASTIC_DETECTOR-main\dataset\train\foam\foam_0599.png
foam_0600.png,foam,2,train,C:\Users\hs085\Downloads\MICROPLASTIC_DETECTOR-main\MICROPLASTIC_DETECTOR-main\dataset\train\foam\foam_0600.png
foam_0601.png,foam,2,train,C:\Users\hs085\Downloads\MICROPLASTIC_DETECTOR-main\MICROPLASTIC_DETECTOR-main\dataset\train\foam\foam_0601.png
foam_0602.png,foam,2,train,C:\Users\hs085\Downloads\MICROPLASTIC_DETECTOR-main\MICROPLASTIC_DETECTOR-main\dataset\train\foam\foam_0602.png
foam_0603.png,foam,2,train,C:\Users\hs085\Downloads\MICROPLASTIC_DETECTOR-main\MICROPLASTIC_DETECTOR-main\dataset\train\foam\foam_0603.png
foam_0604.png,foam,2,train,C:\Users\hs085\Downloads\MICROPLASTIC_DETECTOR-main\MICROPLASTIC_DETECTOR-main\dataset\train\foam\foam_0604.png
foam_0605.png,foam,2,train,C:\Users\hs085\Downloads\MICROPLASTIC_DETECTOR-main\MICROPLASTIC_DETECTOR-main\dataset\train\foam\foam_0605.png
foam_0606.png,foam,2,train,C:\Users\hs085\Downloads\MICROPLASTIC_DETECTOR-main\MICROPLASTIC_DETECTOR-main\dataset\train\foam\foam_0606.png
foam_0607.png,foam,2,train,C:\Users\hs085\Downloads\MICROPLASTIC_DETECTOR-main\MICROPLASTIC_DETECTOR-main\dataset\train\foam\foam_0607.png
foam_0608.png,foam,2,train,C:\Users\hs085\Downloads\MICROPLASTIC_DETECTOR-main\MICROPLASTIC_DETECTOR-main\dataset\train\foam\foam_0608.png
foam_0609.png,foam,2,train,C:\Users\hs085\Downloads\MICROPLASTIC_DETECTOR-main\MICROPLASTIC_DETECTOR-main\dataset\train\foam\foam_0609.png
foam_0610.png,foam,2,train,C:\Users\hs085\Downloads\MICROPLASTIC_DETECTOR-main\MICROPLASTIC_DETECTOR-main\dataset\train\foam\foam_0610.png
foam_0611.png,foam,2,train,C:\Users\hs085\Downloads\MICROPLASTIC_DETECTOR-main\MICROPLASTIC_DETECTOR-main\dataset\train\foam\foam_0611.png
foam_0612.png,foam,2,train,C:\Users\hs085\Downloads\MICROPLASTIC_DETECTOR-main\MICROPLASTIC_DETECTOR-main\dataset\train\foam\foam_0612.png
foam_0613.png,foam,2,train,C:\Users\hs085\Downloads\MICROPLASTIC_DETECTOR-main\MICROPLASTIC_DETECTOR-main\dataset\train\foam\foam_0613.png
foam_0614.png,foam,2,train,C:\Users\hs085\Downloads\MICROPLASTIC_DETECTOR-main\MICROPLASTIC_DETECTOR-main\dataset\train\foam\foam_0614.png
foam_0615.png,foam,2,train,C:\Users\hs085\Downloads\MICROPLASTIC_DETECTOR-main\MICROPLASTIC_DETECTOR-main\dataset\train\foam\foam_0615.png
foam_0616.png,foam,2,train,C:\Users\hs085\Downloads\MICROPLASTIC_DETECTOR-main\MICROPLASTIC_DETECTOR-main\dataset\train\foam\foam_0616.png
foam_0617.png,foam,2,train,C:\Users\hs085\Downloads\MICROPLASTIC_DETECTOR-main\MICROPLASTIC_DETECTOR-main\dataset\train\foam\foam_0617.png
foam_0618.png,foam,2,train,C:\Users\hs085\Downloads\MICROPLASTIC_DETECTOR-main\MICROPLASTIC_DETECTOR-main\dataset\train\foam\foam_0618.png
foam_0619.png,foam,2,train,C:\Users\hs085\Downloads\MICROPLASTIC_DETECTOR-main\MICROPLASTIC_DETECTOR-main\dataset\train\foam\foam_0619.png
foam_0620.png,foam,2,train,C:\Users\hs085\Downloads\MICROPLASTIC_DETECTOR-main\MICROPLASTIC_DETECTOR-main\dataset\train\foam\foam_0620.png
foam_0621.png,foam,2,train,C:\Users\hs085\Downloads\MICROPLASTIC_DETECTOR-main\MICROPLASTIC_DETECTOR-main\dataset\train\foam\foam_0621.png
foam_0622.png,foam,2,train,C:\Users\hs085\Downloads\MICROPLASTIC_DETECTOR-main\MICROPLASTIC_DETECTOR-main\dataset\train\foam\foam_0622.png
foam_0623.png,foam,2,train,C:\Users\hs085\Downloads\MICROPLASTIC_DETECTOR-main\MICROPLASTIC_DETECTOR-main\dataset\train\foam\foam_0623.png
foam_0624.png,foam,2,train,C:\Users\hs085\Downloads\MICROPLASTIC_DETECTOR-main\MICROPLASTIC_DETECTOR-main\dataset\train\foam\foam_0624.png
foam_0625.png,foam,2,train,C:\Users\hs085\Downloads\MICROPLASTIC_DETECTOR-main\MICROPLASTIC_DETECTOR-main\dataset\train\foam\foam_0625.png
foam_0626.png,foam,2,train,C:\Users\hs085\Downloads\MICROPLASTIC_DETECTOR-main\MICROPLASTIC_DETECTOR-main\dataset\train\foam\foam_0626.png
foam_0627.png,foam,2,train,C:\Users\hs085\Downloads\MICROPLASTIC_DETECTOR-main\MICROPLASTIC_DETECTOR-main\dataset\train\foam\foam_0627.png
foam_0628.png,foam,2,train,C:\Users\hs085\Downloads\MICROPLASTIC_DETECTOR-main\MICROPLASTIC_DETECTOR-main\dataset\train\foam\foam_0628.png
foam_0629.png,foam,2,train,C:\Users\hs085\Downloads\MICROPLASTIC_DETECTOR-main\MICROPLASTIC_DETECTOR-main\dataset\train\foam\foam_0629.png
foam_0630.png,foam,2,train,C:\Users\hs085\Downloads\MICROPLASTIC_DETECTOR-main\MICROPLASTIC_DETECTOR-main\dataset\train\foam\foam_0630.png
foam_0631.png,foam,2,train,C:\Users\hs085\Downloads\MICROPLASTIC_DETECTOR-main\MICROPLASTIC_DETECTOR-main\dataset\train\foam\foam_0631.png
foam_0632.png,foam,2,train,C:\Users\hs085\Downloads\MICROPLASTIC_DETECTOR-main\MICROPLASTIC_DETECTOR-main\dataset\train\foam\foam_0632.png
foam_0633.png,foam,2,train,C:\Users\hs085\Downloads\MICROPLASTIC_DETECTOR-main\MICROPLASTIC_DETECTOR-main\dataset\train\foam\foam_0633.png
foam_0634.png,foam,2,train,C:\Users\hs085\Downloads\MICROPLASTIC_DETECTOR-main\MICROPLASTIC_DETECTOR-main\dataset\train\foam\foam_0634.png
foam_0635.png,foam,2,train,C:\Users\hs085\Downloads\MICROPLASTIC_DETECTOR-main\MICROPLASTIC_DETECTOR-main\dataset\train\foam\foam_0635.png
foam_0636.png,foam,2,train,C:\Users\hs085\Downloads\MICROPLASTIC_DETECTOR-main\MICROPLASTIC_DETECTOR-main\dataset\train\foam\foam_0636.png
foam_0637.png,foam,2,train,C:\Users\hs085\Downloads\MICROPLASTIC_DETECTOR-main\MICROPLASTIC_DETECTOR-main\dataset\train\foam\foam_0637.png
foam_0638.png,foam,2,train,C:\Users\hs085\Downloads\MICROPLASTIC_DETECTOR-main\MICROPLASTIC_DETECTOR-main\dataset\train\foam\foam_0638.png
foam_0639.png,foam,2,train,C:\Users\hs085\Downloads\MICROPLASTIC_DETECTOR-main\MICROPLASTIC_DETECTOR-main\dataset\train\foam\foam_0639.png
foam_0640.png,foam,2,train,C:\Users\hs085\Downloads\MICROPLASTIC_DETECTOR-main\MICROPLASTIC_DETECTOR-main\dataset\train\foam\foam_0640.png
foam_0641.png,foam,2,train,C:\Users\hs085\Downloads\MICROPLASTIC_DETECTOR-main\MICROPLASTIC_DETECTOR-main\dataset\train\foam\foam_0641.png
foam_0642.png,foam,2,train,C:\Users\hs085\Downloads\MICROPLASTIC_DETECTOR-main\MICROPLASTIC_DETECTOR-main\dataset\train\foam\foam_0642.png
foam_0643.png,foam,2,train,C:\Users\hs085\Downloads\MICROPLASTIC_DETECTOR-main\MICROPLASTIC_DETECTOR-main\dataset\train\foam\foam_0643.png
foam_0644.png,foam,2,train,C:\Users\hs085\Downloads\MICROPLASTIC_DETECTOR-main\MICROPLASTIC_DETECTOR-main\dataset\train\foam\foam_0644.png
foam_0645.png,foam,2,train,C:\Users\hs085\Downloads\MICROPLASTIC_DETECTOR-main\MICROPLASTIC_DETECTOR-main\dataset\train\foam\foam_0645.png
foam_0646.png,foam,2,train,C:\Users\hs085\Downloads\MICROPLASTIC_DETECTOR-main\MICROPLASTIC_DETECTOR-main\dataset\train\foam\foam_0646.png
foam_0647.png,foam,2,train,C:\Users\hs085\Downloads\MICROPLASTIC_DETECTOR-main\MICROPLASTIC_DETECTOR-main\dataset\train\foam\foam_0647.png
foam_0648.png,foam,2,train,C:\Users\hs085\Downloads\MICROPLASTIC_DETECTOR-main\MICROPLASTIC_DETECTOR-main\dataset\train\foam\foam_0648.png
foam_0649.png,foam,2,train,C:\Users\hs085\Downloads\MICROPLASTIC_DETECTOR-main\MICROPLASTIC_DETECTOR-main\dataset\train\foam\foam_0649.png
foam_0650.png,foam,2,train,C:\Users\hs085\Downloads\MICROPLASTIC_DETECTOR-main\MICROPLASTIC_DETECTOR-main\dataset\train\foam\foam_0650.png
foam_0651.png,foam,2,train,C:\Users\hs085\Downloads\MICROPLASTIC_DETECTOR-main\MICROPLASTIC_DETECTOR-main\dataset\train\foam\foam_0651.png
foam_0652.png,foam,2,train,C:\Users\hs085\Downloads\MICROPLASTIC_DETECTOR-main\MICROPLASTIC_DETECTOR-main\dataset\train\foam\foam_0652.png
foam_0653.png,foam,2,train,C:\Users\hs085\Downloads\MICROPLASTIC_DETECTOR-main\MICROPLASTIC_DETECTOR-main\dataset\train\foam\foam_0653.png
foam_0654.png,foam,2,train,C:\Users\hs085\Downloads\MICROPLASTIC_DETECTOR-main\MICROPLASTIC_DETECTOR-main\dataset\train\foam\foam_0654.png
foam_0655.png,foam,2,train,C:\Users\hs085\Downloads\MICROPLASTIC_DETECTOR-main\MICROPLASTIC_DETECTOR-main\dataset\train\foam\foam_0655.png
foam_0656.png,foam,2,train,C:\Users\hs085\Downloads\MICROPLASTIC_DETECTOR-main\MICROPLASTIC_DETECTOR-main\dataset\train\foam\foam_0656.png
foam_0657.png,foam,2,train,C:\Users\hs085\Downloads\MICROPLASTIC_DETECTOR-main\MICROPLASTIC_DETECTOR-main\dataset\train\foam\foam_0657.png
foam_0658.png,foam,2,train,C:\Users\hs085\Downloads\MICROPLASTIC_DETECTOR-main\MICROPLASTIC_DETECTOR-main\dataset\train\foam\foam_0658.png
foam_0659.png,foam,2,train,C:\Users\hs085\Downloads\MICROPLASTIC_DETECTOR-main\MICROPLASTIC_DETECTOR-main\dataset\train\foam\foam_0659.png
foam_0660.png,foam,2,train,C:\Users\hs085\Downloads\MICROPLASTIC_DETECTOR-main\MICROPLASTIC_DETECTOR-main\dataset\train\foam\foam_0660.png
foam_0661.png,foam,2,train,C:\Users\hs085\Downloads\MICROPLASTIC_DETECTOR-main\MICROPLASTIC_DETECTOR-main\dataset\train\foam\foam_0661.png
foam_0662.png,foam,2,train,C:\Users\hs085\Downloads\MICROPLASTIC_DETECTOR-main\MICROPLASTIC_DETECTOR-main\dataset\train\foam\foam_0662.png
foam_0663.png,foam,2,train,C:\Users\hs085\Downloads\MICROPLASTIC_DETECTOR-main\MICROPLASTIC_DETECTOR-main\dataset\train\foam\foam_0663.png
foam_0664.png,foam,2,train,C:\Users\hs085\Downloads\MICROPLASTIC_DETECTOR-main\MICROPLASTIC_DETECTOR-main\dataset\train\foam\foam_0664.png
foam_0665.png,foam,2,train,C:\Users\hs085\Downloads\MICROPLASTIC_DETECTOR-main\MICROPLASTIC_DETECTOR-main\dataset\train\foam\foam_0665.png
foam_0666.png,foam,2,train,C:\Users\hs085\Downloads\MICROPLASTIC_DETECTOR-main\MICROPLASTIC_DETECTOR-main\dataset\train\foam\foam_0666.png
foam_0667.png,foam,2,train,C:\Users\hs085\Downloads\MICROPLASTIC_DETECTOR-main\MICROPLASTIC_DETECTOR-main\dataset\train\foam\foam_0667.png
foam_0668.png,foam,2,train,C:\Users\hs085\Downloads\MICROPLASTIC_DETECTOR-main\MICROPLASTIC_DETECTOR-main\dataset\train\foam\foam_0668.png
foam_0669.png,foam,2,train,C:\Users\hs085\Downloads\MICROPLASTIC_DETECTOR-main\MICROPLASTIC_DETECTOR-main\dataset\train\foam\foam_0669.png
foam_0670.png,foam,2,train,C:\Users\hs085\Downloads\MICROPLASTIC_DETECTOR-main\MICROPLASTIC_DETECTOR-main\dataset\train\foam\foam_0670.png
foam_0671.png,foam,2,train,C:\Users\hs085\Downloads\MICROPLASTIC_DETECTOR-main\MICROPLASTIC_DETECTOR-main\dataset\train\foam\foam_0671.png
foam_0672.png,foam,2,train,C:\Users\hs085\Downloads\MICROPLASTIC_DETECTOR-main\MICROPLASTIC_DETECTOR-main\dataset\train\foam\foam_0672.png
foam_0673.png,foam,2,train,C:\Users\hs085\Downloads\MICROPLASTIC_DETECTOR-main\MICROPLASTIC_DETECTOR-main\dataset\train\foam\foam_0673.png
foam_0674.png,foam,2,train,C:\Users\hs085\Downloads\MICROPLASTIC_DETECTOR-main\MICROPLASTIC_DETECTOR-main\dataset\train\foam\foam_0674.png
foam_0675.png,foam,2,train,C:\Users\hs085\Downloads\MICROPLASTIC_DETECTOR-main\MICROPLASTIC_DETECTOR-main\dataset\train\foam\foam_0675.png
foam_0676.png,foam,2,train,C:\Users\hs085\Downloads\MICROPLASTIC_DETECTOR-main\MICROPLASTIC_DETECTOR-main\dataset\train\foam\foam_0676.png
foam_0677.png,foam,2,train,C:\Users\hs085\Downloads\MICROPLASTIC_DETECTOR-main\MICROPLASTIC_DETECTOR-main\dataset\train\foam\foam_0677.png
foam_0678.png,foam,2,train,C:\Users\hs085\Downloads\MICROPLASTIC_DETECTOR-main\MICROPLASTIC_DETECTOR-main\dataset\train\foam\foam_0678.png
foam_0679.png,foam,2,train,C:\Users\hs085\Downloads\MICROPLASTIC_DETECTOR-main\MICROPLASTIC_DETECTOR-main\dataset\train\foam\foam_0679.png
foam_0680.png,foam,2,test,C:\Users\hs085\Downloads\MICROPLASTIC_DETECTOR-main\MICROPLASTIC_DETECTOR-main\dataset\test\foam\foam_0680.png
foam_0681.png,foam,2,test,C:\Users\hs085\Downloads\MICROPLASTIC_DETECTOR-main\MICROPLASTIC_DETECTOR-main\dataset\test\foam\foam_0681.png
foam_0682.png,foam,2,test,C:\Users\hs085\Downloads\MICROPLASTIC_DETECTOR-main\MICROPLASTIC_DETECTOR-main\dataset\test\foam\foam_0682.png
foam_0683.png,foam,2,test,C:\Users\hs085\Downloads\MICROPLASTIC_DETECTOR-main\MICROPLASTIC_DETECTOR-main\dataset\test\foam\foam_0683.png
foam_0684.png,foam,2,test,C:\Users\hs085\Downloads\MICROPLASTIC_DETECTOR-main\MICROPLASTIC_DETECTOR-main\dataset\test\foam\foam_0684.png
foam_0685.png,foam,2,test,C:\Users\hs085\Downloads\MICROPLASTIC_DETECTOR-main\MICROPLASTIC_DETECTOR-main\dataset\test\foam\foam_0685.png
foam_0686.png,foam,2,test,C:\Users\hs085\Downloads\MICROPLASTIC_DETECTOR-main\MICROPLASTIC_DETECTOR-main\dataset\test\foam\foam_0686.png
foam_0687.png,foam,2,test,C:\Users\hs085\Downloads\MICROPLASTIC_DETECTOR-main\MICROPLASTIC_DETECTOR-main\dataset\test\foam\foam_0687.png
foam_0688.png,foam,2,test,C:\Users\hs085\Downloads\MICROPLASTIC_DETECTOR-main\MICROPLASTIC_DETECTOR-main\dataset\test\foam\foam_0688.png
foam_0689.png,foam,2,test,C:\Users\hs085\Downloads\MICROPLASTIC_DETECTOR-main\MICROPLASTIC_DETECTOR-main\dataset\test\foam\foam_0689.png
foam_0690.png,foam,2,test,C:\Users\hs085\Downloads\MICROPLASTIC_DETECTOR-main\MICROPLASTIC_DETECTOR-main\dataset\test\foam\foam_0690.png
foam_0691.png,foam,2,test,C:\Users\hs085\Downloads\MICROPLASTIC_DETECTOR-main\MICROPLASTIC_DETECTOR-main\dataset\test\foam\foam_0691.png
foam_0692.png,foam,2,test,C:\Users\hs085\Downloads\MICROPLASTIC_DETECTOR-main\MICROPLASTIC_DETECTOR-main\dataset\test\foam\foam_0692.png
foam_0693.png,foam,2,test,C:\Users\hs085\Downloads\MICROPLASTIC_DETECTOR-main\MICROPLASTIC_DETECTOR-main\dataset\test\foam\foam_0693.png
foam_0694.png,foam,2,test,C:\Users\hs085\Downloads\MICROPLASTIC_DETECTOR-main\MICROPLASTIC_DETECTOR-main\dataset\test\foam\foam_0694.png
foam_0695.png,foam,2,test,C:\Users\hs085\Downloads\MICROPLASTIC_DETECTOR-main\MICROPLASTIC_DETECTOR-main\dataset\test\foam\foam_0695.png
foam_0696.png,foam,2,test,C:\Users\hs085\Downloads\MICROPLASTIC_DETECTOR-main\MICROPLASTIC_DETECTOR-main\dataset\test\foam\foam_0696.png
foam_0697.png,foam,2,test,C:\Users\hs085\Downloads\MICROPLASTIC_DETECTOR-main\MICROPLASTIC_DETECTOR-main\dataset\test\foam\foam_0697.png
foam_0698.png,foam,2,test,C:\Users\hs085\Downloads\MICROPLASTIC_DETECTOR-main\MICROPLASTIC_DETECTOR-main\dataset\test\foam\foam_0698.png
foam_0699.png,foam,2,test,C:\Users\hs085\Downloads\MICROPLASTIC_DETECTOR-main\MICROPLASTIC_DETECTOR-main\dataset\test\foam\foam_0699.png
foam_0700.png,foam,2,test,C:\Users\hs085\Downloads\MICROPLASTIC_DETECTOR-main\MICROPLASTIC_DETECTOR-main\dataset\test\foam\foam_0700.png
foam_0701.png,foam,2,test,C:\Users\hs085\Downloads\MICROPLASTIC_DETECTOR-main\MICROPLASTIC_DETECTOR-main\dataset\test\foam\foam_0701.png
foam_0702.png,foam,2,test,C:\Users\hs085\Downloads\MICROPLASTIC_DETECTOR-main\MICROPLASTIC_DETECTOR-main\dataset\test\foam\foam_0702.png
foam_0703.png,foam,2,test,C:\Users\hs085\Downloads\MICROPLASTIC_DETECTOR-main\MICROPLASTIC_DETECTOR-main\dataset\test\foam\foam_0703.png
foam_0704.png,foam,2,test,C:\Users\hs085\Downloads\MICROPLASTIC_DETECTOR-main\MICROPLASTIC_DETECTOR-main\dataset\test\foam\foam_0704.png
foam_0705.png,foam,2,test,C:\Users\hs085\Downloads\MICROPLASTIC_DETECTOR-main\MICROPLASTIC_DETECTOR-main\dataset\test\foam\foam_0705.png
foam_0706.png,foam,2,test,C:\Users\hs085\Downloads\MICROPLASTIC_DETECTOR-main\MICROPLASTIC_DETECTOR-main\dataset\test\foam\foam_0706.png
foam_0707.png,foam,2,test,C:\Users\hs085\Downloads\MICROPLASTIC_DETECTOR-main\MICROPLASTIC_DETECTOR-main\dataset\test\foam\foam_0707.png
foam_0708.png,foam,2,test,C:\Users\hs085\Downloads\MICROPLASTIC_DETECTOR-main\MICROPLASTIC_DETECTOR-main\dataset\test\foam\foam_0708.png
foam_0709.png,foam,2,test,C:\Users\hs085\Downloads\MICROPLASTIC_DETECTOR-main\MICROPLASTIC_DETECTOR-main\dataset\test\foam\foam_0709.png
foam_0710.png,foam,2,test,C:\Users\hs085\Downloads\MICROPLASTIC_DETECTOR-main\MICROPLASTIC_DETECTOR-main\dataset\test\foam\foam_0710.png
foam_0711.png,foam,2,test,C:\Users\hs085\Downloads\MICROPLASTIC_DETECTOR-main\MICROPLASTIC_DETECTOR-main\dataset\test\foam\foam_0711.png
foam_0712.png,foam,2,test,C:\Users\hs085\Downloads\MICROPLASTIC_DETECTOR-main\MICROPLASTIC_DETECTOR-main\dataset\test\foam\foam_0712.png
foam_0713.png,foam,2,test,C:\Users\hs085\Downloads\MICROPLASTIC_DETECTOR-main\MICROPLASTIC_DETECTOR-main\dataset\test\foam\foam_0713.png
foam_0714.png,foam,2,test,C:\Users\hs085\Downloads\MICROPLASTIC_DETECTOR-main\MICROPLASTIC_DETECTOR-main\dataset\test\foam\foam_0714.png
foam_0715.png,foam,2,test,C:\Users\hs085\Downloads\MICROPLASTIC_DETECTOR-main\MICROPLASTIC_DETECTOR-main\dataset\test\foam\foam_0715.png
foam_0716.png,foam,2,test,C:\Users\hs085\Downloads\MICROPLASTIC_DETECTOR-main\MICROPLASTIC_DETECTOR-main\dataset\test\foam\foam_0716.png
foam_0717.png,foam,2,test,C:\Users\hs085\Downloads\MICROPLASTIC_DETECTOR-main\MICROPLASTIC_DETECTOR-main\dataset\test\foam\foam_0717.png
foam_0718.png,foam,2,test,C:\Users\hs085\Downloads\MICROPLASTIC_DETECTOR-main\MICROPLASTIC_DETECTOR-main\dataset\test\foam\foam_0718.png
foam_0719.png,foam,2,test,C:\Users\hs085\Downloads\MICROPLASTIC_DETECTOR-main\MICROPLASTIC_DETECTOR-main\dataset\test\foam\foam_0719.png
foam_0720.png,foam,2,test,C:\Users\hs085\Downloads\MICROPLASTIC_DETECTOR-main\MICROPLASTIC_DETECTOR-main\dataset\test\foam\foam_0720.png
foam_0721.png,foam,2,test,C:\Users\hs085\Downloads\MICROPLASTIC_DETECTOR-main\MICROPLASTIC_DETECTOR-main\dataset\test\foam\foam_0721.png
foam_0722.png,foam,2,test,C:\Users\hs085\Downloads\MICROPLASTIC_DETECTOR-main\MICROPLASTIC_DETECTOR-main\dataset\test\foam\foam_0722.png
foam_0723.png,foam,2,test,C:\Users\hs085\Downloads\MICROPLASTIC_DETECTOR-main\MICROPLASTIC_DETECTOR-main\dataset\test\foam\foam_0723.png
foam_0724.png,foam,2,test,C:\Users\hs085\Downloads\MICROPLASTIC_DETECTOR-main\MICROPLASTIC_DETECTOR-main\dataset\test\foam\foam_0724.png
foam_0725.png,foam,2,test,C:\Users\hs085\Downloads\MICROPLASTIC_DETECTOR-main\MICROPLASTIC_DETECTOR-main\dataset\test\foam\foam_0725.png
foam_0726.png,foam,2,test,C:\Users\hs085\Downloads\MICROPLASTIC_DETECTOR-main\MICROPLASTIC_DETECTOR-main\dataset\test\foam\foam_0726.png
foam_0727.png,foam,2,test,C:\Users\hs085\Downloads\MICROPLASTIC_DETECTOR-main\MICROPLASTIC_DETECTOR-main\dataset\test\foam\foam_0727.png
foam_0728.png,foam,2,test,C:\Users\hs085\Downloads\MICROPLASTIC_DETECTOR-main\MICROPLASTIC_DETECTOR-main\dataset\test\foam\foam_0728.png
foam_0729.png,foam,2,test,C:\Users\hs085\Downloads\MICROPLASTIC_DETECTOR-main\MICROPLASTIC_DETECTOR-main\dataset\test\foam\foam_0729.png
foam_0730.png,foam,2,test,C:\Users\hs085\Downloads\MICROPLASTIC_DETECTOR-main\MICROPLASTIC_DETECTOR-main\dataset\test\foam\foam_0730.png
foam_0731.png,foam,2,test,C:\Users\hs085\Downloads\MICROPLASTIC_DETECTOR-main\MICROPLASTIC_DETECTOR-main\dataset\test\foam\foam_0731.png
foam_0732.png,foam,2,test,C:\Users\hs085\Downloads\MICROPLASTIC_DETECTOR-main\MICROPLASTIC_DETECTOR-main\dataset\test\foam\foam_0732.png
foam_0733.png,foam,2,test,C:\Users\hs085\Downloads\MICROPLASTIC_DETECTOR-main\MICROPLASTIC_DETECTOR-main\dataset\test\foam\foam_0733.png
foam_0734.png,foam,2,test,C:\Users\hs085\Downloads\MICROPLASTIC_DETECTOR-main\MICROPLASTIC_DETECTOR-main\dataset\test\foam\foam_0734.png
foam_0735.png,foam,2,test,C:\Users\hs085\Downloads\MICROPLASTIC_DETECTOR-main\MICROPLASTIC_DETECTOR-main\dataset\test\foam\foam_0735.png
foam_0736.png,foam,2,test,C:\Users\hs085\Downloads\MICROPLASTIC_DETECTOR-main\MICROPLASTIC_DETECTOR-main\dataset\test\foam\foam_0736.png
foam_0737.png,foam,2,test,C:\Users\hs085\Downloads\MICROPLASTIC_DETECTOR-main\MICROPLASTIC_DETECTOR-main\dataset\test\foam\foam_0737.png
foam_0738.png,foam,2,test,C:\Users\hs085\Downloads\MICROPLASTIC_DETECTOR-main\MICROPLASTIC_DETECTOR-main\dataset\test\foam\foam_0738.png
foam_0739.png,foam,2,test,C:\Users\hs085\Downloads\MICROPLASTIC_DETECTOR-main\MICROPLASTIC_DETECTOR-main\dataset\test\foam\foam_0739.png
foam_0740.png,foam,2,test,C:\Users\hs085\Downloads\MICROPLASTIC_DETECTOR-main\MICROPLASTIC_DETECTOR-main\dataset\test\foam\foam_0740.png
foam_0741.png,foam,2,test,C:\Users\hs085\Downloads\MICROPLASTIC_DETECTOR-main\MICROPLASTIC_DETECTOR-main\dataset\test\foam\foam_0741.png
foam_0742.png,foam,2,test,C:\Users\hs085\Downloads\MICROPLASTIC_DETECTOR-main\MICROPLASTIC_DETECTOR-main\dataset\test\foam\foam_0742.png
foam_0743.png,foam,2,test,C:\Users\hs085\Downloads\MICROPLASTIC_DETECTOR-main\MICROPLASTIC_DETECTOR-main\dataset\test\foam\foam_0743.png
foam_0744.png,foam,2,test,C:\Users\hs085\Downloads\MICROPLASTIC_DETECTOR-main\MICROPLASTIC_DETECTOR-main\dataset\test\foam\foam_0744.png
foam_0745.png,foam,2,test,C:\Users\hs085\Downloads\MICROPLASTIC_DETECTOR-main\MICROPLASTIC_DETECTOR-main\dataset\test\foam\foam_0745.png
foam_0746.png,foam,2,test,C:\Users\hs085\Downloads\MICROPLASTIC_DETECTOR-main\MICROPLASTIC_DETECTOR-main\dataset\test\foam\foam_0746.png
foam_0747.png,foam,2,test,C:\Users\hs085\Downloads\MICROPLASTIC_DETECTOR-main\MICROPLASTIC_DETECTOR-main\dataset\test\foam\foam_0747.png
foam_0748.png,foam,2,test,C:\Users\hs085\Downloads\MICROPLASTIC_DETECTOR-main\MICROPLASTIC_DETECTOR-main\dataset\test\foam\foam_0748.png
foam_0749.png,foam,2,test,C:\Users\hs085\Downloads\MICROPLASTIC_DETECTOR-main\MICROPLASTIC_DETECTOR-main\dataset\test\foam\foam_0749.png
foam_0750.png,foam,2,test,C:\Users\hs085\Downloads\MICROPLASTIC_DETECTOR-main\MICROPLASTIC_DETECTOR-main\dataset\test\foam\foam_0750.png
foam_0751.png,foam,2,test,C:\Users\hs085\Downloads\MICROPLASTIC_DETECTOR-main\MICROPLASTIC_DETECTOR-main\dataset\test\foam\foam_0751.png
foam_0752.png,foam,2,test,C:\Users\hs085\Downloads\MICROPLASTIC_DETECTOR-main\MICROPLASTIC_DETECTOR-main\dataset\test\foam\foam_0752.png
foam_0753.png,foam,2,test,C:\Users\hs085\Downloads\MICROPLASTIC_DETECTOR-main\MICROPLASTIC_DETECTOR-main\dataset\test\foam\foam_0753.png
foam_0754.png,foam,2,test,C:\Users\hs085\Downloads\MICROPLASTIC_DETECTOR-main\MICROPLASTIC_DETECTOR-main\dataset\test\foam\foam_0754.png
foam_0755.png,foam,2,test,C:\Users\hs085\Downloads\MICROPLASTIC_DETECTOR-main\MICROPLASTIC_DETECTOR-main\dataset\test\foam\foam_0755.png
foam_0756.png,foam,2,test,C:\Users\hs085\Downloads\MICROPLASTIC_DETECTOR-main\MICROPLASTIC_DETECTOR-main\dataset\test\foam\foam_0756.png
foam_0757.png,foam,2,test,C:\Users\hs085\Downloads\MICROPLASTIC_DETECTOR-main\MICROPLASTIC_DETECTOR-main\dataset\test\foam\foam_0757.png
foam_0758.png,foam,2,test,C:\Users\hs085\Downloads\MICROPLASTIC_DETECTOR-main\MICROPLASTIC_DETECTOR-main\dataset\test\foam\foam_0758.png
foam_0759.png,foam,2,test,C:\Users\hs085\Downloads\MICROPLASTIC_DETECTOR-main\MICROPLASTIC_DETECTOR-main\dataset\test\foam\foam_0759.png
foam_0760.png,foam,2,test,C:\Users\hs085\Downloads\MICROPLASTIC_DETECTOR-main\MICROPLASTIC_DETECTOR-main\dataset\test\foam\foam_0760.png
foam_0761.png,foam,2,test,C:\Users\hs085\Downloads\MICROPLASTIC_DETECTOR-main\MICROPLASTIC_DETECTOR-main\dataset\test\foam\foam_0761.png
foam_0762.png,foam,2,test,C:\Users\hs085\Downloads\MICROPLASTIC_DETECTOR-main\MICROPLASTIC_DETECTOR-main\dataset\test\foam\foam_0762.png
foam_0763.png,foam,2,test,C:\Users\hs085\Downloads\MICROPLASTIC_DETECTOR-main\MICROPLASTIC_DETECTOR-main\dataset\test\foam\foam_0763.png
foam_0764.png,foam,2,test,C:\Users\hs085\Downloads\MICROPLASTIC_DETECTOR-main\MICROPLASTIC_DETECTOR-main\dataset\test\foam\foam_0764.png
foam_0765.png,foam,2,test,C:\Users\hs085\Downloads\MICROPLASTIC_DETECTOR-main\MICROPLASTIC_DETECTOR-main\dataset\test\foam\foam_0765.png
foam_0766.png,foam,2,test,C:\Users\hs085\Downloads\MICROPLASTIC_DETECTOR-main\MICROPLASTIC_DETECTOR-main\dataset\test\foam\foam_0766.png
foam_0767.png,foam,2,test,C:\Users\hs085\Downloads\MICROPLASTIC_DETECTOR-main\MICROPLASTIC_DETECTOR-main\dataset\test\foam\foam_0767.png
foam_0768.png,foam,2,test,C:\Users\hs085\Downloads\MICROPLASTIC_DETECTOR-main\MICROPLASTIC_DETECTOR-main\dataset\test\foam\foam_0768.png
foam_0769.png,foam,2,test,C:\Users\hs085\Downloads\MICROPLASTIC_DETECTOR-main\MICROPLASTIC_DETECTOR-main\dataset\test\foam\foam_0769.png
foam_0770.png,foam,2,test,C:\Users\hs085\Downloads\MICROPLASTIC_DETECTOR-main\MICROPLASTIC_DETECTOR-main\dataset\test\foam\foam_0770.png
foam_0771.png,foam,2,test,C:\Users\hs085\Downloads\MICROPLASTIC_DETECTOR-main\MICROPLASTIC_DETECTOR-main\dataset\test\foam\foam_0771.png
foam_0772.png,foam,2,test,C:\Users\hs085\Downloads\MICROPLASTIC_DETECTOR-main\MICROPLASTIC_DETECTOR-main\dataset\test\foam\foam_0772.png
foam_0773.png,foam,2,test,C:\Users\hs085\Downloads\MICROPLASTIC_DETECTOR-main\MICROPLASTIC_DETECTOR-main\dataset\test\foam\foam_0773.png
foam_0774.png,foam,2,test,C:\Users\hs085\Downloads\MICROPLASTIC_DETECTOR-main\MICROPLASTIC_DETECTOR-main\dataset\test\foam\foam_0774.png
foam_0775.png,foam,2,test,C:\Users\hs085\Downloads\MICROPLASTIC_DETECTOR-main\MICROPLASTIC_DETECTOR-main\dataset\test\foam\foam_0775.png
foam_0776.png,foam,2,test,C:\Users\hs085\Downloads\MICROPLASTIC_DETECTOR-main\MICROPLASTIC_DETECTOR-main\dataset\test\foam\foam_0776.png
foam_0777.png,foam,2,test,C:\Users\hs085\Downloads\MICROPLASTIC_DETECTOR-main\MICROPLASTIC_DETECTOR-main\dataset\test\foam\foam_0777.png
foam_0778.png,foam,2,test,C:\Users\hs085\Downloads\MICROPLASTIC_DETECTOR-main\MICROPLASTIC_DETECTOR-main\dataset\test\foam\foam_0778.png
foam_0779.png,foam,2,test,C:\Users\hs085\Downloads\MICROPLASTIC_DETECTOR-main\MICROPLASTIC_DETECTOR-main\dataset\test\foam\foam_0779.png
foam_0780.png,foam,2,test,C:\Users\hs085\Downloads\MICROPLASTIC_DETECTOR-main\MICROPLASTIC_DETECTOR-main\dataset\test\foam\foam_0780.png
foam_0781.png,foam,2,test,C:\Users\hs085\Downloads\MICROPLASTIC_DETECTOR-main\MICROPLASTIC_DETECTOR-main\dataset\test\foam\foam_0781.png
foam_0782.png,foam,2,test,C:\Users\hs085\Downloads\MICROPLASTIC_DETECTOR-main\MICROPLASTIC_DETECTOR-main\dataset\test\foam\foam_0782.png
foam_0783.png,foam,2,test,C:\Users\hs085\Downloads\MICROPLASTIC_DETECTOR-main\MICROPLASTIC_DETECTOR-main\dataset\test\foam\foam_0783.png
foam_0784.png,foam,2,test,C:\Users\hs085\Downloads\MICROPLASTIC_DETECTOR-main\MICROPLASTIC_DETECTOR-main\dataset\test\foam\foam_0784.png
foam_0785.png,foam,2,test,C:\Users\hs085\Downloads\MICROPLASTIC_DETECTOR-main\MICROPLASTIC_DETECTOR-main\dataset\test\foam\foam_0785.png
foam_0786.png,foam,2,test,C:\Users\hs085\Downloads\MICROPLASTIC_DETECTOR-main\MICROPLASTIC_DETECTOR-main\dataset\test\foam\foam_0786.png
foam_0787.png,foam,2,test,C:\Users\hs085\Downloads\MICROPLASTIC_DETECTOR-main\MICROPLASTIC_DETECTOR-main\dataset\test\foam\foam_0787.png
foam_0788.png,foam,2,test,C:\Users\hs085\Downloads\MICROPLASTIC_DETECTOR-main\MICROPLASTIC_DETECTOR-main\dataset\test\foam\foam_0788.png
foam_0789.png,foam,2,test,C:\Users\hs085\Downloads\MICROPLASTIC_DETECTOR-main\MICROPLASTIC_DETECTOR-main\dataset\test\foam\foam_0789.png
foam_0790.png,foam,2,test,C:\Users\hs085\Downloads\MICROPLASTIC_DETECTOR-main\MICROPLASTIC_DETECTOR-main\dataset\test\foam\foam_0790.png
foam_0791.png,foam,2,test,C:\Users\hs085\Downloads\MICROPLASTIC_DETECTOR-main\MICROPLASTIC_DETECTOR-main\dataset\test\foam\foam_0791.png
foam_0792.png,foam,2,test,C:\Users\hs085\Downloads\MICROPLASTIC_DETECTOR-main\MICROPLASTIC_DETECTOR-main\dataset\test\foam\foam_0792.png
foam_0793.png,foam,2,test,C:\Users\hs085\Downloads\MICROPLASTIC_DETECTOR-main\MICROPLASTIC_DETECTOR-main\dataset\test\foam\foam_0793.png
foam_0794.png,foam,2,test,C:\Users\hs085\Downloads\MICROPLASTIC_DETECTOR-main\MICROPLASTIC_DETECTOR-main\dataset\test\foam\foam_0794.png
foam_0795.png,foam,2,test,C:\Users\hs085\Downloads\MICROPLASTIC_DETECTOR-main\MICROPLASTIC_DETECTOR-main\dataset\test\foam\foam_0795.png
foam_0796.png,foam,2,test,C:\Users\hs085\Downloads\MICROPLASTIC_DETECTOR-main\MICROPLASTIC_DETECTOR-main\dataset\test\foam\foam_0796.png
foam_0797.png,foam,2,test,C:\Users\hs085\Downloads\MICROPLASTIC_DETECTOR-main\MICROPLASTIC_DETECTOR-main\dataset\test\foam\foam_0797.png
foam_0798.png,foam,2,test,C:\Users\hs085\Downloads\MICROPLASTIC_DETECTOR-main\MICROPLASTIC_DETECTOR-main\dataset\test\foam\foam_0798.png
foam_0799.png,foam,2,test,C:\Users\hs085\Downloads\MICROPLASTIC_DETECTOR-main\MICROPLASTIC_DETECTOR-main\dataset\test\foam\foam_0799.png
foam_0800.png,foam,2,test,C:\Users\hs085\Downloads\MICROPLASTIC_DETECTOR-main\MICROPLASTIC_DETECTOR-main\dataset\test\foam\foam_0800.png
foam_0801.png,foam,2,test,C:\Users\hs085\Downloads\MICROPLASTIC_DETECTOR-main\MICROPLASTIC_DETECTOR-main\dataset\test\foam\foam_0801.png
foam_0802.png,foam,2,test,C:\Users\hs085\Downloads\MICROPLASTIC_DETECTOR-main\MICROPLASTIC_DETECTOR-main\dataset\test\foam\foam_0802.png
foam_0803.png,foam,2,test,C:\Users\hs085\Downloads\MICROPLASTIC_DETECTOR-main\MICROPLASTIC_DETECTOR-main\dataset\test\foam\foam_0803.png
foam_0804.png,foam,2,test,C:\Users\hs085\Downloads\MICROPLASTIC_DETECTOR-main\MICROPLASTIC_DETECTOR-main\dataset\test\foam\foam_0804.png
foam_0805.png,foam,2,test,C:\Users\hs085\Downloads\MICROPLASTIC_DETECTOR-main\MICROPLASTIC_DETECTOR-main\dataset\test\foam\foam_0805.png
foam_0806.png,foam,2,test,C:\Users\hs085\Downloads\MICROPLASTIC_DETECTOR-main\MICROPLASTIC_DETECTOR-main\dataset\test\foam\foam_0806.png
foam_0807.png,foam,2,test,C:\Users\hs085\Downloads\MICROPLASTIC_DETECTOR-main\MICROPLASTIC_DETECTOR-main\dataset\test\foam\foam_0807.png
foam_0808.png,foam,2,test,C:\Users\hs085\Downloads\MICROPLASTIC_DETECTOR-main\MICROPLASTIC_DETECTOR-main\dataset\test\foam\foam_0808.png
foam_0809.png,foam,2,test,C:\Users\hs085\Downloads\MICROPLASTIC_DETECTOR-main\MICROPLASTIC_DETECTOR-main\dataset\test\foam\foam_0809.png
foam_0810.png,foam,2,test,C:\Users\hs085\Downloads\MICROPLASTIC_DETECTOR-main\MICROPLASTIC_DETECTOR-main\dataset\test\foam\foam_0810.png
foam_0811.png,foam,2,test,C:\Users\hs085\Downloads\MICROPLASTIC_DETECTOR-main\MICROPLASTIC_DETECTOR-main\dataset\test\foam\foam_0811.png
foam_0812.png,foam,2,test,C:\Users\hs085\Downloads\MICROPLASTIC_DETECTOR-main\MICROPLASTIC_DETECTOR-main\dataset\test\foam\foam_0812.png
foam_0813.png,foam,2,test,C:\Users\hs085\Downloads\MICROPLASTIC_DETECTOR-main\MICROPLASTIC_DETECTOR-main\dataset\test\foam\foam_0813.png
foam_0814.png,foam,2,test,C:\Users\hs085\Downloads\MICROPLASTIC_DETECTOR-main\MICROPLASTIC_DETECTOR-main\dataset\test\foam\foam_0814.png
foam_0815.png,foam,2,test,C:\Users\hs085\Downloads\MICROPLASTIC_DETECTOR-main\MICROPLASTIC_DETECTOR-main\dataset\test\foam\foam_0815.png
foam_0816.png,foam,2,test,C:\Users\hs085\Downloads\MICROPLASTIC_DETECTOR-main\MICROPLASTIC_DETECTOR-main\dataset\test\foam\foam_0816.png
foam_0817.png,foam,2,test,C:\Users\hs085\Downloads\MICROPLASTIC_DETECTOR-main\MICROPLASTIC_DETECTOR-main\dataset\test\foam\foam_0817.png
foam_0818.png,foam,2,test,C:\Users\hs085\Downloads\MICROPLASTIC_DETECTOR-main\MICROPLASTIC_DETECTOR-main\dataset\test\foam\foam_0818.png
foam_0819.png,foam,2,test,C:\Users\hs085\Downloads\MICROPLASTIC_DETECTOR-main\MICROPLASTIC_DETECTOR-main\dataset\test\foam\foam_0819.png
foam_0820.png,foam,2,test,C:\Users\hs085\Downloads\MICROPLASTIC_DETECTOR-main\MICROPLASTIC_DETECTOR-main\dataset\test\foam\foam_0820.png
foam_0821.png,foam,2,test,C:\Users\hs085\Downloads\MICROPLASTIC_DETECTOR-main\MICROPLASTIC_DETECTOR-main\dataset\test\foam\foam_0821.png
foam_0822.png,foam,2,test,C:\Users\hs085\Downloads\MICROPLASTIC_DETECTOR-main\MICROPLASTIC_DETECTOR-main\dataset\test\foam\foam_0822.png
foam_0823.png,foam,2,test,C:\Users\hs085\Downloads\MICROPLASTIC_DETECTOR-main\MICROPLASTIC_DETECTOR-main\dataset\test\foam\foam_0823.png
foam_0824.png,foam,2,test,C:\Users\hs085\Downloads\MICROPLASTIC_DETECTOR-main\MICROPLASTIC_DETECTOR-main\dataset\test\foam\foam_0824.png
foam_0825.png,foam,2,test,C:\Users\hs085\Downloads\MICROPLASTIC_DETECTOR-main\MICROPLASTIC_DETECTOR-main\dataset\test\foam\foam_0825.png
foam_0826.png,foam,2,test,C:\Users\hs085\Downloads\MICROPLASTIC_DETECTOR-main\MICROPLASTIC_DETECTOR-main\dataset\test\foam\foam_0826.png
foam_0827.png,foam,2,test,C:\Users\hs085\Downloads\MICROPLASTIC_DETECTOR-main\MICROPLASTIC_DETECTOR-main\dataset\test\foam\foam_0827.png
foam_0828.png,foam,2,test,C:\Users\hs085\Downloads\MICROPLASTIC_DETECTOR-main\MICROPLASTIC_DETECTOR-main\dataset\test\foam\foam_0828.png
foam_0829.png,foam,2,test,C:\Users\hs085\Downloads\MICROPLASTIC_DETECTOR-main\MICROPLASTIC_DETECTOR-main\dataset\test\foam\foam_0829.png
foam_0830.png,foam,2,test,C:\Users\hs085\Downloads\MICROPLASTIC_DETECTOR-main\MICROPLASTIC_DETECTOR-main\dataset\test\foam\foam_0830.png
foam_0831.png,foam,2,test,C:\Users\hs085\Downloads\MICROPLASTIC_DETECTOR-main\MICROPLASTIC_DETECTOR-main\dataset\test\foam\foam_0831.png
foam_0832.png,foam,2,test,C:\Users\hs085\Downloads\MICROPLASTIC_DETECTOR-main\MICROPLASTIC_DETECTOR-main\dataset\test\foam\foam_0832.png
foam_0833.png,foam,2,test,C:\Users\hs085\Downloads\MICROPLASTIC_DETECTOR-main\MICROPLASTIC_DETECTOR-main\dataset\test\foam\foam_0833.png
foam_0834.png,foam,2,test,C:\Users\hs085\Downloads\MICROPLASTIC_DETECTOR-main\MICROPLASTIC_DETECTOR-main\dataset\test\foam\foam_0834.png
foam_0835.png,foam,2,test,C:\Users\hs085\Downloads\MICROPLASTIC_DETECTOR-main\MICROPLASTIC_DETECTOR-main\dataset\test\foam\foam_0835.png
foam_0836.png,foam,2,test,C:\Users\hs085\Downloads\MICROPLASTIC_DETECTOR-main\MICROPLASTIC_DETECTOR-main\dataset\test\foam\foam_0836.png
foam_0837.png,foam,2,test,C:\Users\hs085\Downloads\MICROPLASTIC_DETECTOR-main\MICROPLASTIC_DETECTOR-main\dataset\test\foam\foam_0837.png
foam_0838.png,foam,2,test,C:\Users\hs085\Downloads\MICROPLASTIC_DETECTOR-main\MICROPLASTIC_DETECTOR-main\dataset\test\foam\foam_0838.png
foam_0839.png,foam,2,test,C:\Users\hs085\Downloads\MICROPLASTIC_DETECTOR-main\MICROPLASTIC_DETECTOR-main\dataset\test\foam\foam_0839.png
foam_0840.png,foam,2,test,C:\Users\hs085\Downloads\MICROPLASTIC_DETECTOR-main\MICROPLASTIC_DETECTOR-main\dataset\test\foam\foam_0840.png
foam_0841.png,foam,2,test,C:\Users\hs085\Downloads\MICROPLASTIC_DETECTOR-main\MICROPLASTIC_DETECTOR-main\dataset\test\foam\foam_0841.png
foam_0842.png,foam,2,test,C:\Users\hs085\Downloads\MICROPLASTIC_DETECTOR-main\MICROPLASTIC_DETECTOR-main\dataset\test\foam\foam_0842.png
foam_0843.png,foam,2,test,C:\Users\hs085\Downloads\MICROPLASTIC_DETECTOR-main\MICROPLASTIC_DETECTOR-main\dataset\test\foam\foam_0843.png
foam_0844.png,foam,2,test,C:\Users\hs085\Downloads\MICROPLASTIC_DETECTOR-main\MICROPLASTIC_DETECTOR-main\dataset\test\foam\foam_0844.png
foam_0845.png,foam,2,test,C:\Users\hs085\Downloads\MICROPLASTIC_DETECTOR-main\MICROPLASTIC_DETECTOR-main\dataset\test\foam\foam_0845.png
foam_0846.png,foam,2,test,C:\Users\hs085\Downloads\MICROPLASTIC_DETECTOR-main\MICROPLASTIC_DETECTOR-main\dataset\test\foam\foam_0846.png
foam_0847.png,foam,2,test,C:\Users\hs085\Downloads\MICROPLASTIC_DETECTOR-main\MICROPLASTIC_DETECTOR-main\dataset\test\foam\foam_0847.png
foam_0848.png,foam,2,test,C:\Users\hs085\Downloads\MICROPLASTIC_DETECTOR-main\MICROPLASTIC_DETECTOR-main\dataset\test\foam\foam_0848.png
foam_0849.png,foam,2,test,C:\Users\hs085\Downloads\MICROPLASTIC_DETECTOR-main\MICROPLASTIC_DETECTOR-main\dataset\test\foam\foam_0849.png
fragment_0000.png,fragment,3,train,C:\Users\hs085\Downloads\MICROPLASTIC_DETECTOR-main\MICROPLASTIC_DETECTOR-main\dataset\train\fragment\fragment_0000.png
fragment_0001.png,fragment,3,train,C:\Users\hs085\Downloads\MICROPLASTIC_DETECTOR-main\MICROPLASTIC_DETECTOR-main\dataset\train\fragment\fragment_0001.png
fragment_0002.png,fragment,3,train,C:\Users\hs085\Downloads\MICROPLASTIC_DETECTOR-main\MICROPLASTIC_DETECTOR-main\dataset\train\fragment\fragment_0002.png
fragment_0003.png,fragment,3,train,C:\Users\hs085\Downloads\MICROPLASTIC_DETECTOR-main\MICROPLASTIC_DETECTOR-main\dataset\train\fragment\fragment_0003.png
fragment_0004.png,fragment,3,train,C:\Users\hs085\Downloads\MICROPLASTIC_DETECTOR-main\MICROPLASTIC_DETECTOR-main\dataset\train\fragment\fragment_0004.png
fragment_0005.png,fragment,3,train,C:\Users\hs085\Downloads\MICROPLASTIC_DETECTOR-main\MICROPLASTIC_DETECTOR-main\dataset\train\fragment\fragment_0005.png
fragment_0006.png,fragment,3,train,C:\Users\hs085\Downloads\MICROPLASTIC_DETECTOR-main\MICROPLASTIC_DETECTOR-main\dataset\train\fragment\fragment_0006.png
fragment_0007.png,fragment,3,train,C:\Users\hs085\Downloads\MICROPLASTIC_DETECTOR-main\MICROPLASTIC_DETECTOR-main\dataset\train\fragment\fragment_0007.png
fragment_0008.png,fragment,3,train,C:\Users\hs085\Downloads\MICROPLASTIC_DETECTOR-main\MICROPLASTIC_DETECTOR-main\dataset\train\fragment\fragment_0008.png
fragment_0009.png,fragment,3,train,C:\Users\hs085\Downloads\MICROPLASTIC_DETECTOR-main\MICROPLASTIC_DETECTOR-main\dataset\train\fragment\fragment_0009.png
fragment_0010.png,fragment,3,train,C:\Users\hs085\Downloads\MICROPLASTIC_DETECTOR-main\MICROPLASTIC_DETECTOR-main\dataset\train\fragment\fragment_0010.png
fragment_0011.png,fragment,3,train,C:\Users\hs085\Downloads\MICROPLASTIC_DETECTOR-main\MICROPLASTIC_DETECTOR-main\dataset\train\fragment\fragment_0011.png
fragment_0012.png,fragment,3,train,C:\Users\hs085\Downloads\MICROPLASTIC_DETECTOR-main\MICROPLASTIC_DETECTOR-main\dataset\train\fragment\fragment_0012.png
fragment_0013.png,fragment,3,train,C:\Users\hs085\Downloads\MICROPLASTIC_DETECTOR-main\MICROPLASTIC_DETECTOR-main\dataset\train\fragment\fragment_0013.png
fragment_0014.png,fragment,3,train,C:\Users\hs085\Downloads\MICROPLASTIC_DETECTOR-main\MICROPLASTIC_DETECTOR-main\dataset\train\fragment\fragment_0014.png
fragment_0015.png,fragment,3,train,C:\Users\hs085\Downloads\MICROPLASTIC_DETECTOR-main\MICROPLASTIC_DETECTOR-main\dataset\train\fragment\fragment_0015.png
fragment_0016.png,fragment,3,train,C:\Users\hs085\Downloads\MICROPLASTIC_DETECTOR-main\MICROPLASTIC_DETECTOR-main\dataset\train\fragment\fragment_0016.png
fragment_0017.png,fragment,3,train,C:\Users\hs085\Downloads\MICROPLASTIC_DETECTOR-main\MICROPLASTIC_DETECTOR-main\dataset\train\fragment\fragment_0017.png
fragment_0018.png,fragment,3,train,C:\Users\hs085\Downloads\MICROPLASTIC_DETECTOR-main\MICROPLASTIC_DETECTOR-main\dataset\train\fragment\fragment_0018.png
fragment_0019.png,fragment,3,train,C:\Users\hs085\Downloads\MICROPLASTIC_DETECTOR-main\MICROPLASTIC_DETECTOR-main\dataset\train\fragment\fragment_0019.png
fragment_0020.png,fragment,3,train,C:\Users\hs085\Downloads\MICROPLASTIC_DETECTOR-main\MICROPLASTIC_DETECTOR-main\dataset\train\fragment\fragment_0020.png
fragment_0021.png,fragment,3,train,C:\Users\hs085\Downloads\MICROPLASTIC_DETECTOR-main\MICROPLASTIC_DETECTOR-main\dataset\train\fragment\fragment_0021.png
fragment_0022.png,fragment,3,train,C:\Users\hs085\Downloads\MICROPLASTIC_DETECTOR-main\MICROPLASTIC_DETECTOR-main\dataset\train\fragment\fragment_0022.png
fragment_0023.png,fragment,3,train,C:\Users\hs085\Downloads\MICROPLASTIC_DETECTOR-main\MICROPLASTIC_DETECTOR-main\dataset\train\fragment\fragment_0023.png
fragment_0024.png,fragment,3,train,C:\Users\hs085\Downloads\MICROPLASTIC_DETECTOR-main\MICROPLASTIC_DETECTOR-main\dataset\train\fragment\fragment_0024.png
fragment_0025.png,fragment,3,train,C:\Users\hs085\Downloads\MICROPLASTIC_DETECTOR-main\MICROPLASTIC_DETECTOR-main\dataset\train\fragment\fragment_0025.png
fragment_0026.png,fragment,3,train,C:\Users\hs085\Downloads\MICROPLASTIC_DETECTOR-main\MICROPLASTIC_DETECTOR-main\dataset\train\fragment\fragment_0026.png
fragment_0027.png,fragment,3,train,C:\Users\hs085\Downloads\MICROPLASTIC_DETECTOR-main\MICROPLASTIC_DETECTOR-main\dataset\train\fragment\fragment_0027.png
fragment_0028.png,fragment,3,train,C:\Users\hs085\Downloads\MICROPLASTIC_DETECTOR-main\MICROPLASTIC_DETECTOR-main\dataset\train\fragment\fragment_0028.png
fragment_0029.png,fragment,3,train,C:\Users\hs085\Downloads\MICROPLASTIC_DETECTOR-main\MICROPLASTIC_DETECTOR-main\dataset\train\fragment\fragment_0029.png
fragment_0030.png,fragment,3,train,C:\Users\hs085\Downloads\MICROPLASTIC_DETECTOR-main\MICROPLASTIC_DETECTOR-main\dataset\train\fragment\fragment_0030.png
fragment_0031.png,fragment,3,train,C:\Users\hs085\Downloads\MICROPLASTIC_DETECTOR-main\MICROPLASTIC_DETECTOR-main\dataset\train\fragment\fragment_0031.png
fragment_0032.png,fragment,3,train,C:\Users\hs085\Downloads\MICROPLASTIC_DETECTOR-main\MICROPLASTIC_DETECTOR-main\dataset\train\fragment\fragment_0032.png
fragment_0033.png,fragment,3,train,C:\Users\hs085\Downloads\MICROPLASTIC_DETECTOR-main\MICROPLASTIC_DETECTOR-main\dataset\train\fragment\fragment_0033.png
fragment_0034.png,fragment,3,train,C:\Users\hs085\Downloads\MICROPLASTIC_DETECTOR-main\MICROPLASTIC_DETECTOR-main\dataset\train\fragment\fragment_0034.png
fragment_0035.png,fragment,3,train,C:\Users\hs085\Downloads\MICROPLASTIC_DETECTOR-main\MICROPLASTIC_DETECTOR-main\dataset\train\fragment\fragment_0035.png
fragment_0036.png,fragment,3,train,C:\Users\hs085\Downloads\MICROPLASTIC_DETECTOR-main\MICROPLASTIC_DETECTOR-main\dataset\train\fragment\fragment_0036.png
fragment_0037.png,fragment,3,train,C:\Users\hs085\Downloads\MICROPLASTIC_DETECTOR-main\MICROPLASTIC_DETECTOR-main\dataset\train\fragment\fragment_0037.png
fragment_0038.png,fragment,3,train,C:\Users\hs085\Downloads\MICROPLASTIC_DETECTOR-main\MICROPLASTIC_DETECTOR-main\dataset\train\fragment\fragment_0038.png
fragment_0039.png,fragment,3,train,C:\Users\hs085\Downloads\MICROPLASTIC_DETECTOR-main\MICROPLASTIC_DETECTOR-main\dataset\train\fragment\fragment_0039.png
fragment_0040.png,fragment,3,train,C:\Users\hs085\Downloads\MICROPLASTIC_DETECTOR-main\MICROPLASTIC_DETECTOR-main\dataset\train\fragment\fragment_0040.png
fragment_0041.png,fragment,3,train,C:\Users\hs085\Downloads\MICROPLASTIC_DETECTOR-main\MICROPLASTIC_DETECTOR-main\dataset\train\fragment\fragment_0041.png
fragment_0042.png,fragment,3,train,C:\Users\hs085\Downloads\MICROPLASTIC_DETECTOR-main\MICROPLASTIC_DETECTOR-main\dataset\train\fragment\fragment_0042.png
fragment_0043.png,fragment,3,train,C:\Users\hs085\Downloads\MICROPLASTIC_DETECTOR-main\MICROPLASTIC_DETECTOR-main\dataset\train\fragment\fragment_0043.png
fragment_0044.png,fragment,3,train,C:\Users\hs085\Downloads\MICROPLASTIC_DETECTOR-main\MICROPLASTIC_DETECTOR-main\dataset\train\fragment\fragment_0044.png
fragment_0045.png,fragment,3,train,C:\Users\hs085\Downloads\MICROPLASTIC_DETECTOR-main\MICROPLASTIC_DETECTOR-main\dataset\train\fragment\fragment_0045.png
fragment_0046.png,fragment,3,train,C:\Users\hs085\Downloads\MICROPLASTIC_DETECTOR-main\MICROPLASTIC_DETECTOR-main\dataset\train\fragment\fragment_0046.png
fragment_0047.png,fragment,3,train,C:\Users\hs085\Downloads\MICROPLASTIC_DETECTOR-main\MICROPLASTIC_DETECTOR-main\dataset\train\fragment\fragment_0047.png
fragment_0048.png,fragment,3,train,C:\Users\hs085\Downloads\MICROPLASTIC_DETECTOR-main\MICROPLASTIC_DETECTOR-main\dataset\train\fragment\fragment_0048.png
fragment_0049.png,fragment,3,train,C:\Users\hs085\Downloads\MICROPLASTIC_DETECTOR-main\MICROPLASTIC_DETECTOR-main\dataset\train\fragment\fragment_0049.png
fragment_0050.png,fragment,3,train,C:\Users\hs085\Downloads\MICROPLASTIC_DETECTOR-main\MICROPLASTIC_DETECTOR-main\dataset\train\fragment\fragment_0050.png
fragment_0051.png,fragment,3,train,C:\Users\hs085\Downloads\MICROPLASTIC_DETECTOR-main\MICROPLASTIC_DETECTOR-main\dataset\train\fragment\fragment_0051.png
fragment_0052.png,fragment,3,train,C:\Users\hs085\Downloads\MICROPLASTIC_DETECTOR-main\MICROPLASTIC_DETECTOR-main\dataset\train\fragment\fragment_0052.png
fragment_0053.png,fragment,3,train,C:\Users\hs085\Downloads\MICROPLASTIC_DETECTOR-main\MICROPLASTIC_DETECTOR-main\dataset\train\fragment\fragment_0053.png
fragment_0054.png,fragment,3,train,C:\Users\hs085\Downloads\MICROPLASTIC_DETECTOR-main\MICROPLASTIC_DETECTOR-main\dataset\train\fragment\fragment_0054.png
fragment_0055.png,fragment,3,train,C:\Users\hs085\Downloads\MICROPLASTIC_DETECTOR-main\MICROPLASTIC_DETECTOR-main\dataset\train\fragment\fragment_0055.png
fragment_0056.png,fragment,3,train,C:\Users\hs085\Downloads\MICROPLASTIC_DETECTOR-main\MICROPLASTIC_DETECTOR-main\dataset\train\fragment\fragment_0056.png
fragment_0057.png,fragment,3,train,C:\Users\hs085\Downloads\MICROPLASTIC_DETECTOR-main\MICROPLASTIC_DETECTOR-main\dataset\train\fragment\fragment_0057.png
fragment_0058.png,fragment,3,train,C:\Users\hs085\Downloads\MICROPLASTIC_DETECTOR-main\MICROPLASTIC_DETECTOR-main\dataset\train\fragment\fragment_0058.png
fragment_0059.png,fragment,3,train,C:\Users\hs085\Downloads\MICROPLASTIC_DETECTOR-main\MICROPLASTIC_DETECTOR-main\dataset\train\fragment\fragment_0059.png
fragment_0060.png,fragment,3,train,C:\Users\hs085\Downloads\MICROPLASTIC_DETECTOR-main\MICROPLASTIC_DETECTOR-main\dataset\train\fragment\fragment_0060.png
fragment_0061.png,fragment,3,train,C:\Users\hs085\Downloads\MICROPLASTIC_DETECTOR-main\MICROPLASTIC_DETECTOR-main\dataset\train\fragment\fragment_0061.png
fragment_0062.png,fragment,3,train,C:\Users\hs085\Downloads\MICROPLASTIC_DETECTOR-main\MICROPLASTIC_DETECTOR-main\dataset\train\fragment\fragment_0062.png
fragment_0063.png,fragment,3,train,C:\Users\hs085\Downloads\MICROPLASTIC_DETECTOR-main\MICROPLASTIC_DETECTOR-main\dataset\train\fragment\fragment_0063.png
fragment_0064.png,fragment,3,train,C:\Users\hs085\Downloads\MICROPLASTIC_DETECTOR-main\MICROPLASTIC_DETECTOR-main\dataset\train\fragment\fragment_0064.png
fragment_0065.png,fragment,3,train,C:\Users\hs085\Downloads\MICROPLASTIC_DETECTOR-main\MICROPLASTIC_DETECTOR-main\dataset\train\fragment\fragment_0065.png
fragment_0066.png,fragment,3,train,C:\Users\hs085\Downloads\MICROPLASTIC_DETECTOR-main\MICROPLASTIC_DETECTOR-main\dataset\train\fragment\fragment_0066.png
fragment_0067.png,fragment,3,train,C:\Users\hs085\Downloads\MICROPLASTIC_DETECTOR-main\MICROPLASTIC_DETECTOR-main\dataset\train\fragment\fragment_0067.png
fragment_0068.png,fragment,3,train,C:\Users\hs085\Downloads\MICROPLASTIC_DETECTOR-main\MICROPLASTIC_DETECTOR-main\dataset\train\fragment\fragment_0068.png
fragment_0069.png,fragment,3,train,C:\Users\hs085\Downloads\MICROPLASTIC_DETECTOR-main\MICROPLASTIC_DETECTOR-main\dataset\train\fragment\fragment_0069.png
fragment_0070.png,fragment,3,train,C:\Users\hs085\Downloads\MICROPLASTIC_DETECTOR-main\MICROPLASTIC_DETECTOR-main\dataset\train\fragment\fragment_0070.png
fragment_0071.png,fragment,3,train,C:\Users\hs085\Downloads\MICROPLASTIC_DETECTOR-main\MICROPLASTIC_DETECTOR-main\dataset\train\fragment\fragment_0071.png
fragment_0072.png,fragment,3,train,C:\Users\hs085\Downloads\MICROPLASTIC_DETECTOR-main\MICROPLASTIC_DETECTOR-main\dataset\train\fragment\fragment_0072.png
fragment_0073.png,fragment,3,train,C:\Users\hs085\Downloads\MICROPLASTIC_DETECTOR-main\MICROPLASTIC_DETECTOR-main\dataset\train\fragment\fragment_0073.png
fragment_0074.png,fragment,3,train,C:\Users\hs085\Downloads\MICROPLASTIC_DETECTOR-main\MICROPLASTIC_DETECTOR-main\dataset\train\fragment\fragment_0074.png
fragment_0075.png,fragment,3,train,C:\Users\hs085\Downloads\MICROPLASTIC_DETECTOR-main\MICROPLASTIC_DETECTOR-main\dataset\train\fragment\fragment_0075.png
fragment_0076.png,fragment,3,train,C:\Users\hs085\Downloads\MICROPLASTIC_DETECTOR-main\MICROPLASTIC_DETECTOR-main\dataset\train\fragment\fragment_0076.png
fragment_0077.png,fragment,3,train,C:\Users\hs085\Downloads\MICROPLASTIC_DETECTOR-main\MICROPLASTIC_DETECTOR-main\dataset\train\fragment\fragment_0077.png
fragment_0078.png,fragment,3,train,C:\Users\hs085\Downloads\MICROPLASTIC_DETECTOR-main\MICROPLASTIC_DETECTOR-main\dataset\train\fragment\fragment_0078.png
fragment_0079.png,fragment,3,train,C:\Users\hs085\Downloads\MICROPLASTIC_DETECTOR-main\MICROPLASTIC_DETECTOR-main\dataset\train\fragment\fragment_0079.png
fragment_0080.png,fragment,3,train,C:\Users\hs085\Downloads\MICROPLASTIC_DETECTOR-main\MICROPLASTIC_DETECTOR-main\dataset\train\fragment\fragment_0080.png
fragment_0081.png,fragment,3,train,C:\Users\hs085\Downloads\MICROPLASTIC_DETECTOR-main\MICROPLASTIC_DETECTOR-main\dataset\train\fragment\fragment_0081.png
fragment_0082.png,fragment,3,train,C:\Users\hs085\Downloads\MICROPLASTIC_DETECTOR-main\MICROPLASTIC_DETECTOR-main\dataset\train\fragment\fragment_0082.png
fragment_0083.png,fragment,3,train,C:\Users\hs085\Downloads\MICROPLASTIC_DETECTOR-main\MICROPLASTIC_DETECTOR-main\dataset\train\fragment\fragment_0083.png
fragment_0084.png,fragment,3,train,C:\Users\hs085\Downloads\MICROPLASTIC_DETECTOR-main\MICROPLASTIC_DETECTOR-main\dataset\train\fragment\fragment_0084.png
fragment_0085.png,fragment,3,train,C:\Users\hs085\Downloads\MICROPLASTIC_DETECTOR-main\MICROPLASTIC_DETECTOR-main\dataset\train\fragment\fragment_0085.png
fragment_0086.png,fragment,3,train,C:\Users\hs085\Downloads\MICROPLASTIC_DETECTOR-main\MICROPLASTIC_DETECTOR-main\dataset\train\fragment\fragment_0086.png
fragment_0087.png,fragment,3,train,C:\Users\hs085\Downloads\MICROPLASTIC_DETECTOR-main\MICROPLASTIC_DETECTOR-main\dataset\train\fragment\fragment_0087.png
fragment_0088.png,fragment,3,train,C:\Users\hs085\Downloads\MICROPLASTIC_DETECTOR-main\MICROPLASTIC_DETECTOR-main\dataset\train\fragment\fragment_0088.png
fragment_0089.png,fragment,3,train,C:\Users\hs085\Downloads\MICROPLASTIC_DETECTOR-main\MICROPLASTIC_DETECTOR-main\dataset\train\fragment\fragment_0089.png
fragment_0090.png,fragment,3,train,C:\Users\hs085\Downloads\MICROPLASTIC_DETECTOR-main\MICROPLASTIC_DETECTOR-main\dataset\train\fragment\fragment_0090.png
fragment_0091.png,fragment,3,train,C:\Users\hs085\Downloads\MICROPLASTIC_DETECTOR-main\MICROPLASTIC_DETECTOR-main\dataset\train\fragment\fragment_0091.png
fragment_0092.png,fragment,3,train,C:\Users\hs085\Downloads\MICROPLASTIC_DETECTOR-main\MICROPLASTIC_DETECTOR-main\dataset\train\fragment\fragment_0092.png
fragment_0093.png,fragment,3,train,C:\Users\hs085\Downloads\MICROPLASTIC_DETECTOR-main\MICROPLASTIC_DETECTOR-main\dataset\train\fragment\fragment_0093.png
fragment_0094.png,fragment,3,train,C:\Users\hs085\Downloads\MICROPLASTIC_DETECTOR-main\MICROPLASTIC_DETECTOR-main\dataset\train\fragment\fragment_0094.png
fragment_0095.png,fragment,3,train,C:\Users\hs085\Downloads\MICROPLASTIC_DETECTOR-main\MICROPLASTIC_DETECTOR-main\dataset\train\fragment\fragment_0095.png
fragment_0096.png,fragment,3,train,C:\Users\hs085\Downloads\MICROPLASTIC_DETECTOR-main\MICROPLASTIC_DETECTOR-main\dataset\train\fragment\fragment_0096.png
fragment_0097.png,fragment,3,train,C:\Users\hs085\Downloads\MICROPLASTIC_DETECTOR-main\MICROPLASTIC_DETECTOR-main\dataset\train\fragment\fragment_0097.png
fragment_0098.png,fragment,3,train,C:\Users\hs085\Downloads\MICROPLASTIC_DETECTOR-main\MICROPLASTIC_DETECTOR-main\dataset\train\fragment\fragment_0098.png
fragment_0099.png,fragment,3,train,C:\Users\hs085\Downloads\MICROPLASTIC_DETECTOR-main\MICROPLASTIC_DETECTOR-main\dataset\train\fragment\fragment_0099.png
fragment_0100.png,fragment,3,train,C:\Users\hs085\Downloads\MICROPLASTIC_DETECTOR-main\MICROPLASTIC_DETECTOR-main\dataset\train\fragment\fragment_0100.png
fragment_0101.png,fragment,3,train,C:\Users\hs085\Downloads\MICROPLASTIC_DETECTOR-main\MICROPLASTIC_DETECTOR-main\dataset\train\fragment\fragment_0101.png
fragment_0102.png,fragment,3,train,C:\Users\hs085\Downloads\MICROPLASTIC_DETECTOR-main\MICROPLASTIC_DETECTOR-main\dataset\train\fragment\fragment_0102.png
fragment_0103.png,fragment,3,train,C:\Users\hs085\Downloads\MICROPLASTIC_DETECTOR-main\MICROPLASTIC_DETECTOR-main\dataset\train\fragment\fragment_0103.png
fragment_0104.png,fragment,3,train,C:\Users\hs085\Downloads\MICROPLASTIC_DETECTOR-main\MICROPLASTIC_DETECTOR-main\dataset\train\fragment\fragment_0104.png
fragment_0105.png,fragment,3,train,C:\Users\hs085\Downloads\MICROPLASTIC_DETECTOR-main\MICROPLASTIC_DETECTOR-main\dataset\train\fragment\fragment_0105.png
fragment_0106.png,fragment,3,train,C:\Users\hs085\Downloads\MICROPLASTIC_DETECTOR-main\MICROPLASTIC_DETECTOR-main\dataset\train\fragment\fragment_0106.png
fragment_0107.png,fragment,3,train,C:\Users\hs085\Downloads\MICROPLASTIC_DETECTOR-main\MICROPLASTIC_DETECTOR-main\dataset\train\fragment\fragment_0107.png
fragment_0108.png,fragment,3,train,C:\Users\hs085\Downloads\MICROPLASTIC_DETECTOR-main\MICROPLASTIC_DETECTOR-main\dataset\train\fragment\fragment_0108.png
fragment_0109.png,fragment,3,train,C:\Users\hs085\Downloads\MICROPLASTIC_DETECTOR-main\MICROPLASTIC_DETECTOR-main\dataset\train\fragment\fragment_0109.png
fragment_0110.png,fragment,3,train,C:\Users\hs085\Downloads\MICROPLASTIC_DETECTOR-main\MICROPLASTIC_DETECTOR-main\dataset\train\fragment\fragment_0110.png
fragment_0111.png,fragment,3,train,C:\Users\hs085\Downloads\MICROPLASTIC_DETECTOR-main\MICROPLASTIC_DETECTOR-main\dataset\train\fragment\fragment_0111.png
fragment_0112.png,fragment,3,train,C:\Users\hs085\Downloads\MICROPLASTIC_DETECTOR-main\MICROPLASTIC_DETECTOR-main\dataset\train\fragment\fragment_0112.png
fragment_0113.png,fragment,3,train,C:\Users\hs085\Downloads\MICROPLASTIC_DETECTOR-main\MICROPLASTIC_DETECTOR-main\dataset\train\fragment\fragment_0113.png
fragment_0114.png,fragment,3,train,C:\Users\hs085\Downloads\MICROPLASTIC_DETECTOR-main\MICROPLASTIC_DETECTOR-main\dataset\train\fragment\fragment_0114.png
fragment_0115.png,fragment,3,train,C:\Users\hs085\Downloads\MICROPLASTIC_DETECTOR-main\MICROPLASTIC_DETECTOR-main\dataset\train\fragment\fragment_0115.png
fragment_0116.png,fragment,3,train,C:\Users\hs085\Downloads\MICROPLASTIC_DETECTOR-main\MICROPLASTIC_DETECTOR-main\dataset\train\fragment\fragment_0116.png
fragment_0117.png,fragment,3,train,C:\Users\hs085\Downloads\MICROPLASTIC_DETECTOR-main\MICROPLASTIC_DETECTOR-main\dataset\train\fragment\fragment_0117.png
fragment_0118.png,fragment,3,train,C:\Users\hs085\Downloads\MICROPLASTIC_DETECTOR-main\MICROPLASTIC_DETECTOR-main\dataset\train\fragment\fragment_0118.png
fragment_0119.png,fragment,3,train,C:\Users\hs085\Downloads\MICROPLASTIC_DETECTOR-main\MICROPLASTIC_DETECTOR-main\dataset\train\fragment\fragment_0119.png
fragment_0120.png,fragment,3,train,C:\Users\hs085\Downloads\MICROPLASTIC_DETECTOR-main\MICROPLASTIC_DETECTOR-main\dataset\train\fragment\fragment_0120.png
fragment_0121.png,fragment,3,train,C:\Users\hs085\Downloads\MICROPLASTIC_DETECTOR-main\MICROPLASTIC_DETECTOR-main\dataset\train\fragment\fragment_0121.png
fragment_0122.png,fragment,3,train,C:\Users\hs085\Downloads\MICROPLASTIC_DETECTOR-main\MICROPLASTIC_DETECTOR-main\dataset\train\fragment\fragment_0122.png
fragment_0123.png,fragment,3,train,C:\Users\hs085\Downloads\MICROPLASTIC_DETECTOR-main\MICROPLASTIC_DETECTOR-main\dataset\train\fragment\fragment_0123.png
fragment_0124.png,fragment,3,train,C:\Users\hs085\Downloads\MICROPLASTIC_DETECTOR-main\MICROPLASTIC_DETECTOR-main\dataset\train\fragment\fragment_0124.png
fragment_0125.png,fragment,3,train,C:\Users\hs085\Downloads\MICROPLASTIC_DETECTOR-main\MICROPLASTIC_DETECTOR-main\dataset\train\fragment\fragment_0125.png
fragment_0126.png,fragment,3,train,C:\Users\hs085\Downloads\MICROPLASTIC_DETECTOR-main\MICROPLASTIC_DETECTOR-main\dataset\train\fragment\fragment_0126.png
fragment_0127.png,fragment,3,train,C:\Users\hs085\Downloads\MICROPLASTIC_DETECTOR-main\MICROPLASTIC_DETECTOR-main\dataset\train\fragment\fragment_0127.png
fragment_0128.png,fragment,3,train,C:\Users\hs085\Downloads\MICROPLASTIC_DETECTOR-main\MICROPLASTIC_DETECTOR-main\dataset\train\fragment\fragment_0128.png
fragment_0129.png,fragment,3,train,C:\Users\hs085\Downloads\MICROPLASTIC_DETECTOR-main\MICROPLASTIC_DETECTOR-main\dataset\train\fragment\fragment_0129.png
fragment_0130.png,fragment,3,train,C:\Users\hs085\Downloads\MICROPLASTIC_DETECTOR-main\MICROPLASTIC_DETECTOR-main\dataset\train\fragment\fragment_0130.png
fragment_0131.png,fragment,3,train,C:\Users\hs085\Downloads\MICROPLASTIC_DETECTOR-main\MICROPLASTIC_DETECTOR-main\dataset\train\fragment\fragment_0131.png
fragment_0132.png,fragment,3,train,C:\Users\hs085\Downloads\MICROPLASTIC_DETECTOR-main\MICROPLASTIC_DETECTOR-main\dataset\train\fragment\fragment_0132.png
fragment_0133.png,fragment,3,train,C:\Users\hs085\Downloads\MICROPLASTIC_DETECTOR-main\MICROPLASTIC_DETECTOR-main\dataset\train\fragment\fragment_0133.png
fragment_0134.png,fragment,3,train,C:\Users\hs085\Downloads\MICROPLASTIC_DETECTOR-main\MICROPLASTIC_DETECTOR-main\dataset\train\fragment\fragment_0134.png
fragment_0135.png,fragment,3,train,C:\Users\hs085\Downloads\MICROPLASTIC_DETECTOR-main\MICROPLASTIC_DETECTOR-main\dataset\train\fragment\fragment_0135.png
fragment_0136.png,fragment,3,train,C:\Users\hs085\Downloads\MICROPLASTIC_DETECTOR-main\MICROPLASTIC_DETECTOR-main\dataset\train\fragment\fragment_0136.png
fragment_0137.png,fragment,3,train,C:\Users\hs085\Downloads\MICROPLASTIC_DETECTOR-main\MICROPLASTIC_DETECTOR-main\dataset\train\fragment\fragment_0137.png
fragment_0138.png,fragment,3,train,C:\Users\hs085\Downloads\MICROPLASTIC_DETECTOR-main\MICROPLASTIC_DETECTOR-main\dataset\train\fragment\fragment_0138.png
fragment_0139.png,fragment,3,train,C:\Users\hs085\Downloads\MICROPLASTIC_DETECTOR-main\MICROPLASTIC_DETECTOR-main\dataset\train\fragment\fragment_0139.png
fragment_0140.png,fragment,3,train,C:\Users\hs085\Downloads\MICROPLASTIC_DETECTOR-main\MICROPLASTIC_DETECTOR-main\dataset\train\fragment\fragment_0140.png
fragment_0141.png,fragment,3,train,C:\Users\hs085\Downloads\MICROPLASTIC_DETECTOR-main\MICROPLASTIC_DETECTOR-main\dataset\train\fragment\fragment_0141.png
fragment_0142.png,fragment,3,train,C:\Users\hs085\Downloads\MICROPLASTIC_DETECTOR-main\MICROPLASTIC_DETECTOR-main\dataset\train\fragment\fragment_0142.png
fragment_0143.png,fragment,3,train,C:\Users\hs085\Downloads\MICROPLASTIC_DETECTOR-main\MICROPLASTIC_DETECTOR-main\dataset\train\fragment\fragment_0143.png
fragment_0144.png,fragment,3,train,C:\Users\hs085\Downloads\MICROPLASTIC_DETECTOR-main\MICROPLASTIC_DETECTOR-main\dataset\train\fragment\fragment_0144.png
fragment_0145.png,fragment,3,train,C:\Users\hs085\Downloads\MICROPLASTIC_DETECTOR-main\MICROPLASTIC_DETECTOR-main\dataset\train\fragment\fragment_0145.png
fragment_0146.png,fragment,3,train,C:\Users\hs085\Downloads\MICROPLASTIC_DETECTOR-main\MICROPLASTIC_DETECTOR-main\dataset\train\fragment\fragment_0146.png
fragment_0147.png,fragment,3,train,C:\Users\hs085\Downloads\MICROPLASTIC_DETECTOR-main\MICROPLASTIC_DETECTOR-main\dataset\train\fragment\fragment_0147.png
fragment_0148.png,fragment,3,train,C:\Users\hs085\Downloads\MICROPLASTIC_DETECTOR-main\MICROPLASTIC_DETECTOR-main\dataset\train\fragment\fragment_0148.png
fragment_0149.png,fragment,3,train,C:\Users\hs085\Downloads\MICROPLASTIC_DETECTOR-main\MICROPLASTIC_DETECTOR-main\dataset\train\fragment\fragment_0149.png
fragment_0150.png,fragment,3,train,C:\Users\hs085\Downloads\MICROPLASTIC_DETECTOR-main\MICROPLASTIC_DETECTOR-main\dataset\train\fragment\fragment_0150.png
fragment_0151.png,fragment,3,train,C:\Users\hs085\Downloads\MICROPLASTIC_DETECTOR-main\MICROPLASTIC_DETECTOR-main\dataset\train\fragment\fragment_0151.png
fragment_0152.png,fragment,3,train,C:\Users\hs085\Downloads\MICROPLASTIC_DETECTOR-main\MICROPLASTIC_DETECTOR-main\dataset\train\fragment\fragment_0152.png
fragment_0153.png,fragment,3,train,C:\Users\hs085\Downloads\MICROPLASTIC_DETECTOR-main\MICROPLASTIC_DETECTOR-main\dataset\train\fragment\fragment_0153.png
fragment_0154.png,fragment,3,train,C:\Users\hs085\Downloads\MICROPLASTIC_DETECTOR-main\MICROPLASTIC_DETECTOR-main\dataset\train\fragment\fragment_0154.png
fragment_0155.png,fragment,3,train,C:\Users\hs085\Downloads\MICROPLASTIC_DETECTOR-main\MICROPLASTIC_DETECTOR-main\dataset\train\fragment\fragment_0155.png
fragment_0156.png,fragment,3,train,C:\Users\hs085\Downloads\MICROPLASTIC_DETECTOR-main\MICROPLASTIC_DETECTOR-main\dataset\train\fragment\fragment_0156.png
fragment_0157.png,fragment,3,train,C:\Users\hs085\Downloads\MICROPLASTIC_DETECTOR-main\MICROPLASTIC_DETECTOR-main\dataset\train\fragment\fragment_0157.png
fragment_0158.png,fragment,3,train,C:\Users\hs085\Downloads\MICROPLASTIC_DETECTOR-main\MICROPLASTIC_DETECTOR-main\dataset\train\fragment\fragment_0158.png
fragment_0159.png,fragment,3,train,C:\Users\hs085\Downloads\MICROPLASTIC_DETECTOR-main\MICROPLASTIC_DETECTOR-main\dataset\train\fragment\fragment_0159.png
fragment_0160.png,fragment,3,train,C:\Users\hs085\Downloads\MICROPLASTIC_DETECTOR-main\MICROPLASTIC_DETECTOR-main\dataset\train\fragment\fragment_0160.png
fragment_0161.png,fragment,3,train,C:\Users\hs085\Downloads\MICROPLASTIC_DETECTOR-main\MICROPLASTIC_DETECTOR-main\dataset\train\fragment\fragment_0161.png
fragment_0162.png,fragment,3,train,C:\Users\hs085\Downloads\MICROPLASTIC_DETECTOR-main\MICROPLASTIC_DETECTOR-main\dataset\train\fragment\fragment_0162.png
fragment_0163.png,fragment,3,train,C:\Users\hs085\Downloads\MICROPLASTIC_DETECTOR-main\MICROPLASTIC_DETECTOR-main\dataset\train\fragment\fragment_0163.png
fragment_0164.png,fragment,3,train,C:\Users\hs085\Downloads\MICROPLASTIC_DETECTOR-main\MICROPLASTIC_DETECTOR-main\dataset\train\fragment\fragment_0164.png
fragment_0165.png,fragment,3,train,C:\Users\hs085\Downloads\MICROPLASTIC_DETECTOR-main\MICROPLASTIC_DETECTOR-main\dataset\train\fragment\fragment_0165.png
fragment_0166.png,fragment,3,train,C:\Users\hs085\Downloads\MICROPLASTIC_DETECTOR-main\MICROPLASTIC_DETECTOR-main\dataset\train\fragment\fragment_0166.png
fragment_0167.png,fragment,3,train,C:\Users\hs085\Downloads\MICROPLASTIC_DETECTOR-main\MICROPLASTIC_DETECTOR-main\dataset\train\fragment\fragment_0167.png
fragment_0168.png,fragment,3,train,C:\Users\hs085\Downloads\MICROPLASTIC_DETECTOR-main\MICROPLASTIC_DETECTOR-main\dataset\train\fragment\fragment_0168.png
fragment_0169.png,fragment,3,train,C:\Users\hs085\Downloads\MICROPLASTIC_DETECTOR-main\MICROPLASTIC_DETECTOR-main\dataset\train\fragment\fragment_0169.png
fragment_0170.png,fragment,3,train,C:\Users\hs085\Downloads\MICROPLASTIC_DETECTOR-main\MICROPLASTIC_DETECTOR-main\dataset\train\fragment\fragment_0170.png
fragment_0171.png,fragment,3,train,C:\Users\hs085\Downloads\MICROPLASTIC_DETECTOR-main\MICROPLASTIC_DETECTOR-main\dataset\train\fragment\fragment_0171.png
fragment_0172.png,fragment,3,train,C:\Users\hs085\Downloads\MICROPLASTIC_DETECTOR-main\MICROPLASTIC_DETECTOR-main\dataset\train\fragment\fragment_0172.png
fragment_0173.png,fragment,3,train,C:\Users\hs085\Downloads\MICROPLASTIC_DETECTOR-main\MICROPLASTIC_DETECTOR-main\dataset\train\fragment\fragment_0173.png
fragment_0174.png,fragment,3,train,C:\Users\hs085\Downloads\MICROPLASTIC_DETECTOR-main\MICROPLASTIC_DETECTOR-main\dataset\train\fragment\fragment_0174.png
fragment_0175.png,fragment,3,train,C:\Users\hs085\Downloads\MICROPLASTIC_DETECTOR-main\MICROPLASTIC_DETECTOR-main\dataset\train\fragment\fragment_0175.png
fragment_0176.png,fragment,3,train,C:\Users\hs085\Downloads\MICROPLASTIC_DETECTOR-main\MICROPLASTIC_DETECTOR-main\dataset\train\fragment\fragment_0176.png
fragment_0177.png,fragment,3,train,C:\Users\hs085\Downloads\MICROPLASTIC_DETECTOR-main\MICROPLASTIC_DETECTOR-main\dataset\train\fragment\fragment_0177.png
fragment_0178.png,fragment,3,train,C:\Users\hs085\Downloads\MICROPLASTIC_DETECTOR-main\MICROPLASTIC_DETECTOR-main\dataset\train\fragment\fragment_0178.png
fragment_0179.png,fragment,3,train,C:\Users\hs085\Downloads\MICROPLASTIC_DETECTOR-main\MICROPLASTIC_DETECTOR-main\dataset\train\fragment\fragment_0179.png
fragment_0180.png,fragment,3,train,C:\Users\hs085\Downloads\MICROPLASTIC_DETECTOR-main\MICROPLASTIC_DETECTOR-main\dataset\train\fragment\fragment_0180.png
fragment_0181.png,fragment,3,train,C:\Users\hs085\Downloads\MICROPLASTIC_DETECTOR-main\MICROPLASTIC_DETECTOR-main\dataset\train\fragment\fragment_0181.png
fragment_0182.png,fragment,3,train,C:\Users\hs085\Downloads\MICROPLASTIC_DETECTOR-main\MICROPLASTIC_DETECTOR-main\dataset\train\fragment\fragment_0182.png
fragment_0183.png,fragment,3,train,C:\Users\hs085\Downloads\MICROPLASTIC_DETECTOR-main\MICROPLASTIC_DETECTOR-main\dataset\train\fragment\fragment_0183.png
fragment_0184.png,fragment,3,train,C:\Users\hs085\Downloads\MICROPLASTIC_DETECTOR-main\MICROPLASTIC_DETECTOR-main\dataset\train\fragment\fragment_0184.png
fragment_0185.png,fragment,3,train,C:\Users\hs085\Downloads\MICROPLASTIC_DETECTOR-main\MICROPLASTIC_DETECTOR-main\dataset\train\fragment\fragment_0185.png
fragment_0186.png,fragment,3,train,C:\Users\hs085\Downloads\MICROPLASTIC_DETECTOR-main\MICROPLASTIC_DETECTOR-main\dataset\train\fragment\fragment_0186.png
fragment_0187.png,fragment,3,train,C:\Users\hs085\Downloads\MICROPLASTIC_DETECTOR-main\MICROPLASTIC_DETECTOR-main\dataset\train\fragment\fragment_0187.png
fragment_0188.png,fragment,3,train,C:\Users\hs085\Downloads\MICROPLASTIC_DETECTOR-main\MICROPLASTIC_DETECTOR-main\dataset\train\fragment\fragment_0188.png
fragment_0189.png,fragment,3,train,C:\Users\hs085\Downloads\MICROPLASTIC_DETECTOR-main\MICROPLASTIC_DETECTOR-main\dataset\train\fragment\fragment_0189.png
fragment_0190.png,fragment,3,train,C:\Users\hs085\Downloads\MICROPLASTIC_DETECTOR-main\MICROPLASTIC_DETECTOR-main\dataset\train\fragment\fragment_0190.png
fragment_0191.png,fragment,3,train,C:\Users\hs085\Downloads\MICROPLASTIC_DETECTOR-main\MICROPLASTIC_DETECTOR-main\dataset\train\fragment\fragment_0191.png
fragment_0192.png,fragment,3,train,C:\Users\hs085\Downloads\MICROPLASTIC_DETECTOR-main\MICROPLASTIC_DETECTOR-main\dataset\train\fragment\fragment_0192.png
fragment_0193.png,fragment,3,train,C:\Users\hs085\Downloads\MICROPLASTIC_DETECTOR-main\MICROPLASTIC_DETECTOR-main\dataset\train\fragment\fragment_0193.png
fragment_0194.png,fragment,3,train,C:\Users\hs085\Downloads\MICROPLASTIC_DETECTOR-main\MICROPLASTIC_DETECTOR-main\dataset\train\fragment\fragment_0194.png
fragment_0195.png,fragment,3,train,C:\Users\hs085\Downloads\MICROPLASTIC_DETECTOR-main\MICROPLASTIC_DETECTOR-main\dataset\train\fragment\fragment_0195.png
fragment_0196.png,fragment,3,train,C:\Users\hs085\Downloads\MICROPLASTIC_DETECTOR-main\MICROPLASTIC_DETECTOR-main\dataset\train\fragment\fragment_0196.png
fragment_0197.png,fragment,3,train,C:\Users\hs085\Downloads\MICROPLASTIC_DETECTOR-main\MICROPLASTIC_DETECTOR-main\dataset\train\fragment\fragment_0197.png
fragment_0198.png,fragment,3,train,C:\Users\hs085\Downloads\MICROPLASTIC_DETECTOR-main\MICROPLASTIC_DETECTOR-main\dataset\train\fragment\fragment_0198.png
fragment_0199.png,fragment,3,train,C:\Users\hs085\Downloads\MICROPLASTIC_DETECTOR-main\MICROPLASTIC_DETECTOR-main\dataset\train\fragment\fragment_0199.png
fragment_0200.png,fragment,3,train,C:\Users\hs085\Downloads\MICROPLASTIC_DETECTOR-main\MICROPLASTIC_DETECTOR-main\dataset\train\fragment\fragment_0200.png
fragment_0201.png,fragment,3,train,C:\Users\hs085\Downloads\MICROPLASTIC_DETECTOR-main\MICROPLASTIC_DETECTOR-main\dataset\train\fragment\fragment_0201.png
fragment_0202.png,fragment,3,train,C:\Users\hs085\Downloads\MICROPLASTIC_DETECTOR-main\MICROPLASTIC_DETECTOR-main\dataset\train\fragment\fragment_0202.png
fragment_0203.png,fragment,3,train,C:\Users\hs085\Downloads\MICROPLASTIC_DETECTOR-main\MICROPLASTIC_DETECTOR-main\dataset\train\fragment\fragment_0203.png
fragment_0204.png,fragment,3,train,C:\Users\hs085\Downloads\MICROPLASTIC_DETECTOR-main\MICROPLASTIC_DETECTOR-main\dataset\train\fragment\fragment_0204.png
fragment_0205.png,fragment,3,train,C:\Users\hs085\Downloads\MICROPLASTIC_DETECTOR-main\MICROPLASTIC_DETECTOR-main\dataset\train\fragment\fragment_0205.png
fragment_0206.png,fragment,3,train,C:\Users\hs085\Downloads\MICROPLASTIC_DETECTOR-main\MICROPLASTIC_DETECTOR-main\dataset\train\fragment\fragment_0206.png
fragment_0207.png,fragment,3,train,C:\Users\hs085\Downloads\MICROPLASTIC_DETECTOR-main\MICROPLASTIC_DETECTOR-main\dataset\train\fragment\fragment_0207.png
fragment_0208.png,fragment,3,train,C:\Users\hs085\Downloads\MICROPLASTIC_DETECTOR-main\MICROPLASTIC_DETECTOR-main\dataset\train\fragment\fragment_0208.png
fragment_0209.png,fragment,3,train,C:\Users\hs085\Downloads\MICROPLASTIC_DETECTOR-main\MICROPLASTIC_DETECTOR-main\dataset\train\fragment\fragment_0209.png
fragment_0210.png,fragment,3,train,C:\Users\hs085\Downloads\MICROPLASTIC_DETECTOR-main\MICROPLASTIC_DETECTOR-main\dataset\train\fragment\fragment_0210.png
fragment_0211.png,fragment,3,train,C:\Users\hs085\Downloads\MICROPLASTIC_DETECTOR-main\MICROPLASTIC_DETECTOR-main\dataset\train\fragment\fragment_0211.png
fragment_0212.png,fragment,3,train,C:\Users\hs085\Downloads\MICROPLASTIC_DETECTOR-main\MICROPLASTIC_DETECTOR-main\dataset\train\fragment\fragment_0212.png
fragment_0213.png,fragment,3,train,C:\Users\hs085\Downloads\MICROPLASTIC_DETECTOR-main\MICROPLASTIC_DETECTOR-main\dataset\train\fragment\fragment_0213.png
fragment_0214.png,fragment,3,train,C:\Users\hs085\Downloads\MICROPLASTIC_DETECTOR-main\MICROPLASTIC_DETECTOR-main\dataset\train\fragment\fragment_0214.png
fragment_0215.png,fragment,3,train,C:\Users\hs085\Downloads\MICROPLASTIC_DETECTOR-main\MICROPLASTIC_DETECTOR-main\dataset\train\fragment\fragment_0215.png
fragment_0216.png,fragment,3,train,C:\Users\hs085\Downloads\MICROPLASTIC_DETECTOR-main\MICROPLASTIC_DETECTOR-main\dataset\train\fragment\fragment_0216.png
fragment_0217.png,fragment,3,train,C:\Users\hs085\Downloads\MICROPLASTIC_DETECTOR-main\MICROPLASTIC_DETECTOR-main\dataset\train\fragment\fragment_0217.png
fragment_0218.png,fragment,3,train,C:\Users\hs085\Downloads\MICROPLASTIC_DETECTOR-main\MICROPLASTIC_DETECTOR-main\dataset\train\fragment\fragment_0218.png
fragment_0219.png,fragment,3,train,C:\Users\hs085\Downloads\MICROPLASTIC_DETECTOR-main\MICROPLASTIC_DETECTOR-main\dataset\train\fragment\fragment_0219.png
fragment_0220.png,fragment,3,train,C:\Users\hs085\Downloads\MICROPLASTIC_DETECTOR-main\MICROPLASTIC_DETECTOR-main\dataset\train\fragment\fragment_0220.png
fragment_0221.png,fragment,3,train,C:\Users\hs085\Downloads\MICROPLASTIC_DETECTOR-main\MICROPLASTIC_DETECTOR-main\dataset\train\fragment\fragment_0221.png
fragment_0222.png,fragment,3,train,C:\Users\hs085\Downloads\MICROPLASTIC_DETECTOR-main\MICROPLASTIC_DETECTOR-main\dataset\train\fragment\fragment_0222.png
fragment_0223.png,fragment,3,train,C:\Users\hs085\Downloads\MICROPLASTIC_DETECTOR-main\MICROPLASTIC_DETECTOR-main\dataset\train\fragment\fragment_0223.png
fragment_0224.png,fragment,3,train,C:\Users\hs085\Downloads\MICROPLASTIC_DETECTOR-main\MICROPLASTIC_DETECTOR-main\dataset\train\fragment\fragment_0224.png
fragment_0225.png,fragment,3,train,C:\Users\hs085\Downloads\MICROPLASTIC_DETECTOR-main\MICROPLASTIC_DETECTOR-main\dataset\train\fragment\fragment_0225.png
fragment_0226.png,fragment,3,train,C:\Users\hs085\Downloads\MICROPLASTIC_DETECTOR-main\MICROPLASTIC_DETECTOR-main\dataset\train\fragment\fragment_0226.png
fragment_0227.png,fragment,3,train,C:\Users\hs085\Downloads\MICROPLASTIC_DETECTOR-main\MICROPLASTIC_DETECTOR-main\dataset\train\fragment\fragment_0227.png
fragment_0228.png,fragment,3,train,C:\Users\hs085\Downloads\MICROPLASTIC_DETECTOR-main\MICROPLASTIC_DETECTOR-main\dataset\train\fragment\fragment_0228.png
fragment_0229.png,fragment,3,train,C:\Users\hs085\Downloads\MICROPLASTIC_DETECTOR-main\MICROPLASTIC_DETECTOR-main\dataset\train\fragment\fragment_0229.png
fragment_0230.png,fragment,3,train,C:\Users\hs085\Downloads\MICROPLASTIC_DETECTOR-main\MICROPLASTIC_DETECTOR-main\dataset\train\fragment\fragment_0230.png
fragment_0231.png,fragment,3,train,C:\Users\hs085\Downloads\MICROPLASTIC_DETECTOR-main\MICROPLASTIC_DETECTOR-main\dataset\train\fragment\fragment_0231.png
fragment_0232.png,fragment,3,train,C:\Users\hs085\Downloads\MICROPLASTIC_DETECTOR-main\MICROPLASTIC_DETECTOR-main\dataset\train\fragment\fragment_0232.png
fragment_0233.png,fragment,3,train,C:\Users\hs085\Downloads\MICROPLASTIC_DETECTOR-main\MICROPLASTIC_DETECTOR-main\dataset\train\fragment\fragment_0233.png
fragment_0234.png,fragment,3,train,C:\Users\hs085\Downloads\MICROPLASTIC_DETECTOR-main\MICROPLASTIC_DETECTOR-main\dataset\train\fragment\fragment_0234.png
fragment_0235.png,fragment,3,train,C:\Users\hs085\Downloads\MICROPLASTIC_DETECTOR-main\MICROPLASTIC_DETECTOR-main\dataset\train\fragment\fragment_0235.png
fragment_0236.png,fragment,3,train,C:\Users\hs085\Downloads\MICROPLASTIC_DETECTOR-main\MICROPLASTIC_DETECTOR-main\dataset\train\fragment\fragment_0236.png
fragment_0237.png,fragment,3,train,C:\Users\hs085\Downloads\MICROPLASTIC_DETECTOR-main\MICROPLASTIC_DETECTOR-main\dataset\train\fragment\fragment_0237.png
fragment_0238.png,fragment,3,train,C:\Users\hs085\Downloads\MICROPLASTIC_DETECTOR-main\MICROPLASTIC_DETECTOR-main\dataset\train\fragment\fragment_0238.png
fragment_0239.png,fragment,3,train,C:\Users\hs085\Downloads\MICROPLASTIC_DETECTOR-main\MICROPLASTIC_DETECTOR-main\dataset\train\fragment\fragment_0239.png
fragment_0240.png,fragment,3,train,C:\Users\hs085\Downloads\MICROPLASTIC_DETECTOR-main\MICROPLASTIC_DETECTOR-main\dataset\train\fragment\fragment_0240.png
fragment_0241.png,fragment,3,train,C:\Users\hs085\Downloads\MICROPLASTIC_DETECTOR-main\MICROPLASTIC_DETECTOR-main\dataset\train\fragment\fragment_0241.png
fragment_0242.png,fragment,3,train,C:\Users\hs085\Downloads\MICROPLASTIC_DETECTOR-main\MICROPLASTIC_DETECTOR-main\dataset\train\fragment\fragment_0242.png
fragment_0243.png,fragment,3,train,C:\Users\hs085\Downloads\MICROPLASTIC_DETECTOR-main\MICROPLASTIC_DETECTOR-main\dataset\train\fragment\fragment_0243.png
fragment_0244.png,fragment,3,train,C:\Users\hs085\Downloads\MICROPLASTIC_DETECTOR-main\MICROPLASTIC_DETECTOR-main\dataset\train\fragment\fragment_0244.png
fragment_0245.png,fragment,3,train,C:\Users\hs085\Downloads\MICROPLASTIC_DETECTOR-main\MICROPLASTIC_DETECTOR-main\dataset\train\fragment\fragment_0245.png
fragment_0246.png,fragment,3,train,C:\Users\hs085\Downloads\MICROPLASTIC_DETECTOR-main\MICROPLASTIC_DETECTOR-main\dataset\train\fragment\fragment_0246.png
fragment_0247.png,fragment,3,train,C:\Users\hs085\Downloads\MICROPLASTIC_DETECTOR-main\MICROPLASTIC_DETECTOR-main\dataset\train\fragment\fragment_0247.png
fragment_0248.png,fragment,3,train,C:\Users\hs085\Downloads\MICROPLASTIC_DETECTOR-main\MICROPLASTIC_DETECTOR-main\dataset\train\fragment\fragment_0248.png
fragment_0249.png,fragment,3,train,C:\Users\hs085\Downloads\MICROPLASTIC_DETECTOR-main\MICROPLASTIC_DETECTOR-main\dataset\train\fragment\fragment_0249.png
fragment_0250.png,fragment,3,train,C:\Users\hs085\Downloads\MICROPLASTIC_DETECTOR-main\MICROPLASTIC_DETECTOR-main\dataset\train\fragment\fragment_0250.png
fragment_0251.png,fragment,3,train,C:\Users\hs085\Downloads\MICROPLASTIC_DETECTOR-main\MICROPLASTIC_DETECTOR-main\dataset\train\fragment\fragment_0251.png
fragment_0252.png,fragment,3,train,C:\Users\hs085\Downloads\MICROPLASTIC_DETECTOR-main\MICROPLASTIC_DETECTOR-main\dataset\train\fragment\fragment_0252.png
fragment_0253.png,fragment,3,train,C:\Users\hs085\Downloads\MICROPLASTIC_DETECTOR-main\MICROPLASTIC_DETECTOR-main\dataset\train\fragment\fragment_0253.png
fragment_0254.png,fragment,3,train,C:\Users\hs085\Downloads\MICROPLASTIC_DETECTOR-main\MICROPLASTIC_DETECTOR-main\dataset\train\fragment\fragment_0254.png
fragment_0255.png,fragment,3,train,C:\Users\hs085\Downloads\MICROPLASTIC_DETECTOR-main\MICROPLASTIC_DETECTOR-main\dataset\train\fragment\fragment_0255.png
fragment_0256.png,fragment,3,train,C:\Users\hs085\Downloads\MICROPLASTIC_DETECTOR-main\MICROPLASTIC_DETECTOR-main\dataset\train\fragment\fragment_0256.png
fragment_0257.png,fragment,3,train,C:\Users\hs085\Downloads\MICROPLASTIC_DETECTOR-main\MICROPLASTIC_DETECTOR-main\dataset\train\fragment\fragment_0257.png
fragment_0258.png,fragment,3,train,C:\Users\hs085\Downloads\MICROPLASTIC_DETECTOR-main\MICROPLASTIC_DETECTOR-main\dataset\train\fragment\fragment_0258.png
fragment_0259.png,fragment,3,train,C:\Users\hs085\Downloads\MICROPLASTIC_DETECTOR-main\MICROPLASTIC_DETECTOR-main\dataset\train\fragment\fragment_0259.png
fragment_0260.png,fragment,3,train,C:\Users\hs085\Downloads\MICROPLASTIC_DETECTOR-main\MICROPLASTIC_DETECTOR-main\dataset\train\fragment\fragment_0260.png
fragment_0261.png,fragment,3,train,C:\Users\hs085\Downloads\MICROPLASTIC_DETECTOR-main\MICROPLASTIC_DETECTOR-main\dataset\train\fragment\fragment_0261.png
fragment_0262.png,fragment,3,train,C:\Users\hs085\Downloads\MICROPLASTIC_DETECTOR-main\MICROPLASTIC_DETECTOR-main\dataset\train\fragment\fragment_0262.png
fragment_0263.png,fragment,3,train,C:\Users\hs085\Downloads\MICROPLASTIC_DETECTOR-main\MICROPLASTIC_DETECTOR-main\dataset\train\fragment\fragment_0263.png
fragment_0264.png,fragment,3,train,C:\Users\hs085\Downloads\MICROPLASTIC_DETECTOR-main\MICROPLASTIC_DETECTOR-main\dataset\train\fragment\fragment_0264.png
fragment_0265.png,fragment,3,train,C:\Users\hs085\Downloads\MICROPLASTIC_DETECTOR-main\MICROPLASTIC_DETECTOR-main\dataset\train\fragment\fragment_0265.png
fragment_0266.png,fragment,3,train,C:\Users\hs085\Downloads\MICROPLASTIC_DETECTOR-main\MICROPLASTIC_DETECTOR-main\dataset\train\fragment\fragment_0266.png
fragment_0267.png,fragment,3,train,C:\Users\hs085\Downloads\MICROPLASTIC_DETECTOR-main\MICROPLASTIC_DETECTOR-main\dataset\train\fragment\fragment_0267.png
fragment_0268.png,fragment,3,train,C:\Users\hs085\Downloads\MICROPLASTIC_DETECTOR-main\MICROPLASTIC_DETECTOR-main\dataset\train\fragment\fragment_0268.png
fragment_0269.png,fragment,3,train,C:\Users\hs085\Downloads\MICROPLASTIC_DETECTOR-main\MICROPLASTIC_DETECTOR-main\dataset\train\fragment\fragment_0269.png
fragment_0270.png,fragment,3,train,C:\Users\hs085\Downloads\MICROPLASTIC_DETECTOR-main\MICROPLASTIC_DETECTOR-main\dataset\train\fragment\fragment_0270.png
fragment_0271.png,fragment,3,train,C:\Users\hs085\Downloads\MICROPLASTIC_DETECTOR-main\MICROPLASTIC_DETECTOR-main\dataset\train\fragment\fragment_0271.png
fragment_0272.png,fragment,3,train,C:\Users\hs085\Downloads\MICROPLASTIC_DETECTOR-main\MICROPLASTIC_DETECTOR-main\dataset\train\fragment\fragment_0272.png
fragment_0273.png,fragment,3,train,C:\Users\hs085\Downloads\MICROPLASTIC_DETECTOR-main\MICROPLASTIC_DETECTOR-main\dataset\train\fragment\fragment_0273.png
fragment_0274.png,fragment,3,train,C:\Users\hs085\Downloads\MICROPLASTIC_DETECTOR-main\MICROPLASTIC_DETECTOR-main\dataset\train\fragment\fragment_0274.png
fragment_0275.png,fragment,3,train,C:\Users\hs085\Downloads\MICROPLASTIC_DETECTOR-main\MICROPLASTIC_DETECTOR-main\dataset\train\fragment\fragment_0275.png
fragment_0276.png,fragment,3,train,C:\Users\hs085\Downloads\MICROPLASTIC_DETECTOR-main\MICROPLASTIC_DETECTOR-main\dataset\train\fragment\fragment_0276.png
fragment_0277.png,fragment,3,train,C:\Users\hs085\Downloads\MICROPLASTIC_DETECTOR-main\MICROPLASTIC_DETECTOR-main\dataset\train\fragment\fragment_0277.png
fragment_0278.png,fragment,3,train,C:\Users\hs085\Downloads\MICROPLASTIC_DETECTOR-main\MICROPLASTIC_DETECTOR-main\dataset\train\fragment\fragment_0278.png
fragment_0279.png,fragment,3,train,C:\Users\hs085\Downloads\MICROPLASTIC_DETECTOR-main\MICROPLASTIC_DETECTOR-main\dataset\train\fragment\fragment_0279.png
fragment_0280.png,fragment,3,train,C:\Users\hs085\Downloads\MICROPLASTIC_DETECTOR-main\MICROPLASTIC_DETECTOR-main\dataset\train\fragment\fragment_0280.png
fragment_0281.png,fragment,3,train,C:\Users\hs085\Downloads\MICROPLASTIC_DETECTOR-main\MICROPLASTIC_DETECTOR-main\dataset\train\fragment\fragment_0281.png
fragment_0282.png,fragment,3,train,C:\Users\hs085\Downloads\MICROPLASTIC_DETECTOR-main\MICROPLASTIC_DETECTOR-main\dataset\train\fragment\fragment_0282.png
fragment_0283.png,fragment,3,train,C:\Users\hs085\Downloads\MICROPLASTIC_DETECTOR-main\MICROPLASTIC_DETECTOR-main\dataset\train\fragment\fragment_0283.png
fragment_0284.png,fragment,3,train,C:\Users\hs085\Downloads\MICROPLASTIC_DETECTOR-main\MICROPLASTIC_DETECTOR-main\dataset\train\fragment\fragment_0284.png
fragment_0285.png,fragment,3,train,C:\Users\hs085\Downloads\MICROPLASTIC_DETECTOR-main\MICROPLASTIC_DETECTOR-main\dataset\train\fragment\fragment_0285.png
fragment_0286.png,fragment,3,train,C:\Users\hs085\Downloads\MICROPLASTIC_DETECTOR-main\MICROPLASTIC_DETECTOR-main\dataset\train\fragment\fragment_0286.png
fragment_0287.png,fragment,3,train,C:\Users\hs085\Downloads\MICROPLASTIC_DETECTOR-main\MICROPLASTIC_DETECTOR-main\dataset\train\fragment\fragment_0287.png
fragment_0288.png,fragment,3,train,C:\Users\hs085\Downloads\MICROPLASTIC_DETECTOR-main\MICROPLASTIC_DETECTOR-main\dataset\train\fragment\fragment_0288.png
fragment_0289.png,fragment,3,train,C:\Users\hs085\Downloads\MICROPLASTIC_DETECTOR-main\MICROPLASTIC_DETECTOR-main\dataset\train\fragment\fragment_0289.png
fragment_0290.png,fragment,3,train,C:\Users\hs085\Downloads\MICROPLASTIC_DETECTOR-main\MICROPLASTIC_DETECTOR-main\dataset\train\fragment\fragment_0290.png
fragment_0291.png,fragment,3,train,C:\Users\hs085\Downloads\MICROPLASTIC_DETECTOR-main\MICROPLASTIC_DETECTOR-main\dataset\train\fragment\fragment_0291.png
fragment_0292.png,fragment,3,train,C:\Users\hs085\Downloads\MICROPLASTIC_DETECTOR-main\MICROPLASTIC_DETECTOR-main\dataset\train\fragment\fragment_0292.png
fragment_0293.png,fragment,3,train,C:\Users\hs085\Downloads\MICROPLASTIC_DETECTOR-main\MICROPLASTIC_DETECTOR-main\dataset\train\fragment\fragment_0293.png
fragment_0294.png,fragment,3,train,C:\Users\hs085\Downloads\MICROPLASTIC_DETECTOR-main\MICROPLASTIC_DETECTOR-main\dataset\train\fragment\fragment_0294.png
fragment_0295.png,fragment,3,train,C:\Users\hs085\Downloads\MICROPLASTIC_DETECTOR-main\MICROPLASTIC_DETECTOR-main\dataset\train\fragment\fragment_0295.png
fragment_0296.png,fragment,3,train,C:\Users\hs085\Downloads\MICROPLASTIC_DETECTOR-main\MICROPLASTIC_DETECTOR-main\dataset\train\fragment\fragment_0296.png
fragment_0297.png,fragment,3,train,C:\Users\hs085\Downloads\MICROPLASTIC_DETECTOR-main\MICROPLASTIC_DETECTOR-main\dataset\train\fragment\fragment_0297.png
fragment_0298.png,fragment,3,train,C:\Users\hs085\Downloads\MICROPLASTIC_DETECTOR-main\MICROPLASTIC_DETECTOR-main\dataset\train\fragment\fragment_0298.png
fragment_0299.png,fragment,3,train,C:\Users\hs085\Downloads\MICROPLASTIC_DETECTOR-main\MICROPLASTIC_DETECTOR-main\dataset\train\fragment\fragment_0299.png
fragment_0300.png,fragment,3,train,C:\Users\hs085\Downloads\MICROPLASTIC_DETECTOR-main\MICROPLASTIC_DETECTOR-main\dataset\train\fragment\fragment_0300.png
fragment_0301.png,fragment,3,train,C:\Users\hs085\Downloads\MICROPLASTIC_DETECTOR-main\MICROPLASTIC_DETECTOR-main\dataset\train\fragment\fragment_0301.png
fragment_0302.png,fragment,3,train,C:\Users\hs085\Downloads\MICROPLASTIC_DETECTOR-main\MICROPLASTIC_DETECTOR-main\dataset\train\fragment\fragment_0302.png
fragment_0303.png,fragment,3,train,C:\Users\hs085\Downloads\MICROPLASTIC_DETECTOR-main\MICROPLASTIC_DETECTOR-main\dataset\train\fragment\fragment_0303.png
fragment_0304.png,fragment,3,train,C:\Users\hs085\Downloads\MICROPLASTIC_DETECTOR-main\MICROPLASTIC_DETECTOR-main\dataset\train\fragment\fragment_0304.png
fragment_0305.png,fragment,3,train,C:\Users\hs085\Downloads\MICROPLASTIC_DETECTOR-main\MICROPLASTIC_DETECTOR-main\dataset\train\fragment\fragment_0305.png
fragment_0306.png,fragment,3,train,C:\Users\hs085\Downloads\MICROPLASTIC_DETECTOR-main\MICROPLASTIC_DETECTOR-main\dataset\train\fragment\fragment_0306.png
fragment_0307.png,fragment,3,train,C:\Users\hs085\Downloads\MICROPLASTIC_DETECTOR-main\MICROPLASTIC_DETECTOR-main\dataset\train\fragment\fragment_0307.png
fragment_0308.png,fragment,3,train,C:\Users\hs085\Downloads\MICROPLASTIC_DETECTOR-main\MICROPLASTIC_DETECTOR-main\dataset\train\fragment\fragment_0308.png
fragment_0309.png,fragment,3,train,C:\Users\hs085\Downloads\MICROPLASTIC_DETECTOR-main\MICROPLASTIC_DETECTOR-main\dataset\train\fragment\fragment_0309.png
fragment_0310.png,fragment,3,train,C:\Users\hs085\Downloads\MICROPLASTIC_DETECTOR-main\MICROPLASTIC_DETECTOR-main\dataset\train\fragment\fragment_0310.png
fragment_0311.png,fragment,3,train,C:\Users\hs085\Downloads\MICROPLASTIC_DETECTOR-main\MICROPLASTIC_DETECTOR-main\dataset\train\fragment\fragment_0311.png
fragment_0312.png,fragment,3,train,C:\Users\hs085\Downloads\MICROPLASTIC_DETECTOR-main\MICROPLASTIC_DETECTOR-main\dataset\train\fragment\fragment_0312.png
fragment_0313.png,fragment,3,train,C:\Users\hs085\Downloads\MICROPLASTIC_DETECTOR-main\MICROPLASTIC_DETECTOR-main\dataset\train\fragment\fragment_0313.png
fragment_0314.png,fragment,3,train,C:\Users\hs085\Downloads\MICROPLASTIC_DETECTOR-main\MICROPLASTIC_DETECTOR-main\dataset\train\fragment\fragment_0314.png
fragment_0315.png,fragment,3,train,C:\Users\hs085\Downloads\MICROPLASTIC_DETECTOR-main\MICROPLASTIC_DETECTOR-main\dataset\train\fragment\fragment_0315.png
fragment_0316.png,fragment,3,train,C:\Users\hs085\Downloads\MICROPLASTIC_DETECTOR-main\MICROPLASTIC_DETECTOR-main\dataset\train\fragment\fragment_0316.png
fragment_0317.png,fragment,3,train,C:\Users\hs085\Downloads\MICROPLASTIC_DETECTOR-main\MICROPLASTIC_DETECTOR-main\dataset\train\fragment\fragment_0317.png
fragment_0318.png,fragment,3,train,C:\Users\hs085\Downloads\MICROPLASTIC_DETECTOR-main\MICROPLASTIC_DETECTOR-main\dataset\train\fragment\fragment_0318.png
fragment_0319.png,fragment,3,train,C:\Users\hs085\Downloads\MICROPLASTIC_DETECTOR-main\MICROPLASTIC_DETECTOR-main\dataset\train\fragment\fragment_0319.png
fragment_0320.png,fragment,3,train,C:\Users\hs085\Downloads\MICROPLASTIC_DETECTOR-main\MICROPLASTIC_DETECTOR-main\dataset\train\fragment\fragment_0320.png
fragment_0321.png,fragment,3,train,C:\Users\hs085\Downloads\MICROPLASTIC_DETECTOR-main\MICROPLASTIC_DETECTOR-main\dataset\train\fragment\fragment_0321.png
fragment_0322.png,fragment,3,train,C:\Users\hs085\Downloads\MICROPLASTIC_DETECTOR-main\MICROPLASTIC_DETECTOR-main\dataset\train\fragment\fragment_0322.png
fragment_0323.png,fragment,3,train,C:\Users\hs085\Downloads\MICROPLASTIC_DETECTOR-main\MICROPLASTIC_DETECTOR-main\dataset\train\fragment\fragment_0323.png
fragment_0324.png,fragment,3,train,C:\Users\hs085\Downloads\MICROPLASTIC_DETECTOR-main\MICROPLASTIC_DETECTOR-main\dataset\train\fragment\fragment_0324.png
fragment_0325.png,fragment,3,train,C:\Users\hs085\Downloads\MICROPLASTIC_DETECTOR-main\MICROPLASTIC_DETECTOR-main\dataset\train\fragment\fragment_0325.png
fragment_0326.png,fragment,3,train,C:\Users\hs085\Downloads\MICROPLASTIC_DETECTOR-main\MICROPLASTIC_DETECTOR-main\dataset\train\fragment\fragment_0326.png
fragment_0327.png,fragment,3,train,C:\Users\hs085\Downloads\MICROPLASTIC_DETECTOR-main\MICROPLASTIC_DETECTOR-main\dataset\train\fragment\fragment_0327.png
fragment_0328.png,fragment,3,train,C:\Users\hs085\Downloads\MICROPLASTIC_DETECTOR-main\MICROPLASTIC_DETECTOR-main\dataset\train\fragment\fragment_0328.png
fragment_0329.png,fragment,3,train,C:\Users\hs085\Downloads\MICROPLASTIC_DETECTOR-main\MICROPLASTIC_DETECTOR-main\dataset\train\fragment\fragment_0329.png
fragment_0330.png,fragment,3,train,C:\Users\hs085\Downloads\MICROPLASTIC_DETECTOR-main\MICROPLASTIC_DETECTOR-main\dataset\train\fragment\fragment_0330.png
fragment_0331.png,fragment,3,train,C:\Users\hs085\Downloads\MICROPLASTIC_DETECTOR-main\MICROPLASTIC_DETECTOR-main\dataset\train\fragment\fragment_0331.png
fragment_0332.png,fragment,3,train,C:\Users\hs085\Downloads\MICROPLASTIC_DETECTOR-main\MICROPLASTIC_DETECTOR-main\dataset\train\fragment\fragment_0332.png
fragment_0333.png,fragment,3,train,C:\Users\hs085\Downloads\MICROPLASTIC_DETECTOR-main\MICROPLASTIC_DETECTOR-main\dataset\train\fragment\fragment_0333.png
fragment_0334.png,fragment,3,train,C:\Users\hs085\Downloads\MICROPLASTIC_DETECTOR-main\MICROPLASTIC_DETECTOR-main\dataset\train\fragment\fragment_0334.png
fragment_0335.png,fragment,3,train,C:\Users\hs085\Downloads\MICROPLASTIC_DETECTOR-main\MICROPLASTIC_DETECTOR-main\dataset\train\fragment\fragment_0335.png
fragment_0336.png,fragment,3,train,C:\Users\hs085\Downloads\MICROPLASTIC_DETECTOR-main\MICROPLASTIC_DETECTOR-main\dataset\train\fragment\fragment_0336.png
fragment_0337.png,fragment,3,train,C:\Users\hs085\Downloads\MICROPLASTIC_DETECTOR-main\MICROPLASTIC_DETECTOR-main\dataset\train\fragment\fragment_0337.png
fragment_0338.png,fragment,3,train,C:\Users\hs085\Downloads\MICROPLASTIC_DETECTOR-main\MICROPLASTIC_DETECTOR-main\dataset\train\fragment\fragment_0338.png
fragment_0339.png,fragment,3,train,C:\Users\hs085\Downloads\MICROPLASTIC_DETECTOR-main\MICROPLASTIC_DETECTOR-main\dataset\train\fragment\fragment_0339.png
fragment_0340.png,fragment,3,train,C:\Users\hs085\Downloads\MICROPLASTIC_DETECTOR-main\MICROPLASTIC_DETECTOR-main\dataset\train\fragment\fragment_0340.png
fragment_0341.png,fragment,3,train,C:\Users\hs085\Downloads\MICROPLASTIC_DETECTOR-main\MICROPLASTIC_DETECTOR-main\dataset\train\fragment\fragment_0341.png
fragment_0342.png,fragment,3,train,C:\Users\hs085\Downloads\MICROPLASTIC_DETECTOR-main\MICROPLASTIC_DETECTOR-main\dataset\train\fragment\fragment_0342.png
fragment_0343.png,fragment,3,train,C:\Users\hs085\Downloads\MICROPLASTIC_DETECTOR-main\MICROPLASTIC_DETECTOR-main\dataset\train\fragment\fragment_0343.png
fragment_0344.png,fragment,3,train,C:\Users\hs085\Downloads\MICROPLASTIC_DETECTOR-main\MICROPLASTIC_DETECTOR-main\dataset\train\fragment\fragment_0344.png
fragment_0345.png,fragment,3,train,C:\Users\hs085\Downloads\MICROPLASTIC_DETECTOR-main\MICROPLASTIC_DETECTOR-main\dataset\train\fragment\fragment_0345.png
fragment_0346.png,fragment,3,train,C:\Users\hs085\Downloads\MICROPLASTIC_DETECTOR-main\MICROPLASTIC_DETECTOR-main\dataset\train\fragment\fragment_0346.png
fragment_0347.png,fragment,3,train,C:\Users\hs085\Downloads\MICROPLASTIC_DETECTOR-main\MICROPLASTIC_DETECTOR-main\dataset\train\fragment\fragment_0347.png
fragment_0348.png,fragment,3,train,C:\Users\hs085\Downloads\MICROPLASTIC_DETECTOR-main\MICROPLASTIC_DETECTOR-main\dataset\train\fragment\fragment_0348.png
fragment_0349.png,fragment,3,train,C:\Users\hs085\Downloads\MICROPLASTIC_DETECTOR-main\MICROPLASTIC_DETECTOR-main\dataset\train\fragment\fragment_0349.png
fragment_0350.png,fragment,3,train,C:\Users\hs085\Downloads\MICROPLASTIC_DETECTOR-main\MICROPLASTIC_DETECTOR-main\dataset\train\fragment\fragment_0350.png
fragment_0351.png,fragment,3,train,C:\Users\hs085\Downloads\MICROPLASTIC_DETECTOR-main\MICROPLASTIC_DETECTOR-main\dataset\train\fragment\fragment_0351.png
fragment_0352.png,fragment,3,train,C:\Users\hs085\Downloads\MICROPLASTIC_DETECTOR-main\MICROPLASTIC_DETECTOR-main\dataset\train\fragment\fragment_0352.png
fragment_0353.png,fragment,3,train,C:\Users\hs085\Downloads\MICROPLASTIC_DETECTOR-main\MICROPLASTIC_DETECTOR-main\dataset\train\fragment\fragment_0353.png
fragment_0354.png,fragment,3,train,C:\Users\hs085\Downloads\MICROPLASTIC_DETECTOR-main\MICROPLASTIC_DETECTOR-main\dataset\train\fragment\fragment_0354.png
fragment_0355.png,fragment,3,train,C:\Users\hs085\Downloads\MICROPLASTIC_DETECTOR-main\MICROPLASTIC_DETECTOR-main\dataset\train\fragment\fragment_0355.png
fragment_0356.png,fragment,3,train,C:\Users\hs085\Downloads\MICROPLASTIC_DETECTOR-main\MICROPLASTIC_DETECTOR-main\dataset\train\fragment\fragment_0356.png
fragment_0357.png,fragment,3,train,C:\Users\hs085\Downloads\MICROPLASTIC_DETECTOR-main\MICROPLASTIC_DETECTOR-main\dataset\train\fragment\fragment_0357.png
fragment_0358.png,fragment,3,train,C:\Users\hs085\Downloads\MICROPLASTIC_DETECTOR-main\MICROPLASTIC_DETECTOR-main\dataset\train\fragment\fragment_0358.png
fragment_0359.png,fragment,3,train,C:\Users\hs085\Downloads\MICROPLASTIC_DETECTOR-main\MICROPLASTIC_DETECTOR-main\dataset\train\fragment\fragment_0359.png
fragment_0360.png,fragment,3,train,C:\Users\hs085\Downloads\MICROPLASTIC_DETECTOR-main\MICROPLASTIC_DETECTOR-main\dataset\train\fragment\fragment_0360.png
fragment_0361.png,fragment,3,train,C:\Users\hs085\Downloads\MICROPLASTIC_DETECTOR-main\MICROPLASTIC_DETECTOR-main\dataset\train\fragment\fragment_0361.png
fragment_0362.png,fragment,3,train,C:\Users\hs085\Downloads\MICROPLASTIC_DETECTOR-main\MICROPLASTIC_DETECTOR-main\dataset\train\fragment\fragment_0362.png
fragment_0363.png,fragment,3,train,C:\Users\hs085\Downloads\MICROPLASTIC_DETECTOR-main\MICROPLASTIC_DETECTOR-main\dataset\train\fragment\fragment_0363.png
fragment_0364.png,fragment,3,train,C:\Users\hs085\Downloads\MICROPLASTIC_DETECTOR-main\MICROPLASTIC_DETECTOR-main\dataset\train\fragment\fragment_0364.png
fragment_0365.png,fragment,3,train,C:\Users\hs085\Downloads\MICROPLASTIC_DETECTOR-main\MICROPLASTIC_DETECTOR-main\dataset\train\fragment\fragment_0365.png
fragment_0366.png,fragment,3,train,C:\Users\hs085\Downloads\MICROPLASTIC_DETECTOR-main\MICROPLASTIC_DETECTOR-main\dataset\train\fragment\fragment_0366.png
fragment_0367.png,fragment,3,train,C:\Users\hs085\Downloads\MICROPLASTIC_DETECTOR-main\MICROPLASTIC_DETECTOR-main\dataset\train\fragment\fragment_0367.png
fragment_0368.png,fragment,3,train,C:\Users\hs085\Downloads\MICROPLASTIC_DETECTOR-main\MICROPLASTIC_DETECTOR-main\dataset\train\fragment\fragment_0368.png
fragment_0369.png,fragment,3,train,C:\Users\hs085\Downloads\MICROPLASTIC_DETECTOR-main\MICROPLASTIC_DETECTOR-main\dataset\train\fragment\fragment_0369.png
fragment_0370.png,fragment,3,train,C:\Users\hs085\Downloads\MICROPLASTIC_DETECTOR-main\MICROPLASTIC_DETECTOR-main\dataset\train\fragment\fragment_0370.png
fragment_0371.png,fragment,3,train,C:\Users\hs085\Downloads\MICROPLASTIC_DETECTOR-main\MICROPLASTIC_DETECTOR-main\dataset\train\fragment\fragment_0371.png
fragment_0372.png,fragment,3,train,C:\Users\hs085\Downloads\MICROPLASTIC_DETECTOR-main\MICROPLASTIC_DETECTOR-main\dataset\train\fragment\fragment_0372.png
fragment_0373.png,fragment,3,train,C:\Users\hs085\Downloads\MICROPLASTIC_DETECTOR-main\MICROPLASTIC_DETECTOR-main\dataset\train\fragment\fragment_0373.png
fragment_0374.png,fragment,3,train,C:\Users\hs085\Downloads\MICROPLASTIC_DETECTOR-main\MICROPLASTIC_DETECTOR-main\dataset\train\fragment\fragment_0374.png
fragment_0375.png,fragment,3,train,C:\Users\hs085\Downloads\MICROPLASTIC_DETECTOR-main\MICROPLASTIC_DETECTOR-main\dataset\train\fragment\fragment_0375.png
fragment_0376.png,fragment,3,train,C:\Users\hs085\Downloads\MICROPLASTIC_DETECTOR-main\MICROPLASTIC_DETECTOR-main\dataset\train\fragment\fragment_0376.png
fragment_0377.png,fragment,3,train,C:\Users\hs085\Downloads\MICROPLASTIC_DETECTOR-main\MICROPLASTIC_DETECTOR-main\dataset\train\fragment\fragment_0377.png
fragment_0378.png,fragment,3,train,C:\Users\hs085\Downloads\MICROPLASTIC_DETECTOR-main\MICROPLASTIC_DETECTOR-main\dataset\train\fragment\fragment_0378.png
fragment_0379.png,fragment,3,train,C:\Users\hs085\Downloads\MICROPLASTIC_DETECTOR-main\MICROPLASTIC_DETECTOR-main\dataset\train\fragment\fragment_0379.png
fragment_0380.png,fragment,3,train,C:\Users\hs085\Downloads\MICROPLASTIC_DETECTOR-main\MICROPLASTIC_DETECTOR-main\dataset\train\fragment\fragment_0380.png
fragment_0381.png,fragment,3,train,C:\Users\hs085\Downloads\MICROPLASTIC_DETECTOR-main\MICROPLASTIC_DETECTOR-main\dataset\train\fragment\fragment_0381.png
fragment_0382.png,fragment,3,train,C:\Users\hs085\Downloads\MICROPLASTIC_DETECTOR-main\MICROPLASTIC_DETECTOR-main\dataset\train\fragment\fragment_0382.png
fragment_0383.png,fragment,3,train,C:\Users\hs085\Downloads\MICROPLASTIC_DETECTOR-main\MICROPLASTIC_DETECTOR-main\dataset\train\fragment\fragment_0383.png
fragment_0384.png,fragment,3,train,C:\Users\hs085\Downloads\MICROPLASTIC_DETECTOR-main\MICROPLASTIC_DETECTOR-main\dataset\train\fragment\fragment_0384.png
fragment_0385.png,fragment,3,train,C:\Users\hs085\Downloads\MICROPLASTIC_DETECTOR-main\MICROPLASTIC_DETECTOR-main\dataset\train\fragment\fragment_0385.png
fragment_0386.png,fragment,3,train,C:\Users\hs085\Downloads\MICROPLASTIC_DETECTOR-main\MICROPLASTIC_DETECTOR-main\dataset\train\fragment\fragment_0386.png
fragment_0387.png,fragment,3,train,C:\Users\hs085\Downloads\MICROPLASTIC_DETECTOR-main\MICROPLASTIC_DETECTOR-main\dataset\train\fragment\fragment_0387.png
fragment_0388.png,fragment,3,train,C:\Users\hs085\Downloads\MICROPLASTIC_DETECTOR-main\MICROPLASTIC_DETECTOR-main\dataset\train\fragment\fragment_0388.png
fragment_0389.png,fragment,3,train,C:\Users\hs085\Downloads\MICROPLASTIC_DETECTOR-main\MICROPLASTIC_DETECTOR-main\dataset\train\fragment\fragment_0389.png
fragment_0390.png,fragment,3,train,C:\Users\hs085\Downloads\MICROPLASTIC_DETECTOR-main\MICROPLASTIC_DETECTOR-main\dataset\train\fragment\fragment_0390.png
fragment_0391.png,fragment,3,train,C:\Users\hs085\Downloads\MICROPLASTIC_DETECTOR-main\MICROPLASTIC_DETECTOR-main\dataset\train\fragment\fragment_0391.png
fragment_0392.png,fragment,3,train,C:\Users\hs085\Downloads\MICROPLASTIC_DETECTOR-main\MICROPLASTIC_DETECTOR-main\dataset\train\fragment\fragment_0392.png
fragment_0393.png,fragment,3,train,C:\Users\hs085\Downloads\MICROPLASTIC_DETECTOR-main\MICROPLASTIC_DETECTOR-main\dataset\train\fragment\fragment_0393.png
fragment_0394.png,fragment,3,train,C:\Users\hs085\Downloads\MICROPLASTIC_DETECTOR-main\MICROPLASTIC_DETECTOR-main\dataset\train\fragment\fragment_0394.png
fragment_0395.png,fragment,3,train,C:\Users\hs085\Downloads\MICROPLASTIC_DETECTOR-main\MICROPLASTIC_DETECTOR-main\dataset\train\fragment\fragment_0395.png
fragment_0396.png,fragment,3,train,C:\Users\hs085\Downloads\MICROPLASTIC_DETECTOR-main\MICROPLASTIC_DETECTOR-main\dataset\train\fragment\fragment_0396.png
fragment_0397.png,fragment,3,train,C:\Users\hs085\Downloads\MICROPLASTIC_DETECTOR-main\MICROPLASTIC_DETECTOR-main\dataset\train\fragment\fragment_0397.png
fragment_0398.png,fragment,3,train,C:\Users\hs085\Downloads\MICROPLASTIC_DETECTOR-main\MICROPLASTIC_DETECTOR-main\dataset\train\fragment\fragment_0398.png
fragment_0399.png,fragment,3,train,C:\Users\hs085\Downloads\MICROPLASTIC_DETECTOR-main\MICROPLASTIC_DETECTOR-main\dataset\train\fragment\fragment_0399.png
fragment_0400.png,fragment,3,train,C:\Users\hs085\Downloads\MICROPLASTIC_DETECTOR-main\MICROPLASTIC_DETECTOR-main\dataset\train\fragment\fragment_0400.png
fragment_0401.png,fragment,3,train,C:\Users\hs085\Downloads\MICROPLASTIC_DETECTOR-main\MICROPLASTIC_DETECTOR-main\dataset\train\fragment\fragment_0401.png
fragment_0402.png,fragment,3,train,C:\Users\hs085\Downloads\MICROPLASTIC_DETECTOR-main\MICROPLASTIC_DETECTOR-main\dataset\train\fragment\fragment_0402.png
fragment_0403.png,fragment,3,train,C:\Users\hs085\Downloads\MICROPLASTIC_DETECTOR-main\MICROPLASTIC_DETECTOR-main\dataset\train\fragment\fragment_0403.png
fragment_0404.png,fragment,3,train,C:\Users\hs085\Downloads\MICROPLASTIC_DETECTOR-main\MICROPLASTIC_DETECTOR-main\dataset\train\fragment\fragment_0404.png
fragment_0405.png,fragment,3,train,C:\Users\hs085\Downloads\MICROPLASTIC_DETECTOR-main\MICROPLASTIC_DETECTOR-main\dataset\train\fragment\fragment_0405.png
fragment_0406.png,fragment,3,train,C:\Users\hs085\Downloads\MICROPLASTIC_DETECTOR-main\MICROPLASTIC_DETECTOR-main\dataset\train\fragment\fragment_0406.png
fragment_0407.png,fragment,3,train,C:\Users\hs085\Downloads\MICROPLASTIC_DETECTOR-main\MICROPLASTIC_DETECTOR-main\dataset\train\fragment\fragment_0407.png
fragment_0408.png,fragment,3,train,C:\Users\hs085\Downloads\MICROPLASTIC_DETECTOR-main\MICROPLASTIC_DETECTOR-main\dataset\train\fragment\fragment_0408.png
fragment_0409.png,fragment,3,train,C:\Users\hs085\Downloads\MICROPLASTIC_DETECTOR-main\MICROPLASTIC_DETECTOR-main\dataset\train\fragment\fragment_0409.png
fragment_0410.png,fragment,3,train,C:\Users\hs085\Downloads\MICROPLASTIC_DETECTOR-main\MICROPLASTIC_DETECTOR-main\dataset\train\fragment\fragment_0410.png
fragment_0411.png,fragment,3,train,C:\Users\hs085\Downloads\MICROPLASTIC_DETECTOR-main\MICROPLASTIC_DETECTOR-main\dataset\train\fragment\fragment_0411.png
fragment_0412.png,fragment,3,train,C:\Users\hs085\Downloads\MICROPLASTIC_DETECTOR-main\MICROPLASTIC_DETECTOR-main\dataset\train\fragment\fragment_0412.png
fragment_0413.png,fragment,3,train,C:\Users\hs085\Downloads\MICROPLASTIC_DETECTOR-main\MICROPLASTIC_DETECTOR-main\dataset\train\fragment\fragment_0413.png
fragment_0414.png,fragment,3,train,C:\Users\hs085\Downloads\MICROPLASTIC_DETECTOR-main\MICROPLASTIC_DETECTOR-main\dataset\train\fragment\fragment_0414.png
fragment_0415.png,fragment,3,train,C:\Users\hs085\Downloads\MICROPLASTIC_DETECTOR-main\MICROPLASTIC_DETECTOR-main\dataset\train\fragment\fragment_0415.png
fragment_0416.png,fragment,3,train,C:\Users\hs085\Downloads\MICROPLASTIC_DETECTOR-main\MICROPLASTIC_DETECTOR-main\dataset\train\fragment\fragment_0416.png
fragment_0417.png,fragment,3,train,C:\Users\hs085\Downloads\MICROPLASTIC_DETECTOR-main\MICROPLASTIC_DETECTOR-main\dataset\train\fragment\fragment_0417.png
fragment_0418.png,fragment,3,train,C:\Users\hs085\Downloads\MICROPLASTIC_DETECTOR-main\MICROPLASTIC_DETECTOR-main\dataset\train\fragment\fragment_0418.png
fragment_0419.png,fragment,3,train,C:\Users\hs085\Downloads\MICROPLASTIC_DETECTOR-main\MICROPLASTIC_DETECTOR-main\dataset\train\fragment\fragment_0419.png
fragment_0420.png,fragment,3,train,C:\Users\hs085\Downloads\MICROPLASTIC_DETECTOR-main\MICROPLASTIC_DETECTOR-main\dataset\train\fragment\fragment_0420.png
fragment_0421.png,fragment,3,train,C:\Users\hs085\Downloads\MICROPLASTIC_DETECTOR-main\MICROPLASTIC_DETECTOR-main\dataset\train\fragment\fragment_0421.png
fragment_0422.png,fragment,3,train,C:\Users\hs085\Downloads\MICROPLASTIC_DETECTOR-main\MICROPLASTIC_DETECTOR-main\dataset\train\fragment\fragment_0422.png
fragment_0423.png,fragment,3,train,C:\Users\hs085\Downloads\MICROPLASTIC_DETECTOR-main\MICROPLASTIC_DETECTOR-main\dataset\train\fragment\fragment_0423.png
fragment_0424.png,fragment,3,train,C:\Users\hs085\Downloads\MICROPLASTIC_DETECTOR-main\MICROPLASTIC_DETECTOR-main\dataset\train\fragment\fragment_0424.png
fragment_0425.png,fragment,3,train,C:\Users\hs085\Downloads\MICROPLASTIC_DETECTOR-main\MICROPLASTIC_DETECTOR-main\dataset\train\fragment\fragment_0425.png
fragment_0426.png,fragment,3,train,C:\Users\hs085\Downloads\MICROPLASTIC_DETECTOR-main\MICROPLASTIC_DETECTOR-main\dataset\train\fragment\fragment_0426.png
fragment_0427.png,fragment,3,train,C:\Users\hs085\Downloads\MICROPLASTIC_DETECTOR-main\MICROPLASTIC_DETECTOR-main\dataset\train\fragment\fragment_0427.png
fragment_0428.png,fragment,3,train,C:\Users\hs085\Downloads\MICROPLASTIC_DETECTOR-main\MICROPLASTIC_DETECTOR-main\dataset\train\fragment\fragment_0428.png
fragment_0429.png,fragment,3,train,C:\Users\hs085\Downloads\MICROPLASTIC_DETECTOR-main\MICROPLASTIC_DETECTOR-main\dataset\train\fragment\fragment_0429.png
fragment_0430.png,fragment,3,train,C:\Users\hs085\Downloads\MICROPLASTIC_DETECTOR-main\MICROPLASTIC_DETECTOR-main\dataset\train\fragment\fragment_0430.png
fragment_0431.png,fragment,3,train,C:\Users\hs085\Downloads\MICROPLASTIC_DETECTOR-main\MICROPLASTIC_DETECTOR-main\dataset\train\fragment\fragment_0431.png
fragment_0432.png,fragment,3,train,C:\Users\hs085\Downloads\MICROPLASTIC_DETECTOR-main\MICROPLASTIC_DETECTOR-main\dataset\train\fragment\fragment_0432.png
fragment_0433.png,fragment,3,train,C:\Users\hs085\Downloads\MICROPLASTIC_DETECTOR-main\MICROPLASTIC_DETECTOR-main\dataset\train\fragment\fragment_0433.png
fragment_0434.png,fragment,3,train,C:\Users\hs085\Downloads\MICROPLASTIC_DETECTOR-main\MICROPLASTIC_DETECTOR-main\dataset\train\fragment\fragment_0434.png
fragment_0435.png,fragment,3,train,C:\Users\hs085\Downloads\MICROPLASTIC_DETECTOR-main\MICROPLASTIC_DETECTOR-main\dataset\train\fragment\fragment_0435.png
fragment_0436.png,fragment,3,train,C:\Users\hs085\Downloads\MICROPLASTIC_DETECTOR-main\MICROPLASTIC_DETECTOR-main\dataset\train\fragment\fragment_0436.png
fragment_0437.png,fragment,3,train,C:\Users\hs085\Downloads\MICROPLASTIC_DETECTOR-main\MICROPLASTIC_DETECTOR-main\dataset\train\fragment\fragment_0437.png
fragment_0438.png,fragment,3,train,C:\Users\hs085\Downloads\MICROPLASTIC_DETECTOR-main\MICROPLASTIC_DETECTOR-main\dataset\train\fragment\fragment_0438.png
fragment_0439.png,fragment,3,train,C:\Users\hs085\Downloads\MICROPLASTIC_DETECTOR-main\MICROPLASTIC_DETECTOR-main\dataset\train\fragment\fragment_0439.png
fragment_0440.png,fragment,3,train,C:\Users\hs085\Downloads\MICROPLASTIC_DETECTOR-main\MICROPLASTIC_DETECTOR-main\dataset\train\fragment\fragment_0440.png
fragment_0441.png,fragment,3,train,C:\Users\hs085\Downloads\MICROPLASTIC_DETECTOR-main\MICROPLASTIC_DETECTOR-main\dataset\train\fragment\fragment_0441.png
fragment_0442.png,fragment,3,train,C:\Users\hs085\Downloads\MICROPLASTIC_DETECTOR-main\MICROPLASTIC_DETECTOR-main\dataset\train\fragment\fragment_0442.png
fragment_0443.png,fragment,3,train,C:\Users\hs085\Downloads\MICROPLASTIC_DETECTOR-main\MICROPLASTIC_DETECTOR-main\dataset\train\fragment\fragment_0443.png
fragment_0444.png,fragment,3,train,C:\Users\hs085\Downloads\MICROPLASTIC_DETECTOR-main\MICROPLASTIC_DETECTOR-main\dataset\train\fragment\fragment_0444.png
fragment_0445.png,fragment,3,train,C:\Users\hs085\Downloads\MICROPLASTIC_DETECTOR-main\MICROPLASTIC_DETECTOR-main\dataset\train\fragment\fragment_0445.png
fragment_0446.png,fragment,3,train,C:\Users\hs085\Downloads\MICROPLASTIC_DETECTOR-main\MICROPLASTIC_DETECTOR-main\dataset\train\fragment\fragment_0446.png
fragment_0447.png,fragment,3,train,C:\Users\hs085\Downloads\MICROPLASTIC_DETECTOR-main\MICROPLASTIC_DETECTOR-main\dataset\train\fragment\fragment_0447.png
fragment_0448.png,fragment,3,train,C:\Users\hs085\Downloads\MICROPLASTIC_DETECTOR-main\MICROPLASTIC_DETECTOR-main\dataset\train\fragment\fragment_0448.png
fragment_0449.png,fragment,3,train,C:\Users\hs085\Downloads\MICROPLASTIC_DETECTOR-main\MICROPLASTIC_DETECTOR-main\dataset\train\fragment\fragment_0449.png
fragment_0450.png,fragment,3,train,C:\Users\hs085\Downloads\MICROPLASTIC_DETECTOR-main\MICROPLASTIC_DETECTOR-main\dataset\train\fragment\fragment_0450.png
fragment_0451.png,fragment,3,train,C:\Users\hs085\Downloads\MICROPLASTIC_DETECTOR-main\MICROPLASTIC_DETECTOR-main\dataset\train\fragment\fragment_0451.png
fragment_0452.png,fragment,3,train,C:\Users\hs085\Downloads\MICROPLASTIC_DETECTOR-main\MICROPLASTIC_DETECTOR-main\dataset\train\fragment\fragment_0452.png
fragment_0453.png,fragment,3,train,C:\Users\hs085\Downloads\MICROPLASTIC_DETECTOR-main\MICROPLASTIC_DETECTOR-main\dataset\train\fragment\fragment_0453.png
fragment_0454.png,fragment,3,train,C:\Users\hs085\Downloads\MICROPLASTIC_DETECTOR-main\MICROPLASTIC_DETECTOR-main\dataset\train\fragment\fragment_0454.png
fragment_0455.png,fragment,3,train,C:\Users\hs085\Downloads\MICROPLASTIC_DETECTOR-main\MICROPLASTIC_DETECTOR-main\dataset\train\fragment\fragment_0455.png
fragment_0456.png,fragment,3,train,C:\Users\hs085\Downloads\MICROPLASTIC_DETECTOR-main\MICROPLASTIC_DETECTOR-main\dataset\train\fragment\fragment_0456.png
fragment_0457.png,fragment,3,train,C:\Users\hs085\Downloads\MICROPLASTIC_DETECTOR-main\MICROPLASTIC_DETECTOR-main\dataset\train\fragment\fragment_0457.png
fragment_0458.png,fragment,3,train,C:\Users\hs085\Downloads\MICROPLASTIC_DETECTOR-main\MICROPLASTIC_DETECTOR-main\dataset\train\fragment\fragment_0458.png
fragment_0459.png,fragment,3,train,C:\Users\hs085\Downloads\MICROPLASTIC_DETECTOR-main\MICROPLASTIC_DETECTOR-main\dataset\train\fragment\fragment_0459.png
fragment_0460.png,fragment,3,train,C:\Users\hs085\Downloads\MICROPLASTIC_DETECTOR-main\MICROPLASTIC_DETECTOR-main\dataset\train\fragment\fragment_0460.png
fragment_0461.png,fragment,3,train,C:\Users\hs085\Downloads\MICROPLASTIC_DETECTOR-main\MICROPLASTIC_DETECTOR-main\dataset\train\fragment\fragment_0461.png
fragment_0462.png,fragment,3,train,C:\Users\hs085\Downloads\MICROPLASTIC_DETECTOR-main\MICROPLASTIC_DETECTOR-main\dataset\train\fragment\fragment_0462.png
fragment_0463.png,fragment,3,train,C:\Users\hs085\Downloads\MICROPLASTIC_DETECTOR-main\MICROPLASTIC_DETECTOR-main\dataset\train\fragment\fragment_0463.png
fragment_0464.png,fragment,3,train,C:\Users\hs085\Downloads\MICROPLASTIC_DETECTOR-main\MICROPLASTIC_DETECTOR-main\dataset\train\fragment\fragment_0464.png
fragment_0465.png,fragment,3,train,C:\Users\hs085\Downloads\MICROPLASTIC_DETECTOR-main\MICROPLASTIC_DETECTOR-main\dataset\train\fragment\fragment_0465.png
fragment_0466.png,fragment,3,train,C:\Users\hs085\Downloads\MICROPLASTIC_DETECTOR-main\MICROPLASTIC_DETECTOR-main\dataset\train\fragment\fragment_0466.png
fragment_0467.png,fragment,3,train,C:\Users\hs085\Downloads\MICROPLASTIC_DETECTOR-main\MICROPLASTIC_DETECTOR-main\dataset\train\fragment\fragment_0467.png
fragment_0468.png,fragment,3,train,C:\Users\hs085\Downloads\MICROPLASTIC_DETECTOR-main\MICROPLASTIC_DETECTOR-main\dataset\train\fragment\fragment_0468.png
fragment_0469.png,fragment,3,train,C:\Users\hs085\Downloads\MICROPLASTIC_DETECTOR-main\MICROPLASTIC_DETECTOR-main\dataset\train\fragment\fragment_0469.png
fragment_0470.png,fragment,3,train,C:\Users\hs085\Downloads\MICROPLASTIC_DETECTOR-main\MICROPLASTIC_DETECTOR-main\dataset\train\fragment\fragment_0470.png
fragment_0471.png,fragment,3,train,C:\Users\hs085\Downloads\MICROPLASTIC_DETECTOR-main\MICROPLASTIC_DETECTOR-main\dataset\train\fragment\fragment_0471.png
fragment_0472.png,fragment,3,train,C:\Users\hs085\Downloads\MICROPLASTIC_DETECTOR-main\MICROPLASTIC_DETECTOR-main\dataset\train\fragment\fragment_0472.png
fragment_0473.png,fragment,3,train,C:\Users\hs085\Downloads\MICROPLASTIC_DETECTOR-main\MICROPLASTIC_DETECTOR-main\dataset\train\fragment\fragment_0473.png
fragment_0474.png,fragment,3,train,C:\Users\hs085\Downloads\MICROPLASTIC_DETECTOR-main\MICROPLASTIC_DETECTOR-main\dataset\train\fragment\fragment_0474.png
fragment_0475.png,fragment,3,train,C:\Users\hs085\Downloads\MICROPLASTIC_DETECTOR-main\MICROPLASTIC_DETECTOR-main\dataset\train\fragment\fragment_0475.png
fragment_0476.png,fragment,3,train,C:\Users\hs085\Downloads\MICROPLASTIC_DETECTOR-main\MICROPLASTIC_DETECTOR-main\dataset\train\fragment\fragment_0476.png
fragment_0477.png,fragment,3,train,C:\Users\hs085\Downloads\MICROPLASTIC_DETECTOR-main\MICROPLASTIC_DETECTOR-main\dataset\train\fragment\fragment_0477.png
fragment_0478.png,fragment,3,train,C:\Users\hs085\Downloads\MICROPLASTIC_DETECTOR-main\MICROPLASTIC_DETECTOR-main\dataset\train\fragment\fragment_0478.png
fragment_0479.png,fragment,3,train,C:\Users\hs085\Downloads\MICROPLASTIC_DETECTOR-main\MICROPLASTIC_DETECTOR-main\dataset\train\fragment\fragment_0479.png
fragment_0480.png,fragment,3,train,C:\Users\hs085\Downloads\MICROPLASTIC_DETECTOR-main\MICROPLASTIC_DETECTOR-main\dataset\train\fragment\fragment_0480.png
fragment_0481.png,fragment,3,train,C:\Users\hs085\Downloads\MICROPLASTIC_DETECTOR-main\MICROPLASTIC_DETECTOR-main\dataset\train\fragment\fragment_0481.png
fragment_0482.png,fragment,3,train,C:\Users\hs085\Downloads\MICROPLASTIC_DETECTOR-main\MICROPLASTIC_DETECTOR-main\dataset\train\fragment\fragment_0482.png
fragment_0483.png,fragment,3,train,C:\Users\hs085\Downloads\MICROPLASTIC_DETECTOR-main\MICROPLASTIC_DETECTOR-main\dataset\train\fragment\fragment_0483.png
fragment_0484.png,fragment,3,train,C:\Users\hs085\Downloads\MICROPLASTIC_DETECTOR-main\MICROPLASTIC_DETECTOR-main\dataset\train\fragment\fragment_0484.png
fragment_0485.png,fragment,3,train,C:\Users\hs085\Downloads\MICROPLASTIC_DETECTOR-main\MICROPLASTIC_DETECTOR-main\dataset\train\fragment\fragment_0485.png
fragment_0486.png,fragment,3,train,C:\Users\hs085\Downloads\MICROPLASTIC_DETECTOR-main\MICROPLASTIC_DETECTOR-main\dataset\train\fragment\fragment_0486.png
fragment_0487.png,fragment,3,train,C:\Users\hs085\Downloads\MICROPLASTIC_DETECTOR-main\MICROPLASTIC_DETECTOR-main\dataset\train\fragment\fragment_0487.png
fragment_0488.png,fragment,3,train,C:\Users\hs085\Downloads\MICROPLASTIC_DETECTOR-main\MICROPLASTIC_DETECTOR-main\dataset\train\fragment\fragment_0488.png
fragment_0489.png,fragment,3,train,C:\Users\hs085\Downloads\MICROPLASTIC_DETECTOR-main\MICROPLASTIC_DETECTOR-main\dataset\train\fragment\fragment_0489.png
fragment_0490.png,fragment,3,train,C:\Users\hs085\Downloads\MICROPLASTIC_DETECTOR-main\MICROPLASTIC_DETECTOR-main\dataset\train\fragment\fragment_0490.png
fragment_0491.png,fragment,3,train,C:\Users\hs085\Downloads\MICROPLASTIC_DETECTOR-main\MICROPLASTIC_DETECTOR-main\dataset\train\fragment\fragment_0491.png
fragment_0492.png,fragment,3,train,C:\Users\hs085\Downloads\MICROPLASTIC_DETECTOR-main\MICROPLASTIC_DETECTOR-main\dataset\train\fragment\fragment_0492.png
fragment_0493.png,fragment,3,train,C:\Users\hs085\Downloads\MICROPLASTIC_DETECTOR-main\MICROPLASTIC_DETECTOR-main\dataset\train\fragment\fragment_0493.png
fragment_0494.png,fragment,3,train,C:\Users\hs085\Downloads\MICROPLASTIC_DETECTOR-main\MICROPLASTIC_DETECTOR-main\dataset\train\fragment\fragment_0494.png
fragment_0495.png,fragment,3,train,C:\Users\hs085\Downloads\MICROPLASTIC_DETECTOR-main\MICROPLASTIC_DETECTOR-main\dataset\train\fragment\fragment_0495.png
fragment_0496.png,fragment,3,train,C:\Users\hs085\Downloads\MICROPLASTIC_DETECTOR-main\MICROPLASTIC_DETECTOR-main\dataset\train\fragment\fragment_0496.png
fragment_0497.png,fragment,3,train,C:\Users\hs085\Downloads\MICROPLASTIC_DETECTOR-main\MICROPLASTIC_DETECTOR-main\dataset\train\fragment\fragment_0497.png
fragment_0498.png,fragment,3,train,C:\Users\hs085\Downloads\MICROPLASTIC_DETECTOR-main\MICROPLASTIC_DETECTOR-main\dataset\train\fragment\fragment_0498.png
fragment_0499.png,fragment,3,train,C:\Users\hs085\Downloads\MICROPLASTIC_DETECTOR-main\MICROPLASTIC_DETECTOR-main\dataset\train\fragment\fragment_0499.png
fragment_0500.png,fragment,3,train,C:\Users\hs085\Downloads\MICROPLASTIC_DETECTOR-main\MICROPLASTIC_DETECTOR-main\dataset\train\fragment\fragment_0500.png
fragment_0501.png,fragment,3,train,C:\Users\hs085\Downloads\MICROPLASTIC_DETECTOR-main\MICROPLASTIC_DETECTOR-main\dataset\train\fragment\fragment_0501.png
fragment_0502.png,fragment,3,train,C:\Users\hs085\Downloads\MICROPLASTIC_DETECTOR-main\MICROPLASTIC_DETECTOR-main\dataset\train\fragment\fragment_0502.png
fragment_0503.png,fragment,3,train,C:\Users\hs085\Downloads\MICROPLASTIC_DETECTOR-main\MICROPLASTIC_DETECTOR-main\dataset\train\fragment\fragment_0503.png
fragment_0504.png,fragment,3,train,C:\Users\hs085\Downloads\MICROPLASTIC_DETECTOR-main\MICROPLASTIC_DETECTOR-main\dataset\train\fragment\fragment_0504.png
fragment_0505.png,fragment,3,train,C:\Users\hs085\Downloads\MICROPLASTIC_DETECTOR-main\MICROPLASTIC_DETECTOR-main\dataset\train\fragment\fragment_0505.png
fragment_0506.png,fragment,3,train,C:\Users\hs085\Downloads\MICROPLASTIC_DETECTOR-main\MICROPLASTIC_DETECTOR-main\dataset\train\fragment\fragment_0506.png
fragment_0507.png,fragment,3,train,C:\Users\hs085\Downloads\MICROPLASTIC_DETECTOR-main\MICROPLASTIC_DETECTOR-main\dataset\train\fragment\fragment_0507.png
fragment_0508.png,fragment,3,train,C:\Users\hs085\Downloads\MICROPLASTIC_DETECTOR-main\MICROPLASTIC_DETECTOR-main\dataset\train\fragment\fragment_0508.png
fragment_0509.png,fragment,3,train,C:\Users\hs085\Downloads\MICROPLASTIC_DETECTOR-main\MICROPLASTIC_DETECTOR-main\dataset\train\fragment\fragment_0509.png
fragment_0510.png,fragment,3,train,C:\Users\hs085\Downloads\MICROPLASTIC_DETECTOR-main\MICROPLASTIC_DETECTOR-main\dataset\train\fragment\fragment_0510.png
fragment_0511.png,fragment,3,train,C:\Users\hs085\Downloads\MICROPLASTIC_DETECTOR-main\MICROPLASTIC_DETECTOR-main\dataset\train\fragment\fragment_0511.png
fragment_0512.png,fragment,3,train,C:\Users\hs085\Downloads\MICROPLASTIC_DETECTOR-main\MICROPLASTIC_DETECTOR-main\dataset\train\fragment\fragment_0512.png
fragment_0513.png,fragment,3,train,C:\Users\hs085\Downloads\MICROPLASTIC_DETECTOR-main\MICROPLASTIC_DETECTOR-main\dataset\train\fragment\fragment_0513.png
fragment_0514.png,fragment,3,train,C:\Users\hs085\Downloads\MICROPLASTIC_DETECTOR-main\MICROPLASTIC_DETECTOR-main\dataset\train\fragment\fragment_0514.png
fragment_0515.png,fragment,3,train,C:\Users\hs085\Downloads\MICROPLASTIC_DETECTOR-main\MICROPLASTIC_DETECTOR-main\dataset\train\fragment\fragment_0515.png
fragment_0516.png,fragment,3,train,C:\Users\hs085\Downloads\MICROPLASTIC_DETECTOR-main\MICROPLASTIC_DETECTOR-main\dataset\train\fragment\fragment_0516.png
fragment_0517.png,fragment,3,train,C:\Users\hs085\Downloads\MICROPLASTIC_DETECTOR-main\MICROPLASTIC_DETECTOR-main\dataset\train\fragment\fragment_0517.png
fragment_0518.png,fragment,3,train,C:\Users\hs085\Downloads\MICROPLASTIC_DETECTOR-main\MICROPLASTIC_DETECTOR-main\dataset\train\fragment\fragment_0518.png
fragment_0519.png,fragment,3,train,C:\Users\hs085\Downloads\MICROPLASTIC_DETECTOR-main\MICROPLASTIC_DETECTOR-main\dataset\train\fragment\fragment_0519.png
fragment_0520.png,fragment,3,train,C:\Users\hs085\Downloads\MICROPLASTIC_DETECTOR-main\MICROPLASTIC_DETECTOR-main\dataset\train\fragment\fragment_0520.png
fragment_0521.png,fragment,3,train,C:\Users\hs085\Downloads\MICROPLASTIC_DETECTOR-main\MICROPLASTIC_DETECTOR-main\dataset\train\fragment\fragment_0521.png
fragment_0522.png,fragment,3,train,C:\Users\hs085\Downloads\MICROPLASTIC_DETECTOR-main\MICROPLASTIC_DETECTOR-main\dataset\train\fragment\fragment_0522.png
fragment_0523.png,fragment,3,train,C:\Users\hs085\Downloads\MICROPLASTIC_DETECTOR-main\MICROPLASTIC_DETECTOR-main\dataset\train\fragment\fragment_0523.png
fragment_0524.png,fragment,3,train,C:\Users\hs085\Downloads\MICROPLASTIC_DETECTOR-main\MICROPLASTIC_DETECTOR-main\dataset\train\fragment\fragment_0524.png
fragment_0525.png,fragment,3,train,C:\Users\hs085\Downloads\MICROPLASTIC_DETECTOR-main\MICROPLASTIC_DETECTOR-main\dataset\train\fragment\fragment_0525.png
fragment_0526.png,fragment,3,train,C:\Users\hs085\Downloads\MICROPLASTIC_DETECTOR-main\MICROPLASTIC_DETECTOR-main\dataset\train\fragment\fragment_0526.png
fragment_0527.png,fragment,3,train,C:\Users\hs085\Downloads\MICROPLASTIC_DETECTOR-main\MICROPLASTIC_DETECTOR-main\dataset\train\fragment\fragment_0527.png
fragment_0528.png,fragment,3,train,C:\Users\hs085\Downloads\MICROPLASTIC_DETECTOR-main\MICROPLASTIC_DETECTOR-main\dataset\train\fragment\fragment_0528.png
fragment_0529.png,fragment,3,train,C:\Users\hs085\Downloads\MICROPLASTIC_DETECTOR-main\MICROPLASTIC_DETECTOR-main\dataset\train\fragment\fragment_0529.png
fragment_0530.png,fragment,3,train,C:\Users\hs085\Downloads\MICROPLASTIC_DETECTOR-main\MICROPLASTIC_DETECTOR-main\dataset\train\fragment\fragment_0530.png
fragment_0531.png,fragment,3,train,C:\Users\hs085\Downloads\MICROPLASTIC_DETECTOR-main\MICROPLASTIC_DETECTOR-main\dataset\train\fragment\fragment_0531.png
fragment_0532.png,fragment,3,train,C:\Users\hs085\Downloads\MICROPLASTIC_DETECTOR-main\MICROPLASTIC_DETECTOR-main\dataset\train\fragment\fragment_0532.png
fragment_0533.png,fragment,3,train,C:\Users\hs085\Downloads\MICROPLASTIC_DETECTOR-main\MICROPLASTIC_DETECTOR-main\dataset\train\fragment\fragment_0533.png
fragment_0534.png,fragment,3,train,C:\Users\hs085\Downloads\MICROPLASTIC_DETECTOR-main\MICROPLASTIC_DETECTOR-main\dataset\train\fragment\fragment_0534.png
fragment_0535.png,fragment,3,train,C:\Users\hs085\Downloads\MICROPLASTIC_DETECTOR-main\MICROPLASTIC_DETECTOR-main\dataset\train\fragment\fragment_0535.png
fragment_0536.png,fragment,3,train,C:\Users\hs085\Downloads\MICROPLASTIC_DETECTOR-main\MICROPLASTIC_DETECTOR-main\dataset\train\fragment\fragment_0536.png
fragment_0537.png,fragment,3,train,C:\Users\hs085\Downloads\MICROPLASTIC_DETECTOR-main\MICROPLASTIC_DETECTOR-main\dataset\train\fragment\fragment_0537.png
fragment_0538.png,fragment,3,train,C:\Users\hs085\Downloads\MICROPLASTIC_DETECTOR-main\MICROPLASTIC_DETECTOR-main\dataset\train\fragment\fragment_0538.png
fragment_0539.png,fragment,3,train,C:\Users\hs085\Downloads\MICROPLASTIC_DETECTOR-main\MICROPLASTIC_DETECTOR-main\dataset\train\fragment\fragment_0539.png
fragment_0540.png,fragment,3,train,C:\Users\hs085\Downloads\MICROPLASTIC_DETECTOR-main\MICROPLASTIC_DETECTOR-main\dataset\train\fragment\fragment_0540.png
fragment_0541.png,fragment,3,train,C:\Users\hs085\Downloads\MICROPLASTIC_DETECTOR-main\MICROPLASTIC_DETECTOR-main\dataset\train\fragment\fragment_0541.png
fragment_0542.png,fragment,3,train,C:\Users\hs085\Downloads\MICROPLASTIC_DETECTOR-main\MICROPLASTIC_DETECTOR-main\dataset\train\fragment\fragment_0542.png
fragment_0543.png,fragment,3,train,C:\Users\hs085\Downloads\MICROPLASTIC_DETECTOR-main\MICROPLASTIC_DETECTOR-main\dataset\train\fragment\fragment_0543.png
fragment_0544.png,fragment,3,train,C:\Users\hs085\Downloads\MICROPLASTIC_DETECTOR-main\MICROPLASTIC_DETECTOR-main\dataset\train\fragment\fragment_0544.png
fragment_0545.png,fragment,3,train,C:\Users\hs085\Downloads\MICROPLASTIC_DETECTOR-main\MICROPLASTIC_DETECTOR-main\dataset\train\fragment\fragment_0545.png
fragment_0546.png,fragment,3,train,C:\Users\hs085\Downloads\MICROPLASTIC_DETECTOR-main\MICROPLASTIC_DETECTOR-main\dataset\train\fragment\fragment_0546.png
fragment_0547.png,fragment,3,train,C:\Users\hs085\Downloads\MICROPLASTIC_DETECTOR-main\MICROPLASTIC_DETECTOR-main\dataset\train\fragment\fragment_0547.png
fragment_0548.png,fragment,3,train,C:\Users\hs085\Downloads\MICROPLASTIC_DETECTOR-main\MICROPLASTIC_DETECTOR-main\dataset\train\fragment\fragment_0548.png
fragment_0549.png,fragment,3,train,C:\Users\hs085\Downloads\MICROPLASTIC_DETECTOR-main\MICROPLASTIC_DETECTOR-main\dataset\train\fragment\fragment_0549.png
fragment_0550.png,fragment,3,train,C:\Users\hs085\Downloads\MICROPLASTIC_DETECTOR-main\MICROPLASTIC_DETECTOR-main\dataset\train\fragment\fragment_0550.png
fragment_0551.png,fragment,3,train,C:\Users\hs085\Downloads\MICROPLASTIC_DETECTOR-main\MICROPLASTIC_DETECTOR-main\dataset\train\fragment\fragment_0551.png
fragment_0552.png,fragment,3,train,C:\Users\hs085\Downloads\MICROPLASTIC_DETECTOR-main\MICROPLASTIC_DETECTOR-main\dataset\train\fragment\fragment_0552.png
fragment_0553.png,fragment,3,train,C:\Users\hs085\Downloads\MICROPLASTIC_DETECTOR-main\MICROPLASTIC_DETECTOR-main\dataset\train\fragment\fragment_0553.png
fragment_0554.png,fragment,3,train,C:\Users\hs085\Downloads\MICROPLASTIC_DETECTOR-main\MICROPLASTIC_DETECTOR-main\dataset\train\fragment\fragment_0554.png
fragment_0555.png,fragment,3,train,C:\Users\hs085\Downloads\MICROPLASTIC_DETECTOR-main\MICROPLASTIC_DETECTOR-main\dataset\train\fragment\fragment_0555.png
fragment_0556.png,fragment,3,train,C:\Users\hs085\Downloads\MICROPLASTIC_DETECTOR-main\MICROPLASTIC_DETECTOR-main\dataset\train\fragment\fragment_0556.png
fragment_0557.png,fragment,3,train,C:\Users\hs085\Downloads\MICROPLASTIC_DETECTOR-main\MICROPLASTIC_DETECTOR-main\dataset\train\fragment\fragment_0557.png
fragment_0558.png,fragment,3,train,C:\Users\hs085\Downloads\MICROPLASTIC_DETECTOR-main\MICROPLASTIC_DETECTOR-main\dataset\train\fragment\fragment_0558.png
fragment_0559.png,fragment,3,train,C:\Users\hs085\Downloads\MICROPLASTIC_DETECTOR-main\MICROPLASTIC_DETECTOR-main\dataset\train\fragment\fragment_0559.png
fragment_0560.png,fragment,3,train,C:\Users\hs085\Downloads\MICROPLASTIC_DETECTOR-main\MICROPLASTIC_DETECTOR-main\dataset\train\fragment\fragment_0560.png
fragment_0561.png,fragment,3,train,C:\Users\hs085\Downloads\MICROPLASTIC_DETECTOR-main\MICROPLASTIC_DETECTOR-main\dataset\train\fragment\fragment_0561.png
fragment_0562.png,fragment,3,train,C:\Users\hs085\Downloads\MICROPLASTIC_DETECTOR-main\MICROPLASTIC_DETECTOR-main\dataset\train\fragment\fragment_0562.png
fragment_0563.png,fragment,3,train,C:\Users\hs085\Downloads\MICROPLASTIC_DETECTOR-main\MICROPLASTIC_DETECTOR-main\dataset\train\fragment\fragment_0563.png
fragment_0564.png,fragment,3,train,C:\Users\hs085\Downloads\MICROPLASTIC_DETECTOR-main\MICROPLASTIC_DETECTOR-main\dataset\train\fragment\fragment_0564.png
fragment_0565.png,fragment,3,train,C:\Users\hs085\Downloads\MICROPLASTIC_DETECTOR-main\MICROPLASTIC_DETECTOR-main\dataset\train\fragment\fragment_0565.png
fragment_0566.png,fragment,3,train,C:\Users\hs085\Downloads\MICROPLASTIC_DETECTOR-main\MICROPLASTIC_DETECTOR-main\dataset\train\fragment\fragment_0566.png
fragment_0567.png,fragment,3,train,C:\Users\hs085\Downloads\MICROPLASTIC_DETECTOR-main\MICROPLASTIC_DETECTOR-main\dataset\train\fragment\fragment_0567.png
fragment_0568.png,fragment,3,train,C:\Users\hs085\Downloads\MICROPLASTIC_DETECTOR-main\MICROPLASTIC_DETECTOR-main\dataset\train\fragment\fragment_0568.png
fragment_0569.png,fragment,3,train,C:\Users\hs085\Downloads\MICROPLASTIC_DETECTOR-main\MICROPLASTIC_DETECTOR-main\dataset\train\fragment\fragment_0569.png
fragment_0570.png,fragment,3,train,C:\Users\hs085\Downloads\MICROPLASTIC_DETECTOR-main\MICROPLASTIC_DETECTOR-main\dataset\train\fragment\fragment_0570.png
fragment_0571.png,fragment,3,train,C:\Users\hs085\Downloads\MICROPLASTIC_DETECTOR-main\MICROPLASTIC_DETECTOR-main\dataset\train\fragment\fragment_0571.png
fragment_0572.png,fragment,3,train,C:\Users\hs085\Downloads\MICROPLASTIC_DETECTOR-main\MICROPLASTIC_DETECTOR-main\dataset\train\fragment\fragment_0572.png
fragment_0573.png,fragment,3,train,C:\Users\hs085\Downloads\MICROPLASTIC_DETECTOR-main\MICROPLASTIC_DETECTOR-main\dataset\train\fragment\fragment_0573.png
fragment_0574.png,fragment,3,train,C:\Users\hs085\Downloads\MICROPLASTIC_DETECTOR-main\MICROPLASTIC_DETECTOR-main\dataset\train\fragment\fragment_0574.png
fragment_0575.png,fragment,3,train,C:\Users\hs085\Downloads\MICROPLASTIC_DETECTOR-main\MICROPLASTIC_DETECTOR-main\dataset\train\fragment\fragment_0575.png
fragment_0576.png,fragment,3,train,C:\Users\hs085\Downloads\MICROPLASTIC_DETECTOR-main\MICROPLASTIC_DETECTOR-main\dataset\train\fragment\fragment_0576.png
fragment_0577.png,fragment,3,train,C:\Users\hs085\Downloads\MICROPLASTIC_DETECTOR-main\MICROPLASTIC_DETECTOR-main\dataset\train\fragment\fragment_0577.png
fragment_0578.png,fragment,3,train,C:\Users\hs085\Downloads\MICROPLASTIC_DETECTOR-main\MICROPLASTIC_DETECTOR-main\dataset\train\fragment\fragment_0578.png
fragment_0579.png,fragment,3,train,C:\Users\hs085\Downloads\MICROPLASTIC_DETECTOR-main\MICROPLASTIC_DETECTOR-main\dataset\train\fragment\fragment_0579.png
fragment_0580.png,fragment,3,train,C:\Users\hs085\Downloads\MICROPLASTIC_DETECTOR-main\MICROPLASTIC_DETECTOR-main\dataset\train\fragment\fragment_0580.png
fragment_0581.png,fragment,3,train,C:\Users\hs085\Downloads\MICROPLASTIC_DETECTOR-main\MICROPLASTIC_DETECTOR-main\dataset\train\fragment\fragment_0581.png
fragment_0582.png,fragment,3,train,C:\Users\hs085\Downloads\MICROPLASTIC_DETECTOR-main\MICROPLASTIC_DETECTOR-main\dataset\train\fragment\fragment_0582.png
fragment_0583.png,fragment,3,train,C:\Users\hs085\Downloads\MICROPLASTIC_DETECTOR-main\MICROPLASTIC_DETECTOR-main\dataset\train\fragment\fragment_0583.png
fragment_0584.png,fragment,3,train,C:\Users\hs085\Downloads\MICROPLASTIC_DETECTOR-main\MICROPLASTIC_DETECTOR-main\dataset\train\fragment\fragment_0584.png
fragment_0585.png,fragment,3,train,C:\Users\hs085\Downloads\MICROPLASTIC_DETECTOR-main\MICROPLASTIC_DETECTOR-main\dataset\train\fragment\fragment_0585.png
fragment_0586.png,fragment,3,train,C:\Users\hs085\Downloads\MICROPLASTIC_DETECTOR-main\MICROPLASTIC_DETECTOR-main\dataset\train\fragment\fragment_0586.png
fragment_0587.png,fragment,3,train,C:\Users\hs085\Downloads\MICROPLASTIC_DETECTOR-main\MICROPLASTIC_DETECTOR-main\dataset\train\fragment\fragment_0587.png
fragment_0588.png,fragment,3,train,C:\Users\hs085\Downloads\MICROPLASTIC_DETECTOR-main\MICROPLASTIC_DETECTOR-main\dataset\train\fragment\fragment_0588.png
fragment_0589.png,fragment,3,train,C:\Users\hs085\Downloads\MICROPLASTIC_DETECTOR-main\MICROPLASTIC_DETECTOR-main\dataset\train\fragment\fragment_0589.png
fragment_0590.png,fragment,3,train,C:\Users\hs085\Downloads\MICROPLASTIC_DETECTOR-main\MICROPLASTIC_DETECTOR-main\dataset\train\fragment\fragment_0590.png
fragment_0591.png,fragment,3,train,C:\Users\hs085\Downloads\MICROPLASTIC_DETECTOR-main\MICROPLASTIC_DETECTOR-main\dataset\train\fragment\fragment_0591.png
fragment_0592.png,fragment,3,train,C:\Users\hs085\Downloads\MICROPLASTIC_DETECTOR-main\MICROPLASTIC_DETECTOR-main\dataset\train\fragment\fragment_0592.png
fragment_0593.png,fragment,3,train,C:\Users\hs085\Downloads\MICROPLASTIC_DETECTOR-main\MICROPLASTIC_DETECTOR-main\dataset\train\fragment\fragment_0593.png
fragment_0594.png,fragment,3,train,C:\Users\hs085\Downloads\MICROPLASTIC_DETECTOR-main\MICROPLASTIC_DETECTOR-main\dataset\train\fragment\fragment_0594.png
fragment_0595.png,fragment,3,train,C:\Users\hs085\Downloads\MICROPLASTIC_DETECTOR-main\MICROPLASTIC_DETECTOR-main\dataset\train\fragment\fragment_0595.png
fragment_0596.png,fragment,3,train,C:\Users\hs085\Downloads\MICROPLASTIC_DETECTOR-main\MICROPLASTIC_DETECTOR-main\dataset\train\fragment\fragment_0596.png
fragment_0597.png,fragment,3,train,C:\Users\hs085\Downloads\MICROPLASTIC_DETECTOR-main\MICROPLASTIC_DETECTOR-main\dataset\train\fragment\fragment_0597.png
fragment_0598.png,fragment,3,train,C:\Users\hs085\Downloads\MICROPLASTIC_DETECTOR-main\MICROPLASTIC_DETECTOR-main\dataset\train\fragment\fragment_0598.png
fragment_0599.png,fragment,3,train,C:\Users\hs085\Downloads\MICROPLASTIC_DETECTOR-main\MICROPLASTIC_DETECTOR-main\dataset\train\fragment\fragment_0599.png
fragment_0600.png,fragment,3,train,C:\Users\hs085\Downloads\MICROPLASTIC_DETECTOR-main\MICROPLASTIC_DETECTOR-main\dataset\train\fragment\fragment_0600.png
fragment_0601.png,fragment,3,train,C:\Users\hs085\Downloads\MICROPLASTIC_DETECTOR-main\MICROPLASTIC_DETECTOR-main\dataset\train\fragment\fragment_0601.png
fragment_0602.png,fragment,3,train,C:\Users\hs085\Downloads\MICROPLASTIC_DETECTOR-main\MICROPLASTIC_DETECTOR-main\dataset\train\fragment\fragment_0602.png
fragment_0603.png,fragment,3,train,C:\Users\hs085\Downloads\MICROPLASTIC_DETECTOR-main\MICROPLASTIC_DETECTOR-main\dataset\train\fragment\fragment_0603.png
fragment_0604.png,fragment,3,train,C:\Users\hs085\Downloads\MICROPLASTIC_DETECTOR-main\MICROPLASTIC_DETECTOR-main\dataset\train\fragment\fragment_0604.png
fragment_0605.png,fragment,3,train,C:\Users\hs085\Downloads\MICROPLASTIC_DETECTOR-main\MICROPLASTIC_DETECTOR-main\dataset\train\fragment\fragment_0605.png
fragment_0606.png,fragment,3,train,C:\Users\hs085\Downloads\MICROPLASTIC_DETECTOR-main\MICROPLASTIC_DETECTOR-main\dataset\train\fragment\fragment_0606.png
fragment_0607.png,fragment,3,train,C:\Users\hs085\Downloads\MICROPLASTIC_DETECTOR-main\MICROPLASTIC_DETECTOR-main\dataset\train\fragment\fragment_0607.png
fragment_0608.png,fragment,3,train,C:\Users\hs085\Downloads\MICROPLASTIC_DETECTOR-main\MICROPLASTIC_DETECTOR-main\dataset\train\fragment\fragment_0608.png
fragment_0609.png,fragment,3,train,C:\Users\hs085\Downloads\MICROPLASTIC_DETECTOR-main\MICROPLASTIC_DETECTOR-main\dataset\train\fragment\fragment_0609.png
fragment_0610.png,fragment,3,train,C:\Users\hs085\Downloads\MICROPLASTIC_DETECTOR-main\MICROPLASTIC_DETECTOR-main\dataset\train\fragment\fragment_0610.png
fragment_0611.png,fragment,3,train,C:\Users\hs085\Downloads\MICROPLASTIC_DETECTOR-main\MICROPLASTIC_DETECTOR-main\dataset\train\fragment\fragment_0611.png
fragment_0612.png,fragment,3,train,C:\Users\hs085\Downloads\MICROPLASTIC_DETECTOR-main\MICROPLASTIC_DETECTOR-main\dataset\train\fragment\fragment_0612.png
fragment_0613.png,fragment,3,train,C:\Users\hs085\Downloads\MICROPLASTIC_DETECTOR-main\MICROPLASTIC_DETECTOR-main\dataset\train\fragment\fragment_0613.png
fragment_0614.png,fragment,3,train,C:\Users\hs085\Downloads\MICROPLASTIC_DETECTOR-main\MICROPLASTIC_DETECTOR-main\dataset\train\fragment\fragment_0614.png
fragment_0615.png,fragment,3,train,C:\Users\hs085\Downloads\MICROPLASTIC_DETECTOR-main\MICROPLASTIC_DETECTOR-main\dataset\train\fragment\fragment_0615.png
fragment_0616.png,fragment,3,train,C:\Users\hs085\Downloads\MICROPLASTIC_DETECTOR-main\MICROPLASTIC_DETECTOR-main\dataset\train\fragment\fragment_0616.png
fragment_0617.png,fragment,3,train,C:\Users\hs085\Downloads\MICROPLASTIC_DETECTOR-main\MICROPLASTIC_DETECTOR-main\dataset\train\fragment\fragment_0617.png
fragment_0618.png,fragment,3,train,C:\Users\hs085\Downloads\MICROPLASTIC_DETECTOR-main\MICROPLASTIC_DETECTOR-main\dataset\train\fragment\fragment_0618.png
fragment_0619.png,fragment,3,train,C:\Users\hs085\Downloads\MICROPLASTIC_DETECTOR-main\MICROPLASTIC_DETECTOR-main\dataset\train\fragment\fragment_0619.png
fragment_0620.png,fragment,3,train,C:\Users\hs085\Downloads\MICROPLASTIC_DETECTOR-main\MICROPLASTIC_DETECTOR-main\dataset\train\fragment\fragment_0620.png
fragment_0621.png,fragment,3,train,C:\Users\hs085\Downloads\MICROPLASTIC_DETECTOR-main\MICROPLASTIC_DETECTOR-main\dataset\train\fragment\fragment_0621.png
fragment_0622.png,fragment,3,train,C:\Users\hs085\Downloads\MICROPLASTIC_DETECTOR-main\MICROPLASTIC_DETECTOR-main\dataset\train\fragment\fragment_0622.png
fragment_0623.png,fragment,3,train,C:\Users\hs085\Downloads\MICROPLASTIC_DETECTOR-main\MICROPLASTIC_DETECTOR-main\dataset\train\fragment\fragment_0623.png
fragment_0624.png,fragment,3,train,C:\Users\hs085\Downloads\MICROPLASTIC_DETECTOR-main\MICROPLASTIC_DETECTOR-main\dataset\train\fragment\fragment_0624.png
fragment_0625.png,fragment,3,train,C:\Users\hs085\Downloads\MICROPLASTIC_DETECTOR-main\MICROPLASTIC_DETECTOR-main\dataset\train\fragment\fragment_0625.png
fragment_0626.png,fragment,3,train,C:\Users\hs085\Downloads\MICROPLASTIC_DETECTOR-main\MICROPLASTIC_DETECTOR-main\dataset\train\fragment\fragment_0626.png
fragment_0627.png,fragment,3,train,C:\Users\hs085\Downloads\MICROPLASTIC_DETECTOR-main\MICROPLASTIC_DETECTOR-main\dataset\train\fragment\fragment_0627.png
fragment_0628.png,fragment,3,train,C:\Users\hs085\Downloads\MICROPLASTIC_DETECTOR-main\MICROPLASTIC_DETECTOR-main\dataset\train\fragment\fragment_0628.png
fragment_0629.png,fragment,3,train,C:\Users\hs085\Downloads\MICROPLASTIC_DETECTOR-main\MICROPLASTIC_DETECTOR-main\dataset\train\fragment\fragment_0629.png
fragment_0630.png,fragment,3,train,C:\Users\hs085\Downloads\MICROPLASTIC_DETECTOR-main\MICROPLASTIC_DETECTOR-main\dataset\train\fragment\fragment_0630.png
fragment_0631.png,fragment,3,train,C:\Users\hs085\Downloads\MICROPLASTIC_DETECTOR-main\MICROPLASTIC_DETECTOR-main\dataset\train\fragment\fragment_0631.png
fragment_0632.png,fragment,3,train,C:\Users\hs085\Downloads\MICROPLASTIC_DETECTOR-main\MICROPLASTIC_DETECTOR-main\dataset\train\fragment\fragment_0632.png
fragment_0633.png,fragment,3,train,C:\Users\hs085\Downloads\MICROPLASTIC_DETECTOR-main\MICROPLASTIC_DETECTOR-main\dataset\train\fragment\fragment_0633.png
fragment_0634.png,fragment,3,train,C:\Users\hs085\Downloads\MICROPLASTIC_DETECTOR-main\MICROPLASTIC_DETECTOR-main\dataset\train\fragment\fragment_0634.png
fragment_0635.png,fragment,3,train,C:\Users\hs085\Downloads\MICROPLASTIC_DETECTOR-main\MICROPLASTIC_DETECTOR-main\dataset\train\fragment\fragment_0635.png
fragment_0636.png,fragment,3,train,C:\Users\hs085\Downloads\MICROPLASTIC_DETECTOR-main\MICROPLASTIC_DETECTOR-main\dataset\train\fragment\fragment_0636.png
fragment_0637.png,fragment,3,train,C:\Users\hs085\Downloads\MICROPLASTIC_DETECTOR-main\MICROPLASTIC_DETECTOR-main\dataset\train\fragment\fragment_0637.png
fragment_0638.png,fragment,3,train,C:\Users\hs085\Downloads\MICROPLASTIC_DETECTOR-main\MICROPLASTIC_DETECTOR-main\dataset\train\fragment\fragment_0638.png
fragment_0639.png,fragment,3,train,C:\Users\hs085\Downloads\MICROPLASTIC_DETECTOR-main\MICROPLASTIC_DETECTOR-main\dataset\train\fragment\fragment_0639.png
fragment_0640.png,fragment,3,train,C:\Users\hs085\Downloads\MICROPLASTIC_DETECTOR-main\MICROPLASTIC_DETECTOR-main\dataset\train\fragment\fragment_0640.png
fragment_0641.png,fragment,3,train,C:\Users\hs085\Downloads\MICROPLASTIC_DETECTOR-main\MICROPLASTIC_DETECTOR-main\dataset\train\fragment\fragment_0641.png
fragment_0642.png,fragment,3,train,C:\Users\hs085\Downloads\MICROPLASTIC_DETECTOR-main\MICROPLASTIC_DETECTOR-main\dataset\train\fragment\fragment_0642.png
fragment_0643.png,fragment,3,train,C:\Users\hs085\Downloads\MICROPLASTIC_DETECTOR-main\MICROPLASTIC_DETECTOR-main\dataset\train\fragment\fragment_0643.png
fragment_0644.png,fragment,3,train,C:\Users\hs085\Downloads\MICROPLASTIC_DETECTOR-main\MICROPLASTIC_DETECTOR-main\dataset\train\fragment\fragment_0644.png
fragment_0645.png,fragment,3,train,C:\Users\hs085\Downloads\MICROPLASTIC_DETECTOR-main\MICROPLASTIC_DETECTOR-main\dataset\train\fragment\fragment_0645.png
fragment_0646.png,fragment,3,train,C:\Users\hs085\Downloads\MICROPLASTIC_DETECTOR-main\MICROPLASTIC_DETECTOR-main\dataset\train\fragment\fragment_0646.png
fragment_0647.png,fragment,3,train,C:\Users\hs085\Downloads\MICROPLASTIC_DETECTOR-main\MICROPLASTIC_DETECTOR-main\dataset\train\fragment\fragment_0647.png
fragment_0648.png,fragment,3,train,C:\Users\hs085\Downloads\MICROPLASTIC_DETECTOR-main\MICROPLASTIC_DETECTOR-main\dataset\train\fragment\fragment_0648.png
fragment_0649.png,fragment,3,train,C:\Users\hs085\Downloads\MICROPLASTIC_DETECTOR-main\MICROPLASTIC_DETECTOR-main\dataset\train\fragment\fragment_0649.png
fragment_0650.png,fragment,3,train,C:\Users\hs085\Downloads\MICROPLASTIC_DETECTOR-main\MICROPLASTIC_DETECTOR-main\dataset\train\fragment\fragment_0650.png
fragment_0651.png,fragment,3,train,C:\Users\hs085\Downloads\MICROPLASTIC_DETECTOR-main\MICROPLASTIC_DETECTOR-main\dataset\train\fragment\fragment_0651.png
fragment_0652.png,fragment,3,train,C:\Users\hs085\Downloads\MICROPLASTIC_DETECTOR-main\MICROPLASTIC_DETECTOR-main\dataset\train\fragment\fragment_0652.png
fragment_0653.png,fragment,3,train,C:\Users\hs085\Downloads\MICROPLASTIC_DETECTOR-main\MICROPLASTIC_DETECTOR-main\dataset\train\fragment\fragment_0653.png
fragment_0654.png,fragment,3,train,C:\Users\hs085\Downloads\MICROPLASTIC_DETECTOR-main\MICROPLASTIC_DETECTOR-main\dataset\train\fragment\fragment_0654.png
fragment_0655.png,fragment,3,train,C:\Users\hs085\Downloads\MICROPLASTIC_DETECTOR-main\MICROPLASTIC_DETECTOR-main\dataset\train\fragment\fragment_0655.png
fragment_0656.png,fragment,3,train,C:\Users\hs085\Downloads\MICROPLASTIC_DETECTOR-main\MICROPLASTIC_DETECTOR-main\dataset\train\fragment\fragment_0656.png
fragment_0657.png,fragment,3,train,C:\Users\hs085\Downloads\MICROPLASTIC_DETECTOR-main\MICROPLASTIC_DETECTOR-main\dataset\train\fragment\fragment_0657.png
fragment_0658.png,fragment,3,train,C:\Users\hs085\Downloads\MICROPLASTIC_DETECTOR-main\MICROPLASTIC_DETECTOR-main\dataset\train\fragment\fragment_0658.png
fragment_0659.png,fragment,3,train,C:\Users\hs085\Downloads\MICROPLASTIC_DETECTOR-main\MICROPLASTIC_DETECTOR-main\dataset\train\fragment\fragment_0659.png
fragment_0660.png,fragment,3,train,C:\Users\hs085\Downloads\MICROPLASTIC_DETECTOR-main\MICROPLASTIC_DETECTOR-main\dataset\train\fragment\fragment_0660.png
fragment_0661.png,fragment,3,train,C:\Users\hs085\Downloads\MICROPLASTIC_DETECTOR-main\MICROPLASTIC_DETECTOR-main\dataset\train\fragment\fragment_0661.png
fragment_0662.png,fragment,3,train,C:\Users\hs085\Downloads\MICROPLASTIC_DETECTOR-main\MICROPLASTIC_DETECTOR-main\dataset\train\fragment\fragment_0662.png
fragment_0663.png,fragment,3,train,C:\Users\hs085\Downloads\MICROPLASTIC_DETECTOR-main\MICROPLASTIC_DETECTOR-main\dataset\train\fragment\fragment_0663.png
fragment_0664.png,fragment,3,train,C:\Users\hs085\Downloads\MICROPLASTIC_DETECTOR-main\MICROPLASTIC_DETECTOR-main\dataset\train\fragment\fragment_0664.png
fragment_0665.png,fragment,3,train,C:\Users\hs085\Downloads\MICROPLASTIC_DETECTOR-main\MICROPLASTIC_DETECTOR-main\dataset\train\fragment\fragment_0665.png
fragment_0666.png,fragment,3,train,C:\Users\hs085\Downloads\MICROPLASTIC_DETECTOR-main\MICROPLASTIC_DETECTOR-main\dataset\train\fragment\fragment_0666.png
fragment_0667.png,fragment,3,train,C:\Users\hs085\Downloads\MICROPLASTIC_DETECTOR-main\MICROPLASTIC_DETECTOR-main\dataset\train\fragment\fragment_0667.png
fragment_0668.png,fragment,3,train,C:\Users\hs085\Downloads\MICROPLASTIC_DETECTOR-main\MICROPLASTIC_DETECTOR-main\dataset\train\fragment\fragment_0668.png
fragment_0669.png,fragment,3,train,C:\Users\hs085\Downloads\MICROPLASTIC_DETECTOR-main\MICROPLASTIC_DETECTOR-main\dataset\train\fragment\fragment_0669.png
fragment_0670.png,fragment,3,train,C:\Users\hs085\Downloads\MICROPLASTIC_DETECTOR-main\MICROPLASTIC_DETECTOR-main\dataset\train\fragment\fragment_0670.png
fragment_0671.png,fragment,3,train,C:\Users\hs085\Downloads\MICROPLASTIC_DETECTOR-main\MICROPLASTIC_DETECTOR-main\dataset\train\fragment\fragment_0671.png
fragment_0672.png,fragment,3,train,C:\Users\hs085\Downloads\MICROPLASTIC_DETECTOR-main\MICROPLASTIC_DETECTOR-main\dataset\train\fragment\fragment_0672.png
fragment_0673.png,fragment,3,train,C:\Users\hs085\Downloads\MICROPLASTIC_DETECTOR-main\MICROPLASTIC_DETECTOR-main\dataset\train\fragment\fragment_0673.png
fragment_0674.png,fragment,3,train,C:\Users\hs085\Downloads\MICROPLASTIC_DETECTOR-main\MICROPLASTIC_DETECTOR-main\dataset\train\fragment\fragment_0674.png
fragment_0675.png,fragment,3,train,C:\Users\hs085\Downloads\MICROPLASTIC_DETECTOR-main\MICROPLASTIC_DETECTOR-main\dataset\train\fragment\fragment_0675.png
fragment_0676.png,fragment,3,train,C:\Users\hs085\Downloads\MICROPLASTIC_DETECTOR-main\MICROPLASTIC_DETECTOR-main\dataset\train\fragment\fragment_0676.png
fragment_0677.png,fragment,3,train,C:\Users\hs085\Downloads\MICROPLASTIC_DETECTOR-main\MICROPLASTIC_DETECTOR-main\dataset\train\fragment\fragment_0677.png
fragment_0678.png,fragment,3,train,C:\Users\hs085\Downloads\MICROPLASTIC_DETECTOR-main\MICROPLASTIC_DETECTOR-main\dataset\train\fragment\fragment_0678.png
fragment_0679.png,fragment,3,train,C:\Users\hs085\Downloads\MICROPLASTIC_DETECTOR-main\MICROPLASTIC_DETECTOR-main\dataset\train\fragment\fragment_0679.png
fragment_0680.png,fragment,3,test,C:\Users\hs085\Downloads\MICROPLASTIC_DETECTOR-main\MICROPLASTIC_DETECTOR-main\dataset\test\fragment\fragment_0680.png
fragment_0681.png,fragment,3,test,C:\Users\hs085\Downloads\MICROPLASTIC_DETECTOR-main\MICROPLASTIC_DETECTOR-main\dataset\test\fragment\fragment_0681.png
fragment_0682.png,fragment,3,test,C:\Users\hs085\Downloads\MICROPLASTIC_DETECTOR-main\MICROPLASTIC_DETECTOR-main\dataset\test\fragment\fragment_0682.png
fragment_0683.png,fragment,3,test,C:\Users\hs085\Downloads\MICROPLASTIC_DETECTOR-main\MICROPLASTIC_DETECTOR-main\dataset\test\fragment\fragment_0683.png
fragment_0684.png,fragment,3,test,C:\Users\hs085\Downloads\MICROPLASTIC_DETECTOR-main\MICROPLASTIC_DETECTOR-main\dataset\test\fragment\fragment_0684.png
fragment_0685.png,fragment,3,test,C:\Users\hs085\Downloads\MICROPLASTIC_DETECTOR-main\MICROPLASTIC_DETECTOR-main\dataset\test\fragment\fragment_0685.png
fragment_0686.png,fragment,3,test,C:\Users\hs085\Downloads\MICROPLASTIC_DETECTOR-main\MICROPLASTIC_DETECTOR-main\dataset\test\fragment\fragment_0686.png
fragment_0687.png,fragment,3,test,C:\Users\hs085\Downloads\MICROPLASTIC_DETECTOR-main\MICROPLASTIC_DETECTOR-main\dataset\test\fragment\fragment_0687.png
fragment_0688.png,fragment,3,test,C:\Users\hs085\Downloads\MICROPLASTIC_DETECTOR-main\MICROPLASTIC_DETECTOR-main\dataset\test\fragment\fragment_0688.png
fragment_0689.png,fragment,3,test,C:\Users\hs085\Downloads\MICROPLASTIC_DETECTOR-main\MICROPLASTIC_DETECTOR-main\dataset\test\fragment\fragment_0689.png
fragment_0690.png,fragment,3,test,C:\Users\hs085\Downloads\MICROPLASTIC_DETECTOR-main\MICROPLASTIC_DETECTOR-main\dataset\test\fragment\fragment_0690.png
fragment_0691.png,fragment,3,test,C:\Users\hs085\Downloads\MICROPLASTIC_DETECTOR-main\MICROPLASTIC_DETECTOR-main\dataset\test\fragment\fragment_0691.png
fragment_0692.png,fragment,3,test,C:\Users\hs085\Downloads\MICROPLASTIC_DETECTOR-main\MICROPLASTIC_DETECTOR-main\dataset\test\fragment\fragment_0692.png
fragment_0693.png,fragment,3,test,C:\Users\hs085\Downloads\MICROPLASTIC_DETECTOR-main\MICROPLASTIC_DETECTOR-main\dataset\test\fragment\fragment_0693.png
fragment_0694.png,fragment,3,test,C:\Users\hs085\Downloads\MICROPLASTIC_DETECTOR-main\MICROPLASTIC_DETECTOR-main\dataset\test\fragment\fragment_0694.png
fragment_0695.png,fragment,3,test,C:\Users\hs085\Downloads\MICROPLASTIC_DETECTOR-main\MICROPLASTIC_DETECTOR-main\dataset\test\fragment\fragment_0695.png
fragment_0696.png,fragment,3,test,C:\Users\hs085\Downloads\MICROPLASTIC_DETECTOR-main\MICROPLASTIC_DETECTOR-main\dataset\test\fragment\fragment_0696.png
fragment_0697.png,fragment,3,test,C:\Users\hs085\Downloads\MICROPLASTIC_DETECTOR-main\MICROPLASTIC_DETECTOR-main\dataset\test\fragment\fragment_0697.png
fragment_0698.png,fragment,3,test,C:\Users\hs085\Downloads\MICROPLASTIC_DETECTOR-main\MICROPLASTIC_DETECTOR-main\dataset\test\fragment\fragment_0698.png
fragment_0699.png,fragment,3,test,C:\Users\hs085\Downloads\MICROPLASTIC_DETECTOR-main\MICROPLASTIC_DETECTOR-main\dataset\test\fragment\fragment_0699.png
fragment_0700.png,fragment,3,test,C:\Users\hs085\Downloads\MICROPLASTIC_DETECTOR-main\MICROPLASTIC_DETECTOR-main\dataset\test\fragment\fragment_0700.png
fragment_0701.png,fragment,3,test,C:\Users\hs085\Downloads\MICROPLASTIC_DETECTOR-main\MICROPLASTIC_DETECTOR-main\dataset\test\fragment\fragment_0701.png
fragment_0702.png,fragment,3,test,C:\Users\hs085\Downloads\MICROPLASTIC_DETECTOR-main\MICROPLASTIC_DETECTOR-main\dataset\test\fragment\fragment_0702.png
fragment_0703.png,fragment,3,test,C:\Users\hs085\Downloads\MICROPLASTIC_DETECTOR-main\MICROPLASTIC_DETECTOR-main\dataset\test\fragment\fragment_0703.png
fragment_0704.png,fragment,3,test,C:\Users\hs085\Downloads\MICROPLASTIC_DETECTOR-main\MICROPLASTIC_DETECTOR-main\dataset\test\fragment\fragment_0704.png
fragment_0705.png,fragment,3,test,C:\Users\hs085\Downloads\MICROPLASTIC_DETECTOR-main\MICROPLASTIC_DETECTOR-main\dataset\test\fragment\fragment_0705.png
fragment_0706.png,fragment,3,test,C:\Users\hs085\Downloads\MICROPLASTIC_DETECTOR-main\MICROPLASTIC_DETECTOR-main\dataset\test\fragment\fragment_0706.png
fragment_0707.png,fragment,3,test,C:\Users\hs085\Downloads\MICROPLASTIC_DETECTOR-main\MICROPLASTIC_DETECTOR-main\dataset\test\fragment\fragment_0707.png
fragment_0708.png,fragment,3,test,C:\Users\hs085\Downloads\MICROPLASTIC_DETECTOR-main\MICROPLASTIC_DETECTOR-main\dataset\test\fragment\fragment_0708.png
fragment_0709.png,fragment,3,test,C:\Users\hs085\Downloads\MICROPLASTIC_DETECTOR-main\MICROPLASTIC_DETECTOR-main\dataset\test\fragment\fragment_0709.png
fragment_0710.png,fragment,3,test,C:\Users\hs085\Downloads\MICROPLASTIC_DETECTOR-main\MICROPLASTIC_DETECTOR-main\dataset\test\fragment\fragment_0710.png
fragment_0711.png,fragment,3,test,C:\Users\hs085\Downloads\MICROPLASTIC_DETECTOR-main\MICROPLASTIC_DETECTOR-main\dataset\test\fragment\fragment_0711.png
fragment_0712.png,fragment,3,test,C:\Users\hs085\Downloads\MICROPLASTIC_DETECTOR-main\MICROPLASTIC_DETECTOR-main\dataset\test\fragment\fragment_0712.png
fragment_0713.png,fragment,3,test,C:\Users\hs085\Downloads\MICROPLASTIC_DETECTOR-main\MICROPLASTIC_DETECTOR-main\dataset\test\fragment\fragment_0713.png
fragment_0714.png,fragment,3,test,C:\Users\hs085\Downloads\MICROPLASTIC_DETECTOR-main\MICROPLASTIC_DETECTOR-main\dataset\test\fragment\fragment_0714.png
fragment_0715.png,fragment,3,test,C:\Users\hs085\Downloads\MICROPLASTIC_DETECTOR-main\MICROPLASTIC_DETECTOR-main\dataset\test\fragment\fragment_0715.png
fragment_0716.png,fragment,3,test,C:\Users\hs085\Downloads\MICROPLASTIC_DETECTOR-main\MICROPLASTIC_DETECTOR-main\dataset\test\fragment\fragment_0716.png
fragment_0717.png,fragment,3,test,C:\Users\hs085\Downloads\MICROPLASTIC_DETECTOR-main\MICROPLASTIC_DETECTOR-main\dataset\test\fragment\fragment_0717.png
fragment_0718.png,fragment,3,test,C:\Users\hs085\Downloads\MICROPLASTIC_DETECTOR-main\MICROPLASTIC_DETECTOR-main\dataset\test\fragment\fragment_0718.png
fragment_0719.png,fragment,3,test,C:\Users\hs085\Downloads\MICROPLASTIC_DETECTOR-main\MICROPLASTIC_DETECTOR-main\dataset\test\fragment\fragment_0719.png
fragment_0720.png,fragment,3,test,C:\Users\hs085\Downloads\MICROPLASTIC_DETECTOR-main\MICROPLASTIC_DETECTOR-main\dataset\test\fragment\fragment_0720.png
fragment_0721.png,fragment,3,test,C:\Users\hs085\Downloads\MICROPLASTIC_DETECTOR-main\MICROPLASTIC_DETECTOR-main\dataset\test\fragment\fragment_0721.png
fragment_0722.png,fragment,3,test,C:\Users\hs085\Downloads\MICROPLASTIC_DETECTOR-main\MICROPLASTIC_DETECTOR-main\dataset\test\fragment\fragment_0722.png
fragment_0723.png,fragment,3,test,C:\Users\hs085\Downloads\MICROPLASTIC_DETECTOR-main\MICROPLASTIC_DETECTOR-main\dataset\test\fragment\fragment_0723.png
fragment_0724.png,fragment,3,test,C:\Users\hs085\Downloads\MICROPLASTIC_DETECTOR-main\MICROPLASTIC_DETECTOR-main\dataset\test\fragment\fragment_0724.png
fragment_0725.png,fragment,3,test,C:\Users\hs085\Downloads\MICROPLASTIC_DETECTOR-main\MICROPLASTIC_DETECTOR-main\dataset\test\fragment\fragment_0725.png
fragment_0726.png,fragment,3,test,C:\Users\hs085\Downloads\MICROPLASTIC_DETECTOR-main\MICROPLASTIC_DETECTOR-main\dataset\test\fragment\fragment_0726.png
fragment_0727.png,fragment,3,test,C:\Users\hs085\Downloads\MICROPLASTIC_DETECTOR-main\MICROPLASTIC_DETECTOR-main\dataset\test\fragment\fragment_0727.png
fragment_0728.png,fragment,3,test,C:\Users\hs085\Downloads\MICROPLASTIC_DETECTOR-main\MICROPLASTIC_DETECTOR-main\dataset\test\fragment\fragment_0728.png
fragment_0729.png,fragment,3,test,C:\Users\hs085\Downloads\MICROPLASTIC_DETECTOR-main\MICROPLASTIC_DETECTOR-main\dataset\test\fragment\fragment_0729.png
fragment_0730.png,fragment,3,test,C:\Users\hs085\Downloads\MICROPLASTIC_DETECTOR-main\MICROPLASTIC_DETECTOR-main\dataset\test\fragment\fragment_0730.png
fragment_0731.png,fragment,3,test,C:\Users\hs085\Downloads\MICROPLASTIC_DETECTOR-main\MICROPLASTIC_DETECTOR-main\dataset\test\fragment\fragment_0731.png
fragment_0732.png,fragment,3,test,C:\Users\hs085\Downloads\MICROPLASTIC_DETECTOR-main\MICROPLASTIC_DETECTOR-main\dataset\test\fragment\fragment_0732.png
fragment_0733.png,fragment,3,test,C:\Users\hs085\Downloads\MICROPLASTIC_DETECTOR-main\MICROPLASTIC_DETECTOR-main\dataset\test\fragment\fragment_0733.png
fragment_0734.png,fragment,3,test,C:\Users\hs085\Downloads\MICROPLASTIC_DETECTOR-main\MICROPLASTIC_DETECTOR-main\dataset\test\fragment\fragment_0734.png
fragment_0735.png,fragment,3,test,C:\Users\hs085\Downloads\MICROPLASTIC_DETECTOR-main\MICROPLASTIC_DETECTOR-main\dataset\test\fragment\fragment_0735.png
fragment_0736.png,fragment,3,test,C:\Users\hs085\Downloads\MICROPLASTIC_DETECTOR-main\MICROPLASTIC_DETECTOR-main\dataset\test\fragment\fragment_0736.png
fragment_0737.png,fragment,3,test,C:\Users\hs085\Downloads\MICROPLASTIC_DETECTOR-main\MICROPLASTIC_DETECTOR-main\dataset\test\fragment\fragment_0737.png
fragment_0738.png,fragment,3,test,C:\Users\hs085\Downloads\MICROPLASTIC_DETECTOR-main\MICROPLASTIC_DETECTOR-main\dataset\test\fragment\fragment_0738.png
fragment_0739.png,fragment,3,test,C:\Users\hs085\Downloads\MICROPLASTIC_DETECTOR-main\MICROPLASTIC_DETECTOR-main\dataset\test\fragment\fragment_0739.png
fragment_0740.png,fragment,3,test,C:\Users\hs085\Downloads\MICROPLASTIC_DETECTOR-main\MICROPLASTIC_DETECTOR-main\dataset\test\fragment\fragment_0740.png
fragment_0741.png,fragment,3,test,C:\Users\hs085\Downloads\MICROPLASTIC_DETECTOR-main\MICROPLASTIC_DETECTOR-main\dataset\test\fragment\fragment_0741.png
fragment_0742.png,fragment,3,test,C:\Users\hs085\Downloads\MICROPLASTIC_DETECTOR-main\MICROPLASTIC_DETECTOR-main\dataset\test\fragment\fragment_0742.png
fragment_0743.png,fragment,3,test,C:\Users\hs085\Downloads\MICROPLASTIC_DETECTOR-main\MICROPLASTIC_DETECTOR-main\dataset\test\fragment\fragment_0743.png
fragment_0744.png,fragment,3,test,C:\Users\hs085\Downloads\MICROPLASTIC_DETECTOR-main\MICROPLASTIC_DETECTOR-main\dataset\test\fragment\fragment_0744.png
fragment_0745.png,fragment,3,test,C:\Users\hs085\Downloads\MICROPLASTIC_DETECTOR-main\MICROPLASTIC_DETECTOR-main\dataset\test\fragment\fragment_0745.png
fragment_0746.png,fragment,3,test,C:\Users\hs085\Downloads\MICROPLASTIC_DETECTOR-main\MICROPLASTIC_DETECTOR-main\dataset\test\fragment\fragment_0746.png
fragment_0747.png,fragment,3,test,C:\Users\hs085\Downloads\MICROPLASTIC_DETECTOR-main\MICROPLASTIC_DETECTOR-main\dataset\test\fragment\fragment_0747.png
fragment_0748.png,fragment,3,test,C:\Users\hs085\Downloads\MICROPLASTIC_DETECTOR-main\MICROPLASTIC_DETECTOR-main\dataset\test\fragment\fragment_0748.png
fragment_0749.png,fragment,3,test,C:\Users\hs085\Downloads\MICROPLASTIC_DETECTOR-main\MICROPLASTIC_DETECTOR-main\dataset\test\fragment\fragment_0749.png
fragment_0750.png,fragment,3,test,C:\Users\hs085\Downloads\MICROPLASTIC_DETECTOR-main\MICROPLASTIC_DETECTOR-main\dataset\test\fragment\fragment_0750.png
fragment_0751.png,fragment,3,test,C:\Users\hs085\Downloads\MICROPLASTIC_DETECTOR-main\MICROPLASTIC_DETECTOR-main\dataset\test\fragment\fragment_0751.png
fragment_0752.png,fragment,3,test,C:\Users\hs085\Downloads\MICROPLASTIC_DETECTOR-main\MICROPLASTIC_DETECTOR-main\dataset\test\fragment\fragment_0752.png
fragment_0753.png,fragment,3,test,C:\Users\hs085\Downloads\MICROPLASTIC_DETECTOR-main\MICROPLASTIC_DETECTOR-main\dataset\test\fragment\fragment_0753.png
fragment_0754.png,fragment,3,test,C:\Users\hs085\Downloads\MICROPLASTIC_DETECTOR-main\MICROPLASTIC_DETECTOR-main\dataset\test\fragment\fragment_0754.png
fragment_0755.png,fragment,3,test,C:\Users\hs085\Downloads\MICROPLASTIC_DETECTOR-main\MICROPLASTIC_DETECTOR-main\dataset\test\fragment\fragment_0755.png
fragment_0756.png,fragment,3,test,C:\Users\hs085\Downloads\MICROPLASTIC_DETECTOR-main\MICROPLASTIC_DETECTOR-main\dataset\test\fragment\fragment_0756.png
fragment_0757.png,fragment,3,test,C:\Users\hs085\Downloads\MICROPLASTIC_DETECTOR-main\MICROPLASTIC_DETECTOR-main\dataset\test\fragment\fragment_0757.png
fragment_0758.png,fragment,3,test,C:\Users\hs085\Downloads\MICROPLASTIC_DETECTOR-main\MICROPLASTIC_DETECTOR-main\dataset\test\fragment\fragment_0758.png
fragment_0759.png,fragment,3,test,C:\Users\hs085\Downloads\MICROPLASTIC_DETECTOR-main\MICROPLASTIC_DETECTOR-main\dataset\test\fragment\fragment_0759.png
fragment_0760.png,fragment,3,test,C:\Users\hs085\Downloads\MICROPLASTIC_DETECTOR-main\MICROPLASTIC_DETECTOR-main\dataset\test\fragment\fragment_0760.png
fragment_0761.png,fragment,3,test,C:\Users\hs085\Downloads\MICROPLASTIC_DETECTOR-main\MICROPLASTIC_DETECTOR-main\dataset\test\fragment\fragment_0761.png
fragment_0762.png,fragment,3,test,C:\Users\hs085\Downloads\MICROPLASTIC_DETECTOR-main\MICROPLASTIC_DETECTOR-main\dataset\test\fragment\fragment_0762.png
fragment_0763.png,fragment,3,test,C:\Users\hs085\Downloads\MICROPLASTIC_DETECTOR-main\MICROPLASTIC_DETECTOR-main\dataset\test\fragment\fragment_0763.png
fragment_0764.png,fragment,3,test,C:\Users\hs085\Downloads\MICROPLASTIC_DETECTOR-main\MICROPLASTIC_DETECTOR-main\dataset\test\fragment\fragment_0764.png
fragment_0765.png,fragment,3,test,C:\Users\hs085\Downloads\MICROPLASTIC_DETECTOR-main\MICROPLASTIC_DETECTOR-main\dataset\test\fragment\fragment_0765.png
fragment_0766.png,fragment,3,test,C:\Users\hs085\Downloads\MICROPLASTIC_DETECTOR-main\MICROPLASTIC_DETECTOR-main\dataset\test\fragment\fragment_0766.png
fragment_0767.png,fragment,3,test,C:\Users\hs085\Downloads\MICROPLASTIC_DETECTOR-main\MICROPLASTIC_DETECTOR-main\dataset\test\fragment\fragment_0767.png
fragment_0768.png,fragment,3,test,C:\Users\hs085\Downloads\MICROPLASTIC_DETECTOR-main\MICROPLASTIC_DETECTOR-main\dataset\test\fragment\fragment_0768.png
fragment_0769.png,fragment,3,test,C:\Users\hs085\Downloads\MICROPLASTIC_DETECTOR-main\MICROPLASTIC_DETECTOR-main\dataset\test\fragment\fragment_0769.png
fragment_0770.png,fragment,3,test,C:\Users\hs085\Downloads\MICROPLASTIC_DETECTOR-main\MICROPLASTIC_DETECTOR-main\dataset\test\fragment\fragment_0770.png
fragment_0771.png,fragment,3,test,C:\Users\hs085\Downloads\MICROPLASTIC_DETECTOR-main\MICROPLASTIC_DETECTOR-main\dataset\test\fragment\fragment_0771.png
fragment_0772.png,fragment,3,test,C:\Users\hs085\Downloads\MICROPLASTIC_DETECTOR-main\MICROPLASTIC_DETECTOR-main\dataset\test\fragment\fragment_0772.png
fragment_0773.png,fragment,3,test,C:\Users\hs085\Downloads\MICROPLASTIC_DETECTOR-main\MICROPLASTIC_DETECTOR-main\dataset\test\fragment\fragment_0773.png
fragment_0774.png,fragment,3,test,C:\Users\hs085\Downloads\MICROPLASTIC_DETECTOR-main\MICROPLASTIC_DETECTOR-main\dataset\test\fragment\fragment_0774.png
fragment_0775.png,fragment,3,test,C:\Users\hs085\Downloads\MICROPLASTIC_DETECTOR-main\MICROPLASTIC_DETECTOR-main\dataset\test\fragment\fragment_0775.png
fragment_0776.png,fragment,3,test,C:\Users\hs085\Downloads\MICROPLASTIC_DETECTOR-main\MICROPLASTIC_DETECTOR-main\dataset\test\fragment\fragment_0776.png
fragment_0777.png,fragment,3,test,C:\Users\hs085\Downloads\MICROPLASTIC_DETECTOR-main\MICROPLASTIC_DETECTOR-main\dataset\test\fragment\fragment_0777.png
fragment_0778.png,fragment,3,test,C:\Users\hs085\Downloads\MICROPLASTIC_DETECTOR-main\MICROPLASTIC_DETECTOR-main\dataset\test\fragment\fragment_0778.png
fragment_0779.png,fragment,3,test,C:\Users\hs085\Downloads\MICROPLASTIC_DETECTOR-main\MICROPLASTIC_DETECTOR-main\dataset\test\fragment\fragment_0779.png
fragment_0780.png,fragment,3,test,C:\Users\hs085\Downloads\MICROPLASTIC_DETECTOR-main\MICROPLASTIC_DETECTOR-main\dataset\test\fragment\fragment_0780.png
fragment_0781.png,fragment,3,test,C:\Users\hs085\Downloads\MICROPLASTIC_DETECTOR-main\MICROPLASTIC_DETECTOR-main\dataset\test\fragment\fragment_0781.png
fragment_0782.png,fragment,3,test,C:\Users\hs085\Downloads\MICROPLASTIC_DETECTOR-main\MICROPLASTIC_DETECTOR-main\dataset\test\fragment\fragment_0782.png
fragment_0783.png,fragment,3,test,C:\Users\hs085\Downloads\MICROPLASTIC_DETECTOR-main\MICROPLASTIC_DETECTOR-main\dataset\test\fragment\fragment_0783.png
fragment_0784.png,fragment,3,test,C:\Users\hs085\Downloads\MICROPLASTIC_DETECTOR-main\MICROPLASTIC_DETECTOR-main\dataset\test\fragment\fragment_0784.png
fragment_0785.png,fragment,3,test,C:\Users\hs085\Downloads\MICROPLASTIC_DETECTOR-main\MICROPLASTIC_DETECTOR-main\dataset\test\fragment\fragment_0785.png
fragment_0786.png,fragment,3,test,C:\Users\hs085\Downloads\MICROPLASTIC_DETECTOR-main\MICROPLASTIC_DETECTOR-main\dataset\test\fragment\fragment_0786.png
fragment_0787.png,fragment,3,test,C:\Users\hs085\Downloads\MICROPLASTIC_DETECTOR-main\MICROPLASTIC_DETECTOR-main\dataset\test\fragment\fragment_0787.png
fragment_0788.png,fragment,3,test,C:\Users\hs085\Downloads\MICROPLASTIC_DETECTOR-main\MICROPLASTIC_DETECTOR-main\dataset\test\fragment\fragment_0788.png
fragment_0789.png,fragment,3,test,C:\Users\hs085\Downloads\MICROPLASTIC_DETECTOR-main\MICROPLASTIC_DETECTOR-main\dataset\test\fragment\fragment_0789.png
fragment_0790.png,fragment,3,test,C:\Users\hs085\Downloads\MICROPLASTIC_DETECTOR-main\MICROPLASTIC_DETECTOR-main\dataset\test\fragment\fragment_0790.png
fragment_0791.png,fragment,3,test,C:\Users\hs085\Downloads\MICROPLASTIC_DETECTOR-main\MICROPLASTIC_DETECTOR-main\dataset\test\fragment\fragment_0791.png
fragment_0792.png,fragment,3,test,C:\Users\hs085\Downloads\MICROPLASTIC_DETECTOR-main\MICROPLASTIC_DETECTOR-main\dataset\test\fragment\fragment_0792.png
fragment_0793.png,fragment,3,test,C:\Users\hs085\Downloads\MICROPLASTIC_DETECTOR-main\MICROPLASTIC_DETECTOR-main\dataset\test\fragment\fragment_0793.png
fragment_0794.png,fragment,3,test,C:\Users\hs085\Downloads\MICROPLASTIC_DETECTOR-main\MICROPLASTIC_DETECTOR-main\dataset\test\fragment\fragment_0794.png
fragment_0795.png,fragment,3,test,C:\Users\hs085\Downloads\MICROPLASTIC_DETECTOR-main\MICROPLASTIC_DETECTOR-main\dataset\test\fragment\fragment_0795.png
fragment_0796.png,fragment,3,test,C:\Users\hs085\Downloads\MICROPLASTIC_DETECTOR-main\MICROPLASTIC_DETECTOR-main\dataset\test\fragment\fragment_0796.png
fragment_0797.png,fragment,3,test,C:\Users\hs085\Downloads\MICROPLASTIC_DETECTOR-main\MICROPLASTIC_DETECTOR-main\dataset\test\fragment\fragment_0797.png
fragment_0798.png,fragment,3,test,C:\Users\hs085\Downloads\MICROPLASTIC_DETECTOR-main\MICROPLASTIC_DETECTOR-main\dataset\test\fragment\fragment_0798.png
fragment_0799.png,fragment,3,test,C:\Users\hs085\Downloads\MICROPLASTIC_DETECTOR-main\MICROPLASTIC_DETECTOR-main\dataset\test\fragment\fragment_0799.png
fragment_0800.png,fragment,3,test,C:\Users\hs085\Downloads\MICROPLASTIC_DETECTOR-main\MICROPLASTIC_DETECTOR-main\dataset\test\fragment\fragment_0800.png
fragment_0801.png,fragment,3,test,C:\Users\hs085\Downloads\MICROPLASTIC_DETECTOR-main\MICROPLASTIC_DETECTOR-main\dataset\test\fragment\fragment_0801.png
fragment_0802.png,fragment,3,test,C:\Users\hs085\Downloads\MICROPLASTIC_DETECTOR-main\MICROPLASTIC_DETECTOR-main\dataset\test\fragment\fragment_0802.png
fragment_0803.png,fragment,3,test,C:\Users\hs085\Downloads\MICROPLASTIC_DETECTOR-main\MICROPLASTIC_DETECTOR-main\dataset\test\fragment\fragment_0803.png
fragment_0804.png,fragment,3,test,C:\Users\hs085\Downloads\MICROPLASTIC_DETECTOR-main\MICROPLASTIC_DETECTOR-main\dataset\test\fragment\fragment_0804.png
fragment_0805.png,fragment,3,test,C:\Users\hs085\Downloads\MICROPLASTIC_DETECTOR-main\MICROPLASTIC_DETECTOR-main\dataset\test\fragment\fragment_0805.png
fragment_0806.png,fragment,3,test,C:\Users\hs085\Downloads\MICROPLASTIC_DETECTOR-main\MICROPLASTIC_DETECTOR-main\dataset\test\fragment\fragment_0806.png
fragment_0807.png,fragment,3,test,C:\Users\hs085\Downloads\MICROPLASTIC_DETECTOR-main\MICROPLASTIC_DETECTOR-main\dataset\test\fragment\fragment_0807.png
fragment_0808.png,fragment,3,test,C:\Users\hs085\Downloads\MICROPLASTIC_DETECTOR-main\MICROPLASTIC_DETECTOR-main\dataset\test\fragment\fragment_0808.png
fragment_0809.png,fragment,3,test,C:\Users\hs085\Downloads\MICROPLASTIC_DETECTOR-main\MICROPLASTIC_DETECTOR-main\dataset\test\fragment\fragment_0809.png
fragment_0810.png,fragment,3,test,C:\Users\hs085\Downloads\MICROPLASTIC_DETECTOR-main\MICROPLASTIC_DETECTOR-main\dataset\test\fragment\fragment_0810.png
fragment_0811.png,fragment,3,test,C:\Users\hs085\Downloads\MICROPLASTIC_DETECTOR-main\MICROPLASTIC_DETECTOR-main\dataset\test\fragment\fragment_0811.png
fragment_0812.png,fragment,3,test,C:\Users\hs085\Downloads\MICROPLASTIC_DETECTOR-main\MICROPLASTIC_DETECTOR-main\dataset\test\fragment\fragment_0812.png
fragment_0813.png,fragment,3,test,C:\Users\hs085\Downloads\MICROPLASTIC_DETECTOR-main\MICROPLASTIC_DETECTOR-main\dataset\test\fragment\fragment_0813.png
fragment_0814.png,fragment,3,test,C:\Users\hs085\Downloads\MICROPLASTIC_DETECTOR-main\MICROPLASTIC_DETECTOR-main\dataset\test\fragment\fragment_0814.png
fragment_0815.png,fragment,3,test,C:\Users\hs085\Downloads\MICROPLASTIC_DETECTOR-main\MICROPLASTIC_DETECTOR-main\dataset\test\fragment\fragment_0815.png
fragment_0816.png,fragment,3,test,C:\Users\hs085\Downloads\MICROPLASTIC_DETECTOR-main\MICROPLASTIC_DETECTOR-main\dataset\test\fragment\fragment_0816.png
fragment_0817.png,fragment,3,test,C:\Users\hs085\Downloads\MICROPLASTIC_DETECTOR-main\MICROPLASTIC_DETECTOR-main\dataset\test\fragment\fragment_0817.png
fragment_0818.png,fragment,3,test,C:\Users\hs085\Downloads\MICROPLASTIC_DETECTOR-main\MICROPLASTIC_DETECTOR-main\dataset\test\fragment\fragment_0818.png
fragment_0819.png,fragment,3,test,C:\Users\hs085\Downloads\MICROPLASTIC_DETECTOR-main\MICROPLASTIC_DETECTOR-main\dataset\test\fragment\fragment_0819.png
fragment_0820.png,fragment,3,test,C:\Users\hs085\Downloads\MICROPLASTIC_DETECTOR-main\MICROPLASTIC_DETECTOR-main\dataset\test\fragment\fragment_0820.png
fragment_0821.png,fragment,3,test,C:\Users\hs085\Downloads\MICROPLASTIC_DETECTOR-main\MICROPLASTIC_DETECTOR-main\dataset\test\fragment\fragment_0821.png
fragment_0822.png,fragment,3,test,C:\Users\hs085\Downloads\MICROPLASTIC_DETECTOR-main\MICROPLASTIC_DETECTOR-main\dataset\test\fragment\fragment_0822.png
fragment_0823.png,fragment,3,test,C:\Users\hs085\Downloads\MICROPLASTIC_DETECTOR-main\MICROPLASTIC_DETECTOR-main\dataset\test\fragment\fragment_0823.png
fragment_0824.png,fragment,3,test,C:\Users\hs085\Downloads\MICROPLASTIC_DETECTOR-main\MICROPLASTIC_DETECTOR-main\dataset\test\fragment\fragment_0824.png
fragment_0825.png,fragment,3,test,C:\Users\hs085\Downloads\MICROPLASTIC_DETECTOR-main\MICROPLASTIC_DETECTOR-main\dataset\test\fragment\fragment_0825.png
fragment_0826.png,fragment,3,test,C:\Users\hs085\Downloads\MICROPLASTIC_DETECTOR-main\MICROPLASTIC_DETECTOR-main\dataset\test\fragment\fragment_0826.png
fragment_0827.png,fragment,3,test,C:\Users\hs085\Downloads\MICROPLASTIC_DETECTOR-main\MICROPLASTIC_DETECTOR-main\dataset\test\fragment\fragment_0827.png
fragment_0828.png,fragment,3,test,C:\Users\hs085\Downloads\MICROPLASTIC_DETECTOR-main\MICROPLASTIC_DETECTOR-main\dataset\test\fragment\fragment_0828.png
fragment_0829.png,fragment,3,test,C:\Users\hs085\Downloads\MICROPLASTIC_DETECTOR-main\MICROPLASTIC_DETECTOR-main\dataset\test\fragment\fragment_0829.png
fragment_0830.png,fragment,3,test,C:\Users\hs085\Downloads\MICROPLASTIC_DETECTOR-main\MICROPLASTIC_DETECTOR-main\dataset\test\fragment\fragment_0830.png
fragment_0831.png,fragment,3,test,C:\Users\hs085\Downloads\MICROPLASTIC_DETECTOR-main\MICROPLASTIC_DETECTOR-main\dataset\test\fragment\fragment_0831.png
fragment_0832.png,fragment,3,test,C:\Users\hs085\Downloads\MICROPLASTIC_DETECTOR-main\MICROPLASTIC_DETECTOR-main\dataset\test\fragment\fragment_0832.png
fragment_0833.png,fragment,3,test,C:\Users\hs085\Downloads\MICROPLASTIC_DETECTOR-main\MICROPLASTIC_DETECTOR-main\dataset\test\fragment\fragment_0833.png
fragment_0834.png,fragment,3,test,C:\Users\hs085\Downloads\MICROPLASTIC_DETECTOR-main\MICROPLASTIC_DETECTOR-main\dataset\test\fragment\fragment_0834.png
fragment_0835.png,fragment,3,test,C:\Users\hs085\Downloads\MICROPLASTIC_DETECTOR-main\MICROPLASTIC_DETECTOR-main\dataset\test\fragment\fragment_0835.png
fragment_0836.png,fragment,3,test,C:\Users\hs085\Downloads\MICROPLASTIC_DETECTOR-main\MICROPLASTIC_DETECTOR-main\dataset\test\fragment\fragment_0836.png
fragment_0837.png,fragment,3,test,C:\Users\hs085\Downloads\MICROPLASTIC_DETECTOR-main\MICROPLASTIC_DETECTOR-main\dataset\test\fragment\fragment_0837.png
fragment_0838.png,fragment,3,test,C:\Users\hs085\Downloads\MICROPLASTIC_DETECTOR-main\MICROPLASTIC_DETECTOR-main\dataset\test\fragment\fragment_0838.png
fragment_0839.png,fragment,3,test,C:\Users\hs085\Downloads\MICROPLASTIC_DETECTOR-main\MICROPLASTIC_DETECTOR-main\dataset\test\fragment\fragment_0839.png
fragment_0840.png,fragment,3,test,C:\Users\hs085\Downloads\MICROPLASTIC_DETECTOR-main\MICROPLASTIC_DETECTOR-main\dataset\test\fragment\fragment_0840.png
fragment_0841.png,fragment,3,test,C:\Users\hs085\Downloads\MICROPLASTIC_DETECTOR-main\MICROPLASTIC_DETECTOR-main\dataset\test\fragment\fragment_0841.png
fragment_0842.png,fragment,3,test,C:\Users\hs085\Downloads\MICROPLASTIC_DETECTOR-main\MICROPLASTIC_DETECTOR-main\dataset\test\fragment\fragment_0842.png
fragment_0843.png,fragment,3,test,C:\Users\hs085\Downloads\MICROPLASTIC_DETECTOR-main\MICROPLASTIC_DETECTOR-main\dataset\test\fragment\fragment_0843.png
fragment_0844.png,fragment,3,test,C:\Users\hs085\Downloads\MICROPLASTIC_DETECTOR-main\MICROPLASTIC_DETECTOR-main\dataset\test\fragment\fragment_0844.png
fragment_0845.png,fragment,3,test,C:\Users\hs085\Downloads\MICROPLASTIC_DETECTOR-main\MICROPLASTIC_DETECTOR-main\dataset\test\fragment\fragment_0845.png
fragment_0846.png,fragment,3,test,C:\Users\hs085\Downloads\MICROPLASTIC_DETECTOR-main\MICROPLASTIC_DETECTOR-main\dataset\test\fragment\fragment_0846.png
fragment_0847.png,fragment,3,test,C:\Users\hs085\Downloads\MICROPLASTIC_DETECTOR-main\MICROPLASTIC_DETECTOR-main\dataset\test\fragment\fragment_0847.png
fragment_0848.png,fragment,3,test,C:\Users\hs085\Downloads\MICROPLASTIC_DETECTOR-main\MICROPLASTIC_DETECTOR-main\dataset\test\fragment\fragment_0848.png
fragment_0849.png,fragment,3,test,C:\Users\hs085\Downloads\MICROPLASTIC_DETECTOR-main\MICROPLASTIC_DETECTOR-main\dataset\test\fragment\fragment_0849.png
pellet_0000.png,pellet,4,train,C:\Users\hs085\Downloads\MICROPLASTIC_DETECTOR-main\MICROPLASTIC_DETECTOR-main\dataset\train\pellet\pellet_0000.png
pellet_0001.png,pellet,4,train,C:\Users\hs085\Downloads\MICROPLASTIC_DETECTOR-main\MICROPLASTIC_DETECTOR-main\dataset\train\pellet\pellet_0001.png
pellet_0002.png,pellet,4,train,C:\Users\hs085\Downloads\MICROPLASTIC_DETECTOR-main\MICROPLASTIC_DETECTOR-main\dataset\train\pellet\pellet_0002.png
pellet_0003.png,pellet,4,train,C:\Users\hs085\Downloads\MICROPLASTIC_DETECTOR-main\MICROPLASTIC_DETECTOR-main\dataset\train\pellet\pellet_0003.png
pellet_0004.png,pellet,4,train,C:\Users\hs085\Downloads\MICROPLASTIC_DETECTOR-main\MICROPLASTIC_DETECTOR-main\dataset\train\pellet\pellet_0004.png
pellet_0005.png,pellet,4,train,C:\Users\hs085\Downloads\MICROPLASTIC_DETECTOR-main\MICROPLASTIC_DETECTOR-main\dataset\train\pellet\pellet_0005.png
pellet_0006.png,pellet,4,train,C:\Users\hs085\Downloads\MICROPLASTIC_DETECTOR-main\MICROPLASTIC_DETECTOR-main\dataset\train\pellet\pellet_0006.png
pellet_0007.png,pellet,4,train,C:\Users\hs085\Downloads\MICROPLASTIC_DETECTOR-main\MICROPLASTIC_DETECTOR-main\dataset\train\pellet\pellet_0007.png
pellet_0008.png,pellet,4,train,C:\Users\hs085\Downloads\MICROPLASTIC_DETECTOR-main\MICROPLASTIC_DETECTOR-main\dataset\train\pellet\pellet_0008.png
pellet_0009.png,pellet,4,train,C:\Users\hs085\Downloads\MICROPLASTIC_DETECTOR-main\MICROPLASTIC_DETECTOR-main\dataset\train\pellet\pellet_0009.png
pellet_0010.png,pellet,4,train,C:\Users\hs085\Downloads\MICROPLASTIC_DETECTOR-main\MICROPLASTIC_DETECTOR-main\dataset\train\pellet\pellet_0010.png
pellet_0011.png,pellet,4,train,C:\Users\hs085\Downloads\MICROPLASTIC_DETECTOR-main\MICROPLASTIC_DETECTOR-main\dataset\train\pellet\pellet_0011.png
pellet_0012.png,pellet,4,train,C:\Users\hs085\Downloads\MICROPLASTIC_DETECTOR-main\MICROPLASTIC_DETECTOR-main\dataset\train\pellet\pellet_0012.png
pellet_0013.png,pellet,4,train,C:\Users\hs085\Downloads\MICROPLASTIC_DETECTOR-main\MICROPLASTIC_DETECTOR-main\dataset\train\pellet\pellet_0013.png
pellet_0014.png,pellet,4,train,C:\Users\hs085\Downloads\MICROPLASTIC_DETECTOR-main\MICROPLASTIC_DETECTOR-main\dataset\train\pellet\pellet_0014.png
pellet_0015.png,pellet,4,train,C:\Users\hs085\Downloads\MICROPLASTIC_DETECTOR-main\MICROPLASTIC_DETECTOR-main\dataset\train\pellet\pellet_0015.png
pellet_0016.png,pellet,4,train,C:\Users\hs085\Downloads\MICROPLASTIC_DETECTOR-main\MICROPLASTIC_DETECTOR-main\dataset\train\pellet\pellet_0016.png
pellet_0017.png,pellet,4,train,C:\Users\hs085\Downloads\MICROPLASTIC_DETECTOR-main\MICROPLASTIC_DETECTOR-main\dataset\train\pellet\pellet_0017.png
pellet_0018.png,pellet,4,train,C:\Users\hs085\Downloads\MICROPLASTIC_DETECTOR-main\MICROPLASTIC_DETECTOR-main\dataset\train\pellet\pellet_0018.png
pellet_0019.png,pellet,4,train,C:\Users\hs085\Downloads\MICROPLASTIC_DETECTOR-main\MICROPLASTIC_DETECTOR-main\dataset\train\pellet\pellet_0019.png
pellet_0020.png,pellet,4,train,C:\Users\hs085\Downloads\MICROPLASTIC_DETECTOR-main\MICROPLASTIC_DETECTOR-main\dataset\train\pellet\pellet_0020.png
pellet_0021.png,pellet,4,train,C:\Users\hs085\Downloads\MICROPLASTIC_DETECTOR-main\MICROPLASTIC_DETECTOR-main\dataset\train\pellet\pellet_0021.png
pellet_0022.png,pellet,4,train,C:\Users\hs085\Downloads\MICROPLASTIC_DETECTOR-main\MICROPLASTIC_DETECTOR-main\dataset\train\pellet\pellet_0022.png
pellet_0023.png,pellet,4,train,C:\Users\hs085\Downloads\MICROPLASTIC_DETECTOR-main\MICROPLASTIC_DETECTOR-main\dataset\train\pellet\pellet_0023.png
pellet_0024.png,pellet,4,train,C:\Users\hs085\Downloads\MICROPLASTIC_DETECTOR-main\MICROPLASTIC_DETECTOR-main\dataset\train\pellet\pellet_0024.png
pellet_0025.png,pellet,4,train,C:\Users\hs085\Downloads\MICROPLASTIC_DETECTOR-main\MICROPLASTIC_DETECTOR-main\dataset\train\pellet\pellet_0025.png
pellet_0026.png,pellet,4,train,C:\Users\hs085\Downloads\MICROPLASTIC_DETECTOR-main\MICROPLASTIC_DETECTOR-main\dataset\train\pellet\pellet_0026.png
pellet_0027.png,pellet,4,train,C:\Users\hs085\Downloads\MICROPLASTIC_DETECTOR-main\MICROPLASTIC_DETECTOR-main\dataset\train\pellet\pellet_0027.png
pellet_0028.png,pellet,4,train,C:\Users\hs085\Downloads\MICROPLASTIC_DETECTOR-main\MICROPLASTIC_DETECTOR-main\dataset\train\pellet\pellet_0028.png
pellet_0029.png,pellet,4,train,C:\Users\hs085\Downloads\MICROPLASTIC_DETECTOR-main\MICROPLASTIC_DETECTOR-main\dataset\train\pellet\pellet_0029.png
pellet_0030.png,pellet,4,train,C:\Users\hs085\Downloads\MICROPLASTIC_DETECTOR-main\MICROPLASTIC_DETECTOR-main\dataset\train\pellet\pellet_0030.png
pellet_0031.png,pellet,4,train,C:\Users\hs085\Downloads\MICROPLASTIC_DETECTOR-main\MICROPLASTIC_DETECTOR-main\dataset\train\pellet\pellet_0031.png
pellet_0032.png,pellet,4,train,C:\Users\hs085\Downloads\MICROPLASTIC_DETECTOR-main\MICROPLASTIC_DETECTOR-main\dataset\train\pellet\pellet_0032.png
pellet_0033.png,pellet,4,train,C:\Users\hs085\Downloads\MICROPLASTIC_DETECTOR-main\MICROPLASTIC_DETECTOR-main\dataset\train\pellet\pellet_0033.png
pellet_0034.png,pellet,4,train,C:\Users\hs085\Downloads\MICROPLASTIC_DETECTOR-main\MICROPLASTIC_DETECTOR-main\dataset\train\pellet\pellet_0034.png
pellet_0035.png,pellet,4,train,C:\Users\hs085\Downloads\MICROPLASTIC_DETECTOR-main\MICROPLASTIC_DETECTOR-main\dataset\train\pellet\pellet_0035.png
pellet_0036.png,pellet,4,train,C:\Users\hs085\Downloads\MICROPLASTIC_DETECTOR-main\MICROPLASTIC_DETECTOR-main\dataset\train\pellet\pellet_0036.png
pellet_0037.png,pellet,4,train,C:\Users\hs085\Downloads\MICROPLASTIC_DETECTOR-main\MICROPLASTIC_DETECTOR-main\dataset\train\pellet\pellet_0037.png
pellet_0038.png,pellet,4,train,C:\Users\hs085\Downloads\MICROPLASTIC_DETECTOR-main\MICROPLASTIC_DETECTOR-main\dataset\train\pellet\pellet_0038.png
pellet_0039.png,pellet,4,train,C:\Users\hs085\Downloads\MICROPLASTIC_DETECTOR-main\MICROPLASTIC_DETECTOR-main\dataset\train\pellet\pellet_0039.png
pellet_0040.png,pellet,4,train,C:\Users\hs085\Downloads\MICROPLASTIC_DETECTOR-main\MICROPLASTIC_DETECTOR-main\dataset\train\pellet\pellet_0040.png
pellet_0041.png,pellet,4,train,C:\Users\hs085\Downloads\MICROPLASTIC_DETECTOR-main\MICROPLASTIC_DETECTOR-main\dataset\train\pellet\pellet_0041.png
pellet_0042.png,pellet,4,train,C:\Users\hs085\Downloads\MICROPLASTIC_DETECTOR-main\MICROPLASTIC_DETECTOR-main\dataset\train\pellet\pellet_0042.png
pellet_0043.png,pellet,4,train,C:\Users\hs085\Downloads\MICROPLASTIC_DETECTOR-main\MICROPLASTIC_DETECTOR-main\dataset\train\pellet\pellet_0043.png
pellet_0044.png,pellet,4,train,C:\Users\hs085\Downloads\MICROPLASTIC_DETECTOR-main\MICROPLASTIC_DETECTOR-main\dataset\train\pellet\pellet_0044.png
pellet_0045.png,pellet,4,train,C:\Users\hs085\Downloads\MICROPLASTIC_DETECTOR-main\MICROPLASTIC_DETECTOR-main\dataset\train\pellet\pellet_0045.png
pellet_0046.png,pellet,4,train,C:\Users\hs085\Downloads\MICROPLASTIC_DETECTOR-main\MICROPLASTIC_DETECTOR-main\dataset\train\pellet\pellet_0046.png
pellet_0047.png,pellet,4,train,C:\Users\hs085\Downloads\MICROPLASTIC_DETECTOR-main\MICROPLASTIC_DETECTOR-main\dataset\train\pellet\pellet_0047.png
pellet_0048.png,pellet,4,train,C:\Users\hs085\Downloads\MICROPLASTIC_DETECTOR-main\MICROPLASTIC_DETECTOR-main\dataset\train\pellet\pellet_0048.png
pellet_0049.png,pellet,4,train,C:\Users\hs085\Downloads\MICROPLASTIC_DETECTOR-main\MICROPLASTIC_DETECTOR-main\dataset\train\pellet\pellet_0049.png
pellet_0050.png,pellet,4,train,C:\Users\hs085\Downloads\MICROPLASTIC_DETECTOR-main\MICROPLASTIC_DETECTOR-main\dataset\train\pellet\pellet_0050.png
pellet_0051.png,pellet,4,train,C:\Users\hs085\Downloads\MICROPLASTIC_DETECTOR-main\MICROPLASTIC_DETECTOR-main\dataset\train\pellet\pellet_0051.png
pellet_0052.png,pellet,4,train,C:\Users\hs085\Downloads\MICROPLASTIC_DETECTOR-main\MICROPLASTIC_DETECTOR-main\dataset\train\pellet\pellet_0052.png
pellet_0053.png,pellet,4,train,C:\Users\hs085\Downloads\MICROPLASTIC_DETECTOR-main\MICROPLASTIC_DETECTOR-main\dataset\train\pellet\pellet_0053.png
pellet_0054.png,pellet,4,train,C:\Users\hs085\Downloads\MICROPLASTIC_DETECTOR-main\MICROPLASTIC_DETECTOR-main\dataset\train\pellet\pellet_0054.png
pellet_0055.png,pellet,4,train,C:\Users\hs085\Downloads\MICROPLASTIC_DETECTOR-main\MICROPLASTIC_DETECTOR-main\dataset\train\pellet\pellet_0055.png
pellet_0056.png,pellet,4,train,C:\Users\hs085\Downloads\MICROPLASTIC_DETECTOR-main\MICROPLASTIC_DETECTOR-main\dataset\train\pellet\pellet_0056.png
pellet_0057.png,pellet,4,train,C:\Users\hs085\Downloads\MICROPLASTIC_DETECTOR-main\MICROPLASTIC_DETECTOR-main\dataset\train\pellet\pellet_0057.png
pellet_0058.png,pellet,4,train,C:\Users\hs085\Downloads\MICROPLASTIC_DETECTOR-main\MICROPLASTIC_DETECTOR-main\dataset\train\pellet\pellet_0058.png
pellet_0059.png,pellet,4,train,C:\Users\hs085\Downloads\MICROPLASTIC_DETECTOR-main\MICROPLASTIC_DETECTOR-main\dataset\train\pellet\pellet_0059.png
pellet_0060.png,pellet,4,train,C:\Users\hs085\Downloads\MICROPLASTIC_DETECTOR-main\MICROPLASTIC_DETECTOR-main\dataset\train\pellet\pellet_0060.png
pellet_0061.png,pellet,4,train,C:\Users\hs085\Downloads\MICROPLASTIC_DETECTOR-main\MICROPLASTIC_DETECTOR-main\dataset\train\pellet\pellet_0061.png
pellet_0062.png,pellet,4,train,C:\Users\hs085\Downloads\MICROPLASTIC_DETECTOR-main\MICROPLASTIC_DETECTOR-main\dataset\train\pellet\pellet_0062.png
pellet_0063.png,pellet,4,train,C:\Users\hs085\Downloads\MICROPLASTIC_DETECTOR-main\MICROPLASTIC_DETECTOR-main\dataset\train\pellet\pellet_0063.png
pellet_0064.png,pellet,4,train,C:\Users\hs085\Downloads\MICROPLASTIC_DETECTOR-main\MICROPLASTIC_DETECTOR-main\dataset\train\pellet\pellet_0064.png
pellet_0065.png,pellet,4,train,C:\Users\hs085\Downloads\MICROPLASTIC_DETECTOR-main\MICROPLASTIC_DETECTOR-main\dataset\train\pellet\pellet_0065.png
pellet_0066.png,pellet,4,train,C:\Users\hs085\Downloads\MICROPLASTIC_DETECTOR-main\MICROPLASTIC_DETECTOR-main\dataset\train\pellet\pellet_0066.png
pellet_0067.png,pellet,4,train,C:\Users\hs085\Downloads\MICROPLASTIC_DETECTOR-main\MICROPLASTIC_DETECTOR-main\dataset\train\pellet\pellet_0067.png
pellet_0068.png,pellet,4,train,C:\Users\hs085\Downloads\MICROPLASTIC_DETECTOR-main\MICROPLASTIC_DETECTOR-main\dataset\train\pellet\pellet_0068.png
pellet_0069.png,pellet,4,train,C:\Users\hs085\Downloads\MICROPLASTIC_DETECTOR-main\MICROPLASTIC_DETECTOR-main\dataset\train\pellet\pellet_0069.png
pellet_0070.png,pellet,4,train,C:\Users\hs085\Downloads\MICROPLASTIC_DETECTOR-main\MICROPLASTIC_DETECTOR-main\dataset\train\pellet\pellet_0070.png
pellet_0071.png,pellet,4,train,C:\Users\hs085\Downloads\MICROPLASTIC_DETECTOR-main\MICROPLASTIC_DETECTOR-main\dataset\train\pellet\pellet_0071.png
pellet_0072.png,pellet,4,train,C:\Users\hs085\Downloads\MICROPLASTIC_DETECTOR-main\MICROPLASTIC_DETECTOR-main\dataset\train\pellet\pellet_0072.png
pellet_0073.png,pellet,4,train,C:\Users\hs085\Downloads\MICROPLASTIC_DETECTOR-main\MICROPLASTIC_DETECTOR-main\dataset\train\pellet\pellet_0073.png
pellet_0074.png,pellet,4,train,C:\Users\hs085\Downloads\MICROPLASTIC_DETECTOR-main\MICROPLASTIC_DETECTOR-main\dataset\train\pellet\pellet_0074.png
pellet_0075.png,pellet,4,train,C:\Users\hs085\Downloads\MICROPLASTIC_DETECTOR-main\MICROPLASTIC_DETECTOR-main\dataset\train\pellet\pellet_0075.png
pellet_0076.png,pellet,4,train,C:\Users\hs085\Downloads\MICROPLASTIC_DETECTOR-main\MICROPLASTIC_DETECTOR-main\dataset\train\pellet\pellet_0076.png
pellet_0077.png,pellet,4,train,C:\Users\hs085\Downloads\MICROPLASTIC_DETECTOR-main\MICROPLASTIC_DETECTOR-main\dataset\train\pellet\pellet_0077.png
pellet_0078.png,pellet,4,train,C:\Users\hs085\Downloads\MICROPLASTIC_DETECTOR-main\MICROPLASTIC_DETECTOR-main\dataset\train\pellet\pellet_0078.png
pellet_0079.png,pellet,4,train,C:\Users\hs085\Downloads\MICROPLASTIC_DETECTOR-main\MICROPLASTIC_DETECTOR-main\dataset\train\pellet\pellet_0079.png
pellet_0080.png,pellet,4,train,C:\Users\hs085\Downloads\MICROPLASTIC_DETECTOR-main\MICROPLASTIC_DETECTOR-main\dataset\train\pellet\pellet_0080.png
pellet_0081.png,pellet,4,train,C:\Users\hs085\Downloads\MICROPLASTIC_DETECTOR-main\MICROPLASTIC_DETECTOR-main\dataset\train\pellet\pellet_0081.png
pellet_0082.png,pellet,4,train,C:\Users\hs085\Downloads\MICROPLASTIC_DETECTOR-main\MICROPLASTIC_DETECTOR-main\dataset\train\pellet\pellet_0082.png
pellet_0083.png,pellet,4,train,C:\Users\hs085\Downloads\MICROPLASTIC_DETECTOR-main\MICROPLASTIC_DETECTOR-main\dataset\train\pellet\pellet_0083.png
pellet_0084.png,pellet,4,train,C:\Users\hs085\Downloads\MICROPLASTIC_DETECTOR-main\MICROPLASTIC_DETECTOR-main\dataset\train\pellet\pellet_0084.png
pellet_0085.png,pellet,4,train,C:\Users\hs085\Downloads\MICROPLASTIC_DETECTOR-main\MICROPLASTIC_DETECTOR-main\dataset\train\pellet\pellet_0085.png
pellet_0086.png,pellet,4,train,C:\Users\hs085\Downloads\MICROPLASTIC_DETECTOR-main\MICROPLASTIC_DETECTOR-main\dataset\train\pellet\pellet_0086.png
pellet_0087.png,pellet,4,train,C:\Users\hs085\Downloads\MICROPLASTIC_DETECTOR-main\MICROPLASTIC_DETECTOR-main\dataset\train\pellet\pellet_0087.png
pellet_0088.png,pellet,4,train,C:\Users\hs085\Downloads\MICROPLASTIC_DETECTOR-main\MICROPLASTIC_DETECTOR-main\dataset\train\pellet\pellet_0088.png
pellet_0089.png,pellet,4,train,C:\Users\hs085\Downloads\MICROPLASTIC_DETECTOR-main\MICROPLASTIC_DETECTOR-main\dataset\train\pellet\pellet_0089.png
pellet_0090.png,pellet,4,train,C:\Users\hs085\Downloads\MICROPLASTIC_DETECTOR-main\MICROPLASTIC_DETECTOR-main\dataset\train\pellet\pellet_0090.png
pellet_0091.png,pellet,4,train,C:\Users\hs085\Downloads\MICROPLASTIC_DETECTOR-main\MICROPLASTIC_DETECTOR-main\dataset\train\pellet\pellet_0091.png
pellet_0092.png,pellet,4,train,C:\Users\hs085\Downloads\MICROPLASTIC_DETECTOR-main\MICROPLASTIC_DETECTOR-main\dataset\train\pellet\pellet_0092.png
pellet_0093.png,pellet,4,train,C:\Users\hs085\Downloads\MICROPLASTIC_DETECTOR-main\MICROPLASTIC_DETECTOR-main\dataset\train\pellet\pellet_0093.png
pellet_0094.png,pellet,4,train,C:\Users\hs085\Downloads\MICROPLASTIC_DETECTOR-main\MICROPLASTIC_DETECTOR-main\dataset\train\pellet\pellet_0094.png
pellet_0095.png,pellet,4,train,C:\Users\hs085\Downloads\MICROPLASTIC_DETECTOR-main\MICROPLASTIC_DETECTOR-main\dataset\train\pellet\pellet_0095.png
pellet_0096.png,pellet,4,train,C:\Users\hs085\Downloads\MICROPLASTIC_DETECTOR-main\MICROPLASTIC_DETECTOR-main\dataset\train\pellet\pellet_0096.png
pellet_0097.png,pellet,4,train,C:\Users\hs085\Downloads\MICROPLASTIC_DETECTOR-main\MICROPLASTIC_DETECTOR-main\dataset\train\pellet\pellet_0097.png
pellet_0098.png,pellet,4,train,C:\Users\hs085\Downloads\MICROPLASTIC_DETECTOR-main\MICROPLASTIC_DETECTOR-main\dataset\train\pellet\pellet_0098.png
pellet_0099.png,pellet,4,train,C:\Users\hs085\Downloads\MICROPLASTIC_DETECTOR-main\MICROPLASTIC_DETECTOR-main\dataset\train\pellet\pellet_0099.png
pellet_0100.png,pellet,4,train,C:\Users\hs085\Downloads\MICROPLASTIC_DETECTOR-main\MICROPLASTIC_DETECTOR-main\dataset\train\pellet\pellet_0100.png
pellet_0101.png,pellet,4,train,C:\Users\hs085\Downloads\MICROPLASTIC_DETECTOR-main\MICROPLASTIC_DETECTOR-main\dataset\train\pellet\pellet_0101.png
pellet_0102.png,pellet,4,train,C:\Users\hs085\Downloads\MICROPLASTIC_DETECTOR-main\MICROPLASTIC_DETECTOR-main\dataset\train\pellet\pellet_0102.png
pellet_0103.png,pellet,4,train,C:\Users\hs085\Downloads\MICROPLASTIC_DETECTOR-main\MICROPLASTIC_DETECTOR-main\dataset\train\pellet\pellet_0103.png
pellet_0104.png,pellet,4,train,C:\Users\hs085\Downloads\MICROPLASTIC_DETECTOR-main\MICROPLASTIC_DETECTOR-main\dataset\train\pellet\pellet_0104.png
pellet_0105.png,pellet,4,train,C:\Users\hs085\Downloads\MICROPLASTIC_DETECTOR-main\MICROPLASTIC_DETECTOR-main\dataset\train\pellet\pellet_0105.png
pellet_0106.png,pellet,4,train,C:\Users\hs085\Downloads\MICROPLASTIC_DETECTOR-main\MICROPLASTIC_DETECTOR-main\dataset\train\pellet\pellet_0106.png
pellet_0107.png,pellet,4,train,C:\Users\hs085\Downloads\MICROPLASTIC_DETECTOR-main\MICROPLASTIC_DETECTOR-main\dataset\train\pellet\pellet_0107.png
pellet_0108.png,pellet,4,train,C:\Users\hs085\Downloads\MICROPLASTIC_DETECTOR-main\MICROPLASTIC_DETECTOR-main\dataset\train\pellet\pellet_0108.png
pellet_0109.png,pellet,4,train,C:\Users\hs085\Downloads\MICROPLASTIC_DETECTOR-main\MICROPLASTIC_DETECTOR-main\dataset\train\pellet\pellet_0109.png
pellet_0110.png,pellet,4,train,C:\Users\hs085\Downloads\MICROPLASTIC_DETECTOR-main\MICROPLASTIC_DETECTOR-main\dataset\train\pellet\pellet_0110.png
pellet_0111.png,pellet,4,train,C:\Users\hs085\Downloads\MICROPLASTIC_DETECTOR-main\MICROPLASTIC_DETECTOR-main\dataset\train\pellet\pellet_0111.png
pellet_0112.png,pellet,4,train,C:\Users\hs085\Downloads\MICROPLASTIC_DETECTOR-main\MICROPLASTIC_DETECTOR-main\dataset\train\pellet\pellet_0112.png
pellet_0113.png,pellet,4,train,C:\Users\hs085\Downloads\MICROPLASTIC_DETECTOR-main\MICROPLASTIC_DETECTOR-main\dataset\train\pellet\pellet_0113.png
pellet_0114.png,pellet,4,train,C:\Users\hs085\Downloads\MICROPLASTIC_DETECTOR-main\MICROPLASTIC_DETECTOR-main\dataset\train\pellet\pellet_0114.png
pellet_0115.png,pellet,4,train,C:\Users\hs085\Downloads\MICROPLASTIC_DETECTOR-main\MICROPLASTIC_DETECTOR-main\dataset\train\pellet\pellet_0115.png
pellet_0116.png,pellet,4,train,C:\Users\hs085\Downloads\MICROPLASTIC_DETECTOR-main\MICROPLASTIC_DETECTOR-main\dataset\train\pellet\pellet_0116.png
pellet_0117.png,pellet,4,train,C:\Users\hs085\Downloads\MICROPLASTIC_DETECTOR-main\MICROPLASTIC_DETECTOR-main\dataset\train\pellet\pellet_0117.png
pellet_0118.png,pellet,4,train,C:\Users\hs085\Downloads\MICROPLASTIC_DETECTOR-main\MICROPLASTIC_DETECTOR-main\dataset\train\pellet\pellet_0118.png
pellet_0119.png,pellet,4,train,C:\Users\hs085\Downloads\MICROPLASTIC_DETECTOR-main\MICROPLASTIC_DETECTOR-main\dataset\train\pellet\pellet_0119.png
pellet_0120.png,pellet,4,train,C:\Users\hs085\Downloads\MICROPLASTIC_DETECTOR-main\MICROPLASTIC_DETECTOR-main\dataset\train\pellet\pellet_0120.png
pellet_0121.png,pellet,4,train,C:\Users\hs085\Downloads\MICROPLASTIC_DETECTOR-main\MICROPLASTIC_DETECTOR-main\dataset\train\pellet\pellet_0121.png
pellet_0122.png,pellet,4,train,C:\Users\hs085\Downloads\MICROPLASTIC_DETECTOR-main\MICROPLASTIC_DETECTOR-main\dataset\train\pellet\pellet_0122.png
pellet_0123.png,pellet,4,train,C:\Users\hs085\Downloads\MICROPLASTIC_DETECTOR-main\MICROPLASTIC_DETECTOR-main\dataset\train\pellet\pellet_0123.png
pellet_0124.png,pellet,4,train,C:\Users\hs085\Downloads\MICROPLASTIC_DETECTOR-main\MICROPLASTIC_DETECTOR-main\dataset\train\pellet\pellet_0124.png
pellet_0125.png,pellet,4,train,C:\Users\hs085\Downloads\MICROPLASTIC_DETECTOR-main\MICROPLASTIC_DETECTOR-main\dataset\train\pellet\pellet_0125.png
pellet_0126.png,pellet,4,train,C:\Users\hs085\Downloads\MICROPLASTIC_DETECTOR-main\MICROPLASTIC_DETECTOR-main\dataset\train\pellet\pellet_0126.png
pellet_0127.png,pellet,4,train,C:\Users\hs085\Downloads\MICROPLASTIC_DETECTOR-main\MICROPLASTIC_DETECTOR-main\dataset\train\pellet\pellet_0127.png
pellet_0128.png,pellet,4,train,C:\Users\hs085\Downloads\MICROPLASTIC_DETECTOR-main\MICROPLASTIC_DETECTOR-main\dataset\train\pellet\pellet_0128.png
pellet_0129.png,pellet,4,train,C:\Users\hs085\Downloads\MICROPLASTIC_DETECTOR-main\MICROPLASTIC_DETECTOR-main\dataset\train\pellet\pellet_0129.png
pellet_0130.png,pellet,4,train,C:\Users\hs085\Downloads\MICROPLASTIC_DETECTOR-main\MICROPLASTIC_DETECTOR-main\dataset\train\pellet\pellet_0130.png
pellet_0131.png,pellet,4,train,C:\Users\hs085\Downloads\MICROPLASTIC_DETECTOR-main\MICROPLASTIC_DETECTOR-main\dataset\train\pellet\pellet_0131.png
pellet_0132.png,pellet,4,train,C:\Users\hs085\Downloads\MICROPLASTIC_DETECTOR-main\MICROPLASTIC_DETECTOR-main\dataset\train\pellet\pellet_0132.png
pellet_0133.png,pellet,4,train,C:\Users\hs085\Downloads\MICROPLASTIC_DETECTOR-main\MICROPLASTIC_DETECTOR-main\dataset\train\pellet\pellet_0133.png
pellet_0134.png,pellet,4,train,C:\Users\hs085\Downloads\MICROPLASTIC_DETECTOR-main\MICROPLASTIC_DETECTOR-main\dataset\train\pellet\pellet_0134.png
pellet_0135.png,pellet,4,train,C:\Users\hs085\Downloads\MICROPLASTIC_DETECTOR-main\MICROPLASTIC_DETECTOR-main\dataset\train\pellet\pellet_0135.png
pellet_0136.png,pellet,4,train,C:\Users\hs085\Downloads\MICROPLASTIC_DETECTOR-main\MICROPLASTIC_DETECTOR-main\dataset\train\pellet\pellet_0136.png
pellet_0137.png,pellet,4,train,C:\Users\hs085\Downloads\MICROPLASTIC_DETECTOR-main\MICROPLASTIC_DETECTOR-main\dataset\train\pellet\pellet_0137.png
pellet_0138.png,pellet,4,train,C:\Users\hs085\Downloads\MICROPLASTIC_DETECTOR-main\MICROPLASTIC_DETECTOR-main\dataset\train\pellet\pellet_0138.png
pellet_0139.png,pellet,4,train,C:\Users\hs085\Downloads\MICROPLASTIC_DETECTOR-main\MICROPLASTIC_DETECTOR-main\dataset\train\pellet\pellet_0139.png
pellet_0140.png,pellet,4,train,C:\Users\hs085\Downloads\MICROPLASTIC_DETECTOR-main\MICROPLASTIC_DETECTOR-main\dataset\train\pellet\pellet_0140.png
pellet_0141.png,pellet,4,train,C:\Users\hs085\Downloads\MICROPLASTIC_DETECTOR-main\MICROPLASTIC_DETECTOR-main\dataset\train\pellet\pellet_0141.png
pellet_0142.png,pellet,4,train,C:\Users\hs085\Downloads\MICROPLASTIC_DETECTOR-main\MICROPLASTIC_DETECTOR-main\dataset\train\pellet\pellet_0142.png
pellet_0143.png,pellet,4,train,C:\Users\hs085\Downloads\MICROPLASTIC_DETECTOR-main\MICROPLASTIC_DETECTOR-main\dataset\train\pellet\pellet_0143.png
pellet_0144.png,pellet,4,train,C:\Users\hs085\Downloads\MICROPLASTIC_DETECTOR-main\MICROPLASTIC_DETECTOR-main\dataset\train\pellet\pellet_0144.png
pellet_0145.png,pellet,4,train,C:\Users\hs085\Downloads\MICROPLASTIC_DETECTOR-main\MICROPLASTIC_DETECTOR-main\dataset\train\pellet\pellet_0145.png
pellet_0146.png,pellet,4,train,C:\Users\hs085\Downloads\MICROPLASTIC_DETECTOR-main\MICROPLASTIC_DETECTOR-main\dataset\train\pellet\pellet_0146.png
pellet_0147.png,pellet,4,train,C:\Users\hs085\Downloads\MICROPLASTIC_DETECTOR-main\MICROPLASTIC_DETECTOR-main\dataset\train\pellet\pellet_0147.png
pellet_0148.png,pellet,4,train,C:\Users\hs085\Downloads\MICROPLASTIC_DETECTOR-main\MICROPLASTIC_DETECTOR-main\dataset\train\pellet\pellet_0148.png
pellet_0149.png,pellet,4,train,C:\Users\hs085\Downloads\MICROPLASTIC_DETECTOR-main\MICROPLASTIC_DETECTOR-main\dataset\train\pellet\pellet_0149.png
pellet_0150.png,pellet,4,train,C:\Users\hs085\Downloads\MICROPLASTIC_DETECTOR-main\MICROPLASTIC_DETECTOR-main\dataset\train\pellet\pellet_0150.png
pellet_0151.png,pellet,4,train,C:\Users\hs085\Downloads\MICROPLASTIC_DETECTOR-main\MICROPLASTIC_DETECTOR-main\dataset\train\pellet\pellet_0151.png
pellet_0152.png,pellet,4,train,C:\Users\hs085\Downloads\MICROPLASTIC_DETECTOR-main\MICROPLASTIC_DETECTOR-main\dataset\train\pellet\pellet_0152.png
pellet_0153.png,pellet,4,train,C:\Users\hs085\Downloads\MICROPLASTIC_DETECTOR-main\MICROPLASTIC_DETECTOR-main\dataset\train\pellet\pellet_0153.png
pellet_0154.png,pellet,4,train,C:\Users\hs085\Downloads\MICROPLASTIC_DETECTOR-main\MICROPLASTIC_DETECTOR-main\dataset\train\pellet\pellet_0154.png
pellet_0155.png,pellet,4,train,C:\Users\hs085\Downloads\MICROPLASTIC_DETECTOR-main\MICROPLASTIC_DETECTOR-main\dataset\train\pellet\pellet_0155.png
pellet_0156.png,pellet,4,train,C:\Users\hs085\Downloads\MICROPLASTIC_DETECTOR-main\MICROPLASTIC_DETECTOR-main\dataset\train\pellet\pellet_0156.png
pellet_0157.png,pellet,4,train,C:\Users\hs085\Downloads\MICROPLASTIC_DETECTOR-main\MICROPLASTIC_DETECTOR-main\dataset\train\pellet\pellet_0157.png
pellet_0158.png,pellet,4,train,C:\Users\hs085\Downloads\MICROPLASTIC_DETECTOR-main\MICROPLASTIC_DETECTOR-main\dataset\train\pellet\pellet_0158.png
pellet_0159.png,pellet,4,train,C:\Users\hs085\Downloads\MICROPLASTIC_DETECTOR-main\MICROPLASTIC_DETECTOR-main\dataset\train\pellet\pellet_0159.png
pellet_0160.png,pellet,4,train,C:\Users\hs085\Downloads\MICROPLASTIC_DETECTOR-main\MICROPLASTIC_DETECTOR-main\dataset\train\pellet\pellet_0160.png
pellet_0161.png,pellet,4,train,C:\Users\hs085\Downloads\MICROPLASTIC_DETECTOR-main\MICROPLASTIC_DETECTOR-main\dataset\train\pellet\pellet_0161.png
pellet_0162.png,pellet,4,train,C:\Users\hs085\Downloads\MICROPLASTIC_DETECTOR-main\MICROPLASTIC_DETECTOR-main\dataset\train\pellet\pellet_0162.png
pellet_0163.png,pellet,4,train,C:\Users\hs085\Downloads\MICROPLASTIC_DETECTOR-main\MICROPLASTIC_DETECTOR-main\dataset\train\pellet\pellet_0163.png
pellet_0164.png,pellet,4,train,C:\Users\hs085\Downloads\MICROPLASTIC_DETECTOR-main\MICROPLASTIC_DETECTOR-main\dataset\train\pellet\pellet_0164.png
pellet_0165.png,pellet,4,train,C:\Users\hs085\Downloads\MICROPLASTIC_DETECTOR-main\MICROPLASTIC_DETECTOR-main\dataset\train\pellet\pellet_0165.png
pellet_0166.png,pellet,4,train,C:\Users\hs085\Downloads\MICROPLASTIC_DETECTOR-main\MICROPLASTIC_DETECTOR-main\dataset\train\pellet\pellet_0166.png
pellet_0167.png,pellet,4,train,C:\Users\hs085\Downloads\MICROPLASTIC_DETECTOR-main\MICROPLASTIC_DETECTOR-main\dataset\train\pellet\pellet_0167.png
pellet_0168.png,pellet,4,train,C:\Users\hs085\Downloads\MICROPLASTIC_DETECTOR-main\MICROPLASTIC_DETECTOR-main\dataset\train\pellet\pellet_0168.png
pellet_0169.png,pellet,4,train,C:\Users\hs085\Downloads\MICROPLASTIC_DETECTOR-main\MICROPLASTIC_DETECTOR-main\dataset\train\pellet\pellet_0169.png
pellet_0170.png,pellet,4,train,C:\Users\hs085\Downloads\MICROPLASTIC_DETECTOR-main\MICROPLASTIC_DETECTOR-main\dataset\train\pellet\pellet_0170.png
pellet_0171.png,pellet,4,train,C:\Users\hs085\Downloads\MICROPLASTIC_DETECTOR-main\MICROPLASTIC_DETECTOR-main\dataset\train\pellet\pellet_0171.png
pellet_0172.png,pellet,4,train,C:\Users\hs085\Downloads\MICROPLASTIC_DETECTOR-main\MICROPLASTIC_DETECTOR-main\dataset\train\pellet\pellet_0172.png
pellet_0173.png,pellet,4,train,C:\Users\hs085\Downloads\MICROPLASTIC_DETECTOR-main\MICROPLASTIC_DETECTOR-main\dataset\train\pellet\pellet_0173.png
pellet_0174.png,pellet,4,train,C:\Users\hs085\Downloads\MICROPLASTIC_DETECTOR-main\MICROPLASTIC_DETECTOR-main\dataset\train\pellet\pellet_0174.png
pellet_0175.png,pellet,4,train,C:\Users\hs085\Downloads\MICROPLASTIC_DETECTOR-main\MICROPLASTIC_DETECTOR-main\dataset\train\pellet\pellet_0175.png
pellet_0176.png,pellet,4,train,C:\Users\hs085\Downloads\MICROPLASTIC_DETECTOR-main\MICROPLASTIC_DETECTOR-main\dataset\train\pellet\pellet_0176.png
pellet_0177.png,pellet,4,train,C:\Users\hs085\Downloads\MICROPLASTIC_DETECTOR-main\MICROPLASTIC_DETECTOR-main\dataset\train\pellet\pellet_0177.png
pellet_0178.png,pellet,4,train,C:\Users\hs085\Downloads\MICROPLASTIC_DETECTOR-main\MICROPLASTIC_DETECTOR-main\dataset\train\pellet\pellet_0178.png
pellet_0179.png,pellet,4,train,C:\Users\hs085\Downloads\MICROPLASTIC_DETECTOR-main\MICROPLASTIC_DETECTOR-main\dataset\train\pellet\pellet_0179.png
pellet_0180.png,pellet,4,train,C:\Users\hs085\Downloads\MICROPLASTIC_DETECTOR-main\MICROPLASTIC_DETECTOR-main\dataset\train\pellet\pellet_0180.png
pellet_0181.png,pellet,4,train,C:\Users\hs085\Downloads\MICROPLASTIC_DETECTOR-main\MICROPLASTIC_DETECTOR-main\dataset\train\pellet\pellet_0181.png
pellet_0182.png,pellet,4,train,C:\Users\hs085\Downloads\MICROPLASTIC_DETECTOR-main\MICROPLASTIC_DETECTOR-main\dataset\train\pellet\pellet_0182.png
pellet_0183.png,pellet,4,train,C:\Users\hs085\Downloads\MICROPLASTIC_DETECTOR-main\MICROPLASTIC_DETECTOR-main\dataset\train\pellet\pellet_0183.png
pellet_0184.png,pellet,4,train,C:\Users\hs085\Downloads\MICROPLASTIC_DETECTOR-main\MICROPLASTIC_DETECTOR-main\dataset\train\pellet\pellet_0184.png
pellet_0185.png,pellet,4,train,C:\Users\hs085\Downloads\MICROPLASTIC_DETECTOR-main\MICROPLASTIC_DETECTOR-main\dataset\train\pellet\pellet_0185.png
pellet_0186.png,pellet,4,train,C:\Users\hs085\Downloads\MICROPLASTIC_DETECTOR-main\MICROPLASTIC_DETECTOR-main\dataset\train\pellet\pellet_0186.png
pellet_0187.png,pellet,4,train,C:\Users\hs085\Downloads\MICROPLASTIC_DETECTOR-main\MICROPLASTIC_DETECTOR-main\dataset\train\pellet\pellet_0187.png
pellet_0188.png,pellet,4,train,C:\Users\hs085\Downloads\MICROPLASTIC_DETECTOR-main\MICROPLASTIC_DETECTOR-main\dataset\train\pellet\pellet_0188.png
pellet_0189.png,pellet,4,train,C:\Users\hs085\Downloads\MICROPLASTIC_DETECTOR-main\MICROPLASTIC_DETECTOR-main\dataset\train\pellet\pellet_0189.png
pellet_0190.png,pellet,4,train,C:\Users\hs085\Downloads\MICROPLASTIC_DETECTOR-main\MICROPLASTIC_DETECTOR-main\dataset\train\pellet\pellet_0190.png
pellet_0191.png,pellet,4,train,C:\Users\hs085\Downloads\MICROPLASTIC_DETECTOR-main\MICROPLASTIC_DETECTOR-main\dataset\train\pellet\pellet_0191.png
pellet_0192.png,pellet,4,train,C:\Users\hs085\Downloads\MICROPLASTIC_DETECTOR-main\MICROPLASTIC_DETECTOR-main\dataset\train\pellet\pellet_0192.png
pellet_0193.png,pellet,4,train,C:\Users\hs085\Downloads\MICROPLASTIC_DETECTOR-main\MICROPLASTIC_DETECTOR-main\dataset\train\pellet\pellet_0193.png
pellet_0194.png,pellet,4,train,C:\Users\hs085\Downloads\MICROPLASTIC_DETECTOR-main\MICROPLASTIC_DETECTOR-main\dataset\train\pellet\pellet_0194.png
pellet_0195.png,pellet,4,train,C:\Users\hs085\Downloads\MICROPLASTIC_DETECTOR-main\MICROPLASTIC_DETECTOR-main\dataset\train\pellet\pellet_0195.png
pellet_0196.png,pellet,4,train,C:\Users\hs085\Downloads\MICROPLASTIC_DETECTOR-main\MICROPLASTIC_DETECTOR-main\dataset\train\pellet\pellet_0196.png
pellet_0197.png,pellet,4,train,C:\Users\hs085\Downloads\MICROPLASTIC_DETECTOR-main\MICROPLASTIC_DETECTOR-main\dataset\train\pellet\pellet_0197.png
pellet_0198.png,pellet,4,train,C:\Users\hs085\Downloads\MICROPLASTIC_DETECTOR-main\MICROPLASTIC_DETECTOR-main\dataset\train\pellet\pellet_0198.png
pellet_0199.png,pellet,4,train,C:\Users\hs085\Downloads\MICROPLASTIC_DETECTOR-main\MICROPLASTIC_DETECTOR-main\dataset\train\pellet\pellet_0199.png
pellet_0200.png,pellet,4,train,C:\Users\hs085\Downloads\MICROPLASTIC_DETECTOR-main\MICROPLASTIC_DETECTOR-main\dataset\train\pellet\pellet_0200.png
pellet_0201.png,pellet,4,train,C:\Users\hs085\Downloads\MICROPLASTIC_DETECTOR-main\MICROPLASTIC_DETECTOR-main\dataset\train\pellet\pellet_0201.png
pellet_0202.png,pellet,4,train,C:\Users\hs085\Downloads\MICROPLASTIC_DETECTOR-main\MICROPLASTIC_DETECTOR-main\dataset\train\pellet\pellet_0202.png
pellet_0203.png,pellet,4,train,C:\Users\hs085\Downloads\MICROPLASTIC_DETECTOR-main\MICROPLASTIC_DETECTOR-main\dataset\train\pellet\pellet_0203.png
pellet_0204.png,pellet,4,train,C:\Users\hs085\Downloads\MICROPLASTIC_DETECTOR-main\MICROPLASTIC_DETECTOR-main\dataset\train\pellet\pellet_0204.png
pellet_0205.png,pellet,4,train,C:\Users\hs085\Downloads\MICROPLASTIC_DETECTOR-main\MICROPLASTIC_DETECTOR-main\dataset\train\pellet\pellet_0205.png
pellet_0206.png,pellet,4,train,C:\Users\hs085\Downloads\MICROPLASTIC_DETECTOR-main\MICROPLASTIC_DETECTOR-main\dataset\train\pellet\pellet_0206.png
pellet_0207.png,pellet,4,train,C:\Users\hs085\Downloads\MICROPLASTIC_DETECTOR-main\MICROPLASTIC_DETECTOR-main\dataset\train\pellet\pellet_0207.png
pellet_0208.png,pellet,4,train,C:\Users\hs085\Downloads\MICROPLASTIC_DETECTOR-main\MICROPLASTIC_DETECTOR-main\dataset\train\pellet\pellet_0208.png
pellet_0209.png,pellet,4,train,C:\Users\hs085\Downloads\MICROPLASTIC_DETECTOR-main\MICROPLASTIC_DETECTOR-main\dataset\train\pellet\pellet_0209.png
pellet_0210.png,pellet,4,train,C:\Users\hs085\Downloads\MICROPLASTIC_DETECTOR-main\MICROPLASTIC_DETECTOR-main\dataset\train\pellet\pellet_0210.png
pellet_0211.png,pellet,4,train,C:\Users\hs085\Downloads\MICROPLASTIC_DETECTOR-main\MICROPLASTIC_DETECTOR-main\dataset\train\pellet\pellet_0211.png
pellet_0212.png,pellet,4,train,C:\Users\hs085\Downloads\MICROPLASTIC_DETECTOR-main\MICROPLASTIC_DETECTOR-main\dataset\train\pellet\pellet_0212.png
pellet_0213.png,pellet,4,train,C:\Users\hs085\Downloads\MICROPLASTIC_DETECTOR-main\MICROPLASTIC_DETECTOR-main\dataset\train\pellet\pellet_0213.png
pellet_0214.png,pellet,4,train,C:\Users\hs085\Downloads\MICROPLASTIC_DETECTOR-main\MICROPLASTIC_DETECTOR-main\dataset\train\pellet\pellet_0214.png
pellet_0215.png,pellet,4,train,C:\Users\hs085\Downloads\MICROPLASTIC_DETECTOR-main\MICROPLASTIC_DETECTOR-main\dataset\train\pellet\pellet_0215.png
pellet_0216.png,pellet,4,train,C:\Users\hs085\Downloads\MICROPLASTIC_DETECTOR-main\MICROPLASTIC_DETECTOR-main\dataset\train\pellet\pellet_0216.png
pellet_0217.png,pellet,4,train,C:\Users\hs085\Downloads\MICROPLASTIC_DETECTOR-main\MICROPLASTIC_DETECTOR-main\dataset\train\pellet\pellet_0217.png
pellet_0218.png,pellet,4,train,C:\Users\hs085\Downloads\MICROPLASTIC_DETECTOR-main\MICROPLASTIC_DETECTOR-main\dataset\train\pellet\pellet_0218.png
pellet_0219.png,pellet,4,train,C:\Users\hs085\Downloads\MICROPLASTIC_DETECTOR-main\MICROPLASTIC_DETECTOR-main\dataset\train\pellet\pellet_0219.png
pellet_0220.png,pellet,4,train,C:\Users\hs085\Downloads\MICROPLASTIC_DETECTOR-main\MICROPLASTIC_DETECTOR-main\dataset\train\pellet\pellet_0220.png
pellet_0221.png,pellet,4,train,C:\Users\hs085\Downloads\MICROPLASTIC_DETECTOR-main\MICROPLASTIC_DETECTOR-main\dataset\train\pellet\pellet_0221.png
pellet_0222.png,pellet,4,train,C:\Users\hs085\Downloads\MICROPLASTIC_DETECTOR-main\MICROPLASTIC_DETECTOR-main\dataset\train\pellet\pellet_0222.png
pellet_0223.png,pellet,4,train,C:\Users\hs085\Downloads\MICROPLASTIC_DETECTOR-main\MICROPLASTIC_DETECTOR-main\dataset\train\pellet\pellet_0223.png
pellet_0224.png,pellet,4,train,C:\Users\hs085\Downloads\MICROPLASTIC_DETECTOR-main\MICROPLASTIC_DETECTOR-main\dataset\train\pellet\pellet_0224.png
pellet_0225.png,pellet,4,train,C:\Users\hs085\Downloads\MICROPLASTIC_DETECTOR-main\MICROPLASTIC_DETECTOR-main\dataset\train\pellet\pellet_0225.png
pellet_0226.png,pellet,4,train,C:\Users\hs085\Downloads\MICROPLASTIC_DETECTOR-main\MICROPLASTIC_DETECTOR-main\dataset\train\pellet\pellet_0226.png
pellet_0227.png,pellet,4,train,C:\Users\hs085\Downloads\MICROPLASTIC_DETECTOR-main\MICROPLASTIC_DETECTOR-main\dataset\train\pellet\pellet_0227.png
pellet_0228.png,pellet,4,train,C:\Users\hs085\Downloads\MICROPLASTIC_DETECTOR-main\MICROPLASTIC_DETECTOR-main\dataset\train\pellet\pellet_0228.png
pellet_0229.png,pellet,4,train,C:\Users\hs085\Downloads\MICROPLASTIC_DETECTOR-main\MICROPLASTIC_DETECTOR-main\dataset\train\pellet\pellet_0229.png
pellet_0230.png,pellet,4,train,C:\Users\hs085\Downloads\MICROPLASTIC_DETECTOR-main\MICROPLASTIC_DETECTOR-main\dataset\train\pellet\pellet_0230.png
pellet_0231.png,pellet,4,train,C:\Users\hs085\Downloads\MICROPLASTIC_DETECTOR-main\MICROPLASTIC_DETECTOR-main\dataset\train\pellet\pellet_0231.png
pellet_0232.png,pellet,4,train,C:\Users\hs085\Downloads\MICROPLASTIC_DETECTOR-main\MICROPLASTIC_DETECTOR-main\dataset\train\pellet\pellet_0232.png
pellet_0233.png,pellet,4,train,C:\Users\hs085\Downloads\MICROPLASTIC_DETECTOR-main\MICROPLASTIC_DETECTOR-main\dataset\train\pellet\pellet_0233.png
pellet_0234.png,pellet,4,train,C:\Users\hs085\Downloads\MICROPLASTIC_DETECTOR-main\MICROPLASTIC_DETECTOR-main\dataset\train\pellet\pellet_0234.png
pellet_0235.png,pellet,4,train,C:\Users\hs085\Downloads\MICROPLASTIC_DETECTOR-main\MICROPLASTIC_DETECTOR-main\dataset\train\pellet\pellet_0235.png
pellet_0236.png,pellet,4,train,C:\Users\hs085\Downloads\MICROPLASTIC_DETECTOR-main\MICROPLASTIC_DETECTOR-main\dataset\train\pellet\pellet_0236.png
pellet_0237.png,pellet,4,train,C:\Users\hs085\Downloads\MICROPLASTIC_DETECTOR-main\MICROPLASTIC_DETECTOR-main\dataset\train\pellet\pellet_0237.png
pellet_0238.png,pellet,4,train,C:\Users\hs085\Downloads\MICROPLASTIC_DETECTOR-main\MICROPLASTIC_DETECTOR-main\dataset\train\pellet\pellet_0238.png
pellet_0239.png,pellet,4,train,C:\Users\hs085\Downloads\MICROPLASTIC_DETECTOR-main\MICROPLASTIC_DETECTOR-main\dataset\train\pellet\pellet_0239.png
pellet_0240.png,pellet,4,train,C:\Users\hs085\Downloads\MICROPLASTIC_DETECTOR-main\MICROPLASTIC_DETECTOR-main\dataset\train\pellet\pellet_0240.png
pellet_0241.png,pellet,4,train,C:\Users\hs085\Downloads\MICROPLASTIC_DETECTOR-main\MICROPLASTIC_DETECTOR-main\dataset\train\pellet\pellet_0241.png
pellet_0242.png,pellet,4,train,C:\Users\hs085\Downloads\MICROPLASTIC_DETECTOR-main\MICROPLASTIC_DETECTOR-main\dataset\train\pellet\pellet_0242.png
pellet_0243.png,pellet,4,train,C:\Users\hs085\Downloads\MICROPLASTIC_DETECTOR-main\MICROPLASTIC_DETECTOR-main\dataset\train\pellet\pellet_0243.png
pellet_0244.png,pellet,4,train,C:\Users\hs085\Downloads\MICROPLASTIC_DETECTOR-main\MICROPLASTIC_DETECTOR-main\dataset\train\pellet\pellet_0244.png
pellet_0245.png,pellet,4,train,C:\Users\hs085\Downloads\MICROPLASTIC_DETECTOR-main\MICROPLASTIC_DETECTOR-main\dataset\train\pellet\pellet_0245.png
pellet_0246.png,pellet,4,train,C:\Users\hs085\Downloads\MICROPLASTIC_DETECTOR-main\MICROPLASTIC_DETECTOR-main\dataset\train\pellet\pellet_0246.png
pellet_0247.png,pellet,4,train,C:\Users\hs085\Downloads\MICROPLASTIC_DETECTOR-main\MICROPLASTIC_DETECTOR-main\dataset\train\pellet\pellet_0247.png
pellet_0248.png,pellet,4,train,C:\Users\hs085\Downloads\MICROPLASTIC_DETECTOR-main\MICROPLASTIC_DETECTOR-main\dataset\train\pellet\pellet_0248.png
pellet_0249.png,pellet,4,train,C:\Users\hs085\Downloads\MICROPLASTIC_DETECTOR-main\MICROPLASTIC_DETECTOR-main\dataset\train\pellet\pellet_0249.png
pellet_0250.png,pellet,4,train,C:\Users\hs085\Downloads\MICROPLASTIC_DETECTOR-main\MICROPLASTIC_DETECTOR-main\dataset\train\pellet\pellet_0250.png
pellet_0251.png,pellet,4,train,C:\Users\hs085\Downloads\MICROPLASTIC_DETECTOR-main\MICROPLASTIC_DETECTOR-main\dataset\train\pellet\pellet_0251.png
pellet_0252.png,pellet,4,train,C:\Users\hs085\Downloads\MICROPLASTIC_DETECTOR-main\MICROPLASTIC_DETECTOR-main\dataset\train\pellet\pellet_0252.png
pellet_0253.png,pellet,4,train,C:\Users\hs085\Downloads\MICROPLASTIC_DETECTOR-main\MICROPLASTIC_DETECTOR-main\dataset\train\pellet\pellet_0253.png
pellet_0254.png,pellet,4,train,C:\Users\hs085\Downloads\MICROPLASTIC_DETECTOR-main\MICROPLASTIC_DETECTOR-main\dataset\train\pellet\pellet_0254.png
pellet_0255.png,pellet,4,train,C:\Users\hs085\Downloads\MICROPLASTIC_DETECTOR-main\MICROPLASTIC_DETECTOR-main\dataset\train\pellet\pellet_0255.png
pellet_0256.png,pellet,4,train,C:\Users\hs085\Downloads\MICROPLASTIC_DETECTOR-main\MICROPLASTIC_DETECTOR-main\dataset\train\pellet\pellet_0256.png
pellet_0257.png,pellet,4,train,C:\Users\hs085\Downloads\MICROPLASTIC_DETECTOR-main\MICROPLASTIC_DETECTOR-main\dataset\train\pellet\pellet_0257.png
pellet_0258.png,pellet,4,train,C:\Users\hs085\Downloads\MICROPLASTIC_DETECTOR-main\MICROPLASTIC_DETECTOR-main\dataset\train\pellet\pellet_0258.png
pellet_0259.png,pellet,4,train,C:\Users\hs085\Downloads\MICROPLASTIC_DETECTOR-main\MICROPLASTIC_DETECTOR-main\dataset\train\pellet\pellet_0259.png
pellet_0260.png,pellet,4,train,C:\Users\hs085\Downloads\MICROPLASTIC_DETECTOR-main\MICROPLASTIC_DETECTOR-main\dataset\train\pellet\pellet_0260.png
pellet_0261.png,pellet,4,train,C:\Users\hs085\Downloads\MICROPLASTIC_DETECTOR-main\MICROPLASTIC_DETECTOR-main\dataset\train\pellet\pellet_0261.png
pellet_0262.png,pellet,4,train,C:\Users\hs085\Downloads\MICROPLASTIC_DETECTOR-main\MICROPLASTIC_DETECTOR-main\dataset\train\pellet\pellet_0262.png
pellet_0263.png,pellet,4,train,C:\Users\hs085\Downloads\MICROPLASTIC_DETECTOR-main\MICROPLASTIC_DETECTOR-main\dataset\train\pellet\pellet_0263.png
pellet_0264.png,pellet,4,train,C:\Users\hs085\Downloads\MICROPLASTIC_DETECTOR-main\MICROPLASTIC_DETECTOR-main\dataset\train\pellet\pellet_0264.png
pellet_0265.png,pellet,4,train,C:\Users\hs085\Downloads\MICROPLASTIC_DETECTOR-main\MICROPLASTIC_DETECTOR-main\dataset\train\pellet\pellet_0265.png
pellet_0266.png,pellet,4,train,C:\Users\hs085\Downloads\MICROPLASTIC_DETECTOR-main\MICROPLASTIC_DETECTOR-main\dataset\train\pellet\pellet_0266.png
pellet_0267.png,pellet,4,train,C:\Users\hs085\Downloads\MICROPLASTIC_DETECTOR-main\MICROPLASTIC_DETECTOR-main\dataset\train\pellet\pellet_0267.png
pellet_0268.png,pellet,4,train,C:\Users\hs085\Downloads\MICROPLASTIC_DETECTOR-main\MICROPLASTIC_DETECTOR-main\dataset\train\pellet\pellet_0268.png
pellet_0269.png,pellet,4,train,C:\Users\hs085\Downloads\MICROPLASTIC_DETECTOR-main\MICROPLASTIC_DETECTOR-main\dataset\train\pellet\pellet_0269.png
pellet_0270.png,pellet,4,train,C:\Users\hs085\Downloads\MICROPLASTIC_DETECTOR-main\MICROPLASTIC_DETECTOR-main\dataset\train\pellet\pellet_0270.png
pellet_0271.png,pellet,4,train,C:\Users\hs085\Downloads\MICROPLASTIC_DETECTOR-main\MICROPLASTIC_DETECTOR-main\dataset\train\pellet\pellet_0271.png
pellet_0272.png,pellet,4,train,C:\Users\hs085\Downloads\MICROPLASTIC_DETECTOR-main\MICROPLASTIC_DETECTOR-main\dataset\train\pellet\pellet_0272.png
pellet_0273.png,pellet,4,train,C:\Users\hs085\Downloads\MICROPLASTIC_DETECTOR-main\MICROPLASTIC_DETECTOR-main\dataset\train\pellet\pellet_0273.png
pellet_0274.png,pellet,4,train,C:\Users\hs085\Downloads\MICROPLASTIC_DETECTOR-main\MICROPLASTIC_DETECTOR-main\dataset\train\pellet\pellet_0274.png
pellet_0275.png,pellet,4,train,C:\Users\hs085\Downloads\MICROPLASTIC_DETECTOR-main\MICROPLASTIC_DETECTOR-main\dataset\train\pellet\pellet_0275.png
pellet_0276.png,pellet,4,train,C:\Users\hs085\Downloads\MICROPLASTIC_DETECTOR-main\MICROPLASTIC_DETECTOR-main\dataset\train\pellet\pellet_0276.png
pellet_0277.png,pellet,4,train,C:\Users\hs085\Downloads\MICROPLASTIC_DETECTOR-main\MICROPLASTIC_DETECTOR-main\dataset\train\pellet\pellet_0277.png
pellet_0278.png,pellet,4,train,C:\Users\hs085\Downloads\MICROPLASTIC_DETECTOR-main\MICROPLASTIC_DETECTOR-main\dataset\train\pellet\pellet_0278.png
pellet_0279.png,pellet,4,train,C:\Users\hs085\Downloads\MICROPLASTIC_DETECTOR-main\MICROPLASTIC_DETECTOR-main\dataset\train\pellet\pellet_0279.png
pellet_0280.png,pellet,4,train,C:\Users\hs085\Downloads\MICROPLASTIC_DETECTOR-main\MICROPLASTIC_DETECTOR-main\dataset\train\pellet\pellet_0280.png
pellet_0281.png,pellet,4,train,C:\Users\hs085\Downloads\MICROPLASTIC_DETECTOR-main\MICROPLASTIC_DETECTOR-main\dataset\train\pellet\pellet_0281.png
pellet_0282.png,pellet,4,train,C:\Users\hs085\Downloads\MICROPLASTIC_DETECTOR-main\MICROPLASTIC_DETECTOR-main\dataset\train\pellet\pellet_0282.png
pellet_0283.png,pellet,4,train,C:\Users\hs085\Downloads\MICROPLASTIC_DETECTOR-main\MICROPLASTIC_DETECTOR-main\dataset\train\pellet\pellet_0283.png
pellet_0284.png,pellet,4,train,C:\Users\hs085\Downloads\MICROPLASTIC_DETECTOR-main\MICROPLASTIC_DETECTOR-main\dataset\train\pellet\pellet_0284.png
pellet_0285.png,pellet,4,train,C:\Users\hs085\Downloads\MICROPLASTIC_DETECTOR-main\MICROPLASTIC_DETECTOR-main\dataset\train\pellet\pellet_0285.png
pellet_0286.png,pellet,4,train,C:\Users\hs085\Downloads\MICROPLASTIC_DETECTOR-main\MICROPLASTIC_DETECTOR-main\dataset\train\pellet\pellet_0286.png
pellet_0287.png,pellet,4,train,C:\Users\hs085\Downloads\MICROPLASTIC_DETECTOR-main\MICROPLASTIC_DETECTOR-main\dataset\train\pellet\pellet_0287.png
pellet_0288.png,pellet,4,train,C:\Users\hs085\Downloads\MICROPLASTIC_DETECTOR-main\MICROPLASTIC_DETECTOR-main\dataset\train\pellet\pellet_0288.png
pellet_0289.png,pellet,4,train,C:\Users\hs085\Downloads\MICROPLASTIC_DETECTOR-main\MICROPLASTIC_DETECTOR-main\dataset\train\pellet\pellet_0289.png
pellet_0290.png,pellet,4,train,C:\Users\hs085\Downloads\MICROPLASTIC_DETECTOR-main\MICROPLASTIC_DETECTOR-main\dataset\train\pellet\pellet_0290.png
pellet_0291.png,pellet,4,train,C:\Users\hs085\Downloads\MICROPLASTIC_DETECTOR-main\MICROPLASTIC_DETECTOR-main\dataset\train\pellet\pellet_0291.png
pellet_0292.png,pellet,4,train,C:\Users\hs085\Downloads\MICROPLASTIC_DETECTOR-main\MICROPLASTIC_DETECTOR-main\dataset\train\pellet\pellet_0292.png
pellet_0293.png,pellet,4,train,C:\Users\hs085\Downloads\MICROPLASTIC_DETECTOR-main\MICROPLASTIC_DETECTOR-main\dataset\train\pellet\pellet_0293.png
pellet_0294.png,pellet,4,train,C:\Users\hs085\Downloads\MICROPLASTIC_DETECTOR-main\MICROPLASTIC_DETECTOR-main\dataset\train\pellet\pellet_0294.png
pellet_0295.png,pellet,4,train,C:\Users\hs085\Downloads\MICROPLASTIC_DETECTOR-main\MICROPLASTIC_DETECTOR-main\dataset\train\pellet\pellet_0295.png
pellet_0296.png,pellet,4,train,C:\Users\hs085\Downloads\MICROPLASTIC_DETECTOR-main\MICROPLASTIC_DETECTOR-main\dataset\train\pellet\pellet_0296.png
pellet_0297.png,pellet,4,train,C:\Users\hs085\Downloads\MICROPLASTIC_DETECTOR-main\MICROPLASTIC_DETECTOR-main\dataset\train\pellet\pellet_0297.png
pellet_0298.png,pellet,4,train,C:\Users\hs085\Downloads\MICROPLASTIC_DETECTOR-main\MICROPLASTIC_DETECTOR-main\dataset\train\pellet\pellet_0298.png
pellet_0299.png,pellet,4,train,C:\Users\hs085\Downloads\MICROPLASTIC_DETECTOR-main\MICROPLASTIC_DETECTOR-main\dataset\train\pellet\pellet_0299.png
pellet_0300.png,pellet,4,train,C:\Users\hs085\Downloads\MICROPLASTIC_DETECTOR-main\MICROPLASTIC_DETECTOR-main\dataset\train\pellet\pellet_0300.png
pellet_0301.png,pellet,4,train,C:\Users\hs085\Downloads\MICROPLASTIC_DETECTOR-main\MICROPLASTIC_DETECTOR-main\dataset\train\pellet\pellet_0301.png
pellet_0302.png,pellet,4,train,C:\Users\hs085\Downloads\MICROPLASTIC_DETECTOR-main\MICROPLASTIC_DETECTOR-main\dataset\train\pellet\pellet_0302.png
pellet_0303.png,pellet,4,train,C:\Users\hs085\Downloads\MICROPLASTIC_DETECTOR-main\MICROPLASTIC_DETECTOR-main\dataset\train\pellet\pellet_0303.png
pellet_0304.png,pellet,4,train,C:\Users\hs085\Downloads\MICROPLASTIC_DETECTOR-main\MICROPLASTIC_DETECTOR-main\dataset\train\pellet\pellet_0304.png
pellet_0305.png,pellet,4,train,C:\Users\hs085\Downloads\MICROPLASTIC_DETECTOR-main\MICROPLASTIC_DETECTOR-main\dataset\train\pellet\pellet_0305.png
pellet_0306.png,pellet,4,train,C:\Users\hs085\Downloads\MICROPLASTIC_DETECTOR-main\MICROPLASTIC_DETECTOR-main\dataset\train\pellet\pellet_0306.png
pellet_0307.png,pellet,4,train,C:\Users\hs085\Downloads\MICROPLASTIC_DETECTOR-main\MICROPLASTIC_DETECTOR-main\dataset\train\pellet\pellet_0307.png
pellet_0308.png,pellet,4,train,C:\Users\hs085\Downloads\MICROPLASTIC_DETECTOR-main\MICROPLASTIC_DETECTOR-main\dataset\train\pellet\pellet_0308.png
pellet_0309.png,pellet,4,train,C:\Users\hs085\Downloads\MICROPLASTIC_DETECTOR-main\MICROPLASTIC_DETECTOR-main\dataset\train\pellet\pellet_0309.png
pellet_0310.png,pellet,4,train,C:\Users\hs085\Downloads\MICROPLASTIC_DETECTOR-main\MICROPLASTIC_DETECTOR-main\dataset\train\pellet\pellet_0310.png
pellet_0311.png,pellet,4,train,C:\Users\hs085\Downloads\MICROPLASTIC_DETECTOR-main\MICROPLASTIC_DETECTOR-main\dataset\train\pellet\pellet_0311.png
pellet_0312.png,pellet,4,train,C:\Users\hs085\Downloads\MICROPLASTIC_DETECTOR-main\MICROPLASTIC_DETECTOR-main\dataset\train\pellet\pellet_0312.png
pellet_0313.png,pellet,4,train,C:\Users\hs085\Downloads\MICROPLASTIC_DETECTOR-main\MICROPLASTIC_DETECTOR-main\dataset\train\pellet\pellet_0313.png
pellet_0314.png,pellet,4,train,C:\Users\hs085\Downloads\MICROPLASTIC_DETECTOR-main\MICROPLASTIC_DETECTOR-main\dataset\train\pellet\pellet_0314.png
pellet_0315.png,pellet,4,train,C:\Users\hs085\Downloads\MICROPLASTIC_DETECTOR-main\MICROPLASTIC_DETECTOR-main\dataset\train\pellet\pellet_0315.png
pellet_0316.png,pellet,4,train,C:\Users\hs085\Downloads\MICROPLASTIC_DETECTOR-main\MICROPLASTIC_DETECTOR-main\dataset\train\pellet\pellet_0316.png
pellet_0317.png,pellet,4,train,C:\Users\hs085\Downloads\MICROPLASTIC_DETECTOR-main\MICROPLASTIC_DETECTOR-main\dataset\train\pellet\pellet_0317.png
pellet_0318.png,pellet,4,train,C:\Users\hs085\Downloads\MICROPLASTIC_DETECTOR-main\MICROPLASTIC_DETECTOR-main\dataset\train\pellet\pellet_0318.png
pellet_0319.png,pellet,4,train,C:\Users\hs085\Downloads\MICROPLASTIC_DETECTOR-main\MICROPLASTIC_DETECTOR-main\dataset\train\pellet\pellet_0319.png
pellet_0320.png,pellet,4,train,C:\Users\hs085\Downloads\MICROPLASTIC_DETECTOR-main\MICROPLASTIC_DETECTOR-main\dataset\train\pellet\pellet_0320.png
pellet_0321.png,pellet,4,train,C:\Users\hs085\Downloads\MICROPLASTIC_DETECTOR-main\MICROPLASTIC_DETECTOR-main\dataset\train\pellet\pellet_0321.png
pellet_0322.png,pellet,4,train,C:\Users\hs085\Downloads\MICROPLASTIC_DETECTOR-main\MICROPLASTIC_DETECTOR-main\dataset\train\pellet\pellet_0322.png
pellet_0323.png,pellet,4,train,C:\Users\hs085\Downloads\MICROPLASTIC_DETECTOR-main\MICROPLASTIC_DETECTOR-main\dataset\train\pellet\pellet_0323.png
pellet_0324.png,pellet,4,train,C:\Users\hs085\Downloads\MICROPLASTIC_DETECTOR-main\MICROPLASTIC_DETECTOR-main\dataset\train\pellet\pellet_0324.png
pellet_0325.png,pellet,4,train,C:\Users\hs085\Downloads\MICROPLASTIC_DETECTOR-main\MICROPLASTIC_DETECTOR-main\dataset\train\pellet\pellet_0325.png
pellet_0326.png,pellet,4,train,C:\Users\hs085\Downloads\MICROPLASTIC_DETECTOR-main\MICROPLASTIC_DETECTOR-main\dataset\train\pellet\pellet_0326.png
pellet_0327.png,pellet,4,train,C:\Users\hs085\Downloads\MICROPLASTIC_DETECTOR-main\MICROPLASTIC_DETECTOR-main\dataset\train\pellet\pellet_0327.png
pellet_0328.png,pellet,4,train,C:\Users\hs085\Downloads\MICROPLASTIC_DETECTOR-main\MICROPLASTIC_DETECTOR-main\dataset\train\pellet\pellet_0328.png
pellet_0329.png,pellet,4,train,C:\Users\hs085\Downloads\MICROPLASTIC_DETECTOR-main\MICROPLASTIC_DETECTOR-main\dataset\train\pellet\pellet_0329.png
pellet_0330.png,pellet,4,train,C:\Users\hs085\Downloads\MICROPLASTIC_DETECTOR-main\MICROPLASTIC_DETECTOR-main\dataset\train\pellet\pellet_0330.png
pellet_0331.png,pellet,4,train,C:\Users\hs085\Downloads\MICROPLASTIC_DETECTOR-main\MICROPLASTIC_DETECTOR-main\dataset\train\pellet\pellet_0331.png
pellet_0332.png,pellet,4,train,C:\Users\hs085\Downloads\MICROPLASTIC_DETECTOR-main\MICROPLASTIC_DETECTOR-main\dataset\train\pellet\pellet_0332.png
pellet_0333.png,pellet,4,train,C:\Users\hs085\Downloads\MICROPLASTIC_DETECTOR-main\MICROPLASTIC_DETECTOR-main\dataset\train\pellet\pellet_0333.png
pellet_0334.png,pellet,4,train,C:\Users\hs085\Downloads\MICROPLASTIC_DETECTOR-main\MICROPLASTIC_DETECTOR-main\dataset\train\pellet\pellet_0334.png
pellet_0335.png,pellet,4,train,C:\Users\hs085\Downloads\MICROPLASTIC_DETECTOR-main\MICROPLASTIC_DETECTOR-main\dataset\train\pellet\pellet_0335.png
pellet_0336.png,pellet,4,train,C:\Users\hs085\Downloads\MICROPLASTIC_DETECTOR-main\MICROPLASTIC_DETECTOR-main\dataset\train\pellet\pellet_0336.png
pellet_0337.png,pellet,4,train,C:\Users\hs085\Downloads\MICROPLASTIC_DETECTOR-main\MICROPLASTIC_DETECTOR-main\dataset\train\pellet\pellet_0337.png
pellet_0338.png,pellet,4,train,C:\Users\hs085\Downloads\MICROPLASTIC_DETECTOR-main\MICROPLASTIC_DETECTOR-main\dataset\train\pellet\pellet_0338.png
pellet_0339.png,pellet,4,train,C:\Users\hs085\Downloads\MICROPLASTIC_DETECTOR-main\MICROPLASTIC_DETECTOR-main\dataset\train\pellet\pellet_0339.png
pellet_0340.png,pellet,4,train,C:\Users\hs085\Downloads\MICROPLASTIC_DETECTOR-main\MICROPLASTIC_DETECTOR-main\dataset\train\pellet\pellet_0340.png
pellet_0341.png,pellet,4,train,C:\Users\hs085\Downloads\MICROPLASTIC_DETECTOR-main\MICROPLASTIC_DETECTOR-main\dataset\train\pellet\pellet_0341.png
pellet_0342.png,pellet,4,train,C:\Users\hs085\Downloads\MICROPLASTIC_DETECTOR-main\MICROPLASTIC_DETECTOR-main\dataset\train\pellet\pellet_0342.png
pellet_0343.png,pellet,4,train,C:\Users\hs085\Downloads\MICROPLASTIC_DETECTOR-main\MICROPLASTIC_DETECTOR-main\dataset\train\pellet\pellet_0343.png
pellet_0344.png,pellet,4,train,C:\Users\hs085\Downloads\MICROPLASTIC_DETECTOR-main\MICROPLASTIC_DETECTOR-main\dataset\train\pellet\pellet_0344.png
pellet_0345.png,pellet,4,train,C:\Users\hs085\Downloads\MICROPLASTIC_DETECTOR-main\MICROPLASTIC_DETECTOR-main\dataset\train\pellet\pellet_0345.png
pellet_0346.png,pellet,4,train,C:\Users\hs085\Downloads\MICROPLASTIC_DETECTOR-main\MICROPLASTIC_DETECTOR-main\dataset\train\pellet\pellet_0346.png
pellet_0347.png,pellet,4,train,C:\Users\hs085\Downloads\MICROPLASTIC_DETECTOR-main\MICROPLASTIC_DETECTOR-main\dataset\train\pellet\pellet_0347.png
pellet_0348.png,pellet,4,train,C:\Users\hs085\Downloads\MICROPLASTIC_DETECTOR-main\MICROPLASTIC_DETECTOR-main\dataset\train\pellet\pellet_0348.png
pellet_0349.png,pellet,4,train,C:\Users\hs085\Downloads\MICROPLASTIC_DETECTOR-main\MICROPLASTIC_DETECTOR-main\dataset\train\pellet\pellet_0349.png
pellet_0350.png,pellet,4,train,C:\Users\hs085\Downloads\MICROPLASTIC_DETECTOR-main\MICROPLASTIC_DETECTOR-main\dataset\train\pellet\pellet_0350.png
pellet_0351.png,pellet,4,train,C:\Users\hs085\Downloads\MICROPLASTIC_DETECTOR-main\MICROPLASTIC_DETECTOR-main\dataset\train\pellet\pellet_0351.png
pellet_0352.png,pellet,4,train,C:\Users\hs085\Downloads\MICROPLASTIC_DETECTOR-main\MICROPLASTIC_DETECTOR-main\dataset\train\pellet\pellet_0352.png
pellet_0353.png,pellet,4,train,C:\Users\hs085\Downloads\MICROPLASTIC_DETECTOR-main\MICROPLASTIC_DETECTOR-main\dataset\train\pellet\pellet_0353.png
pellet_0354.png,pellet,4,train,C:\Users\hs085\Downloads\MICROPLASTIC_DETECTOR-main\MICROPLASTIC_DETECTOR-main\dataset\train\pellet\pellet_0354.png
pellet_0355.png,pellet,4,train,C:\Users\hs085\Downloads\MICROPLASTIC_DETECTOR-main\MICROPLASTIC_DETECTOR-main\dataset\train\pellet\pellet_0355.png
pellet_0356.png,pellet,4,train,C:\Users\hs085\Downloads\MICROPLASTIC_DETECTOR-main\MICROPLASTIC_DETECTOR-main\dataset\train\pellet\pellet_0356.png
pellet_0357.png,pellet,4,train,C:\Users\hs085\Downloads\MICROPLASTIC_DETECTOR-main\MICROPLASTIC_DETECTOR-main\dataset\train\pellet\pellet_0357.png
pellet_0358.png,pellet,4,train,C:\Users\hs085\Downloads\MICROPLASTIC_DETECTOR-main\MICROPLASTIC_DETECTOR-main\dataset\train\pellet\pellet_0358.png
pellet_0359.png,pellet,4,train,C:\Users\hs085\Downloads\MICROPLASTIC_DETECTOR-main\MICROPLASTIC_DETECTOR-main\dataset\train\pellet\pellet_0359.png
pellet_0360.png,pellet,4,train,C:\Users\hs085\Downloads\MICROPLASTIC_DETECTOR-main\MICROPLASTIC_DETECTOR-main\dataset\train\pellet\pellet_0360.png
pellet_0361.png,pellet,4,train,C:\Users\hs085\Downloads\MICROPLASTIC_DETECTOR-main\MICROPLASTIC_DETECTOR-main\dataset\train\pellet\pellet_0361.png
pellet_0362.png,pellet,4,train,C:\Users\hs085\Downloads\MICROPLASTIC_DETECTOR-main\MICROPLASTIC_DETECTOR-main\dataset\train\pellet\pellet_0362.png
pellet_0363.png,pellet,4,train,C:\Users\hs085\Downloads\MICROPLASTIC_DETECTOR-main\MICROPLASTIC_DETECTOR-main\dataset\train\pellet\pellet_0363.png
pellet_0364.png,pellet,4,train,C:\Users\hs085\Downloads\MICROPLASTIC_DETECTOR-main\MICROPLASTIC_DETECTOR-main\dataset\train\pellet\pellet_0364.png
pellet_0365.png,pellet,4,train,C:\Users\hs085\Downloads\MICROPLASTIC_DETECTOR-main\MICROPLASTIC_DETECTOR-main\dataset\train\pellet\pellet_0365.png
pellet_0366.png,pellet,4,train,C:\Users\hs085\Downloads\MICROPLASTIC_DETECTOR-main\MICROPLASTIC_DETECTOR-main\dataset\train\pellet\pellet_0366.png
pellet_0367.png,pellet,4,train,C:\Users\hs085\Downloads\MICROPLASTIC_DETECTOR-main\MICROPLASTIC_DETECTOR-main\dataset\train\pellet\pellet_0367.png
pellet_0368.png,pellet,4,train,C:\Users\hs085\Downloads\MICROPLASTIC_DETECTOR-main\MICROPLASTIC_DETECTOR-main\dataset\train\pellet\pellet_0368.png
pellet_0369.png,pellet,4,train,C:\Users\hs085\Downloads\MICROPLASTIC_DETECTOR-main\MICROPLASTIC_DETECTOR-main\dataset\train\pellet\pellet_0369.png
pellet_0370.png,pellet,4,train,C:\Users\hs085\Downloads\MICROPLASTIC_DETECTOR-main\MICROPLASTIC_DETECTOR-main\dataset\train\pellet\pellet_0370.png
pellet_0371.png,pellet,4,train,C:\Users\hs085\Downloads\MICROPLASTIC_DETECTOR-main\MICROPLASTIC_DETECTOR-main\dataset\train\pellet\pellet_0371.png
pellet_0372.png,pellet,4,train,C:\Users\hs085\Downloads\MICROPLASTIC_DETECTOR-main\MICROPLASTIC_DETECTOR-main\dataset\train\pellet\pellet_0372.png
pellet_0373.png,pellet,4,train,C:\Users\hs085\Downloads\MICROPLASTIC_DETECTOR-main\MICROPLASTIC_DETECTOR-main\dataset\train\pellet\pellet_0373.png
pellet_0374.png,pellet,4,train,C:\Users\hs085\Downloads\MICROPLASTIC_DETECTOR-main\MICROPLASTIC_DETECTOR-main\dataset\train\pellet\pellet_0374.png
pellet_0375.png,pellet,4,train,C:\Users\hs085\Downloads\MICROPLASTIC_DETECTOR-main\MICROPLASTIC_DETECTOR-main\dataset\train\pellet\pellet_0375.png
pellet_0376.png,pellet,4,train,C:\Users\hs085\Downloads\MICROPLASTIC_DETECTOR-main\MICROPLASTIC_DETECTOR-main\dataset\train\pellet\pellet_0376.png
pellet_0377.png,pellet,4,train,C:\Users\hs085\Downloads\MICROPLASTIC_DETECTOR-main\MICROPLASTIC_DETECTOR-main\dataset\train\pellet\pellet_0377.png
pellet_0378.png,pellet,4,train,C:\Users\hs085\Downloads\MICROPLASTIC_DETECTOR-main\MICROPLASTIC_DETECTOR-main\dataset\train\pellet\pellet_0378.png
pellet_0379.png,pellet,4,train,C:\Users\hs085\Downloads\MICROPLASTIC_DETECTOR-main\MICROPLASTIC_DETECTOR-main\dataset\train\pellet\pellet_0379.png
pellet_0380.png,pellet,4,train,C:\Users\hs085\Downloads\MICROPLASTIC_DETECTOR-main\MICROPLASTIC_DETECTOR-main\dataset\train\pellet\pellet_0380.png
pellet_0381.png,pellet,4,train,C:\Users\hs085\Downloads\MICROPLASTIC_DETECTOR-main\MICROPLASTIC_DETECTOR-main\dataset\train\pellet\pellet_0381.png
pellet_0382.png,pellet,4,train,C:\Users\hs085\Downloads\MICROPLASTIC_DETECTOR-main\MICROPLASTIC_DETECTOR-main\dataset\train\pellet\pellet_0382.png
pellet_0383.png,pellet,4,train,C:\Users\hs085\Downloads\MICROPLASTIC_DETECTOR-main\MICROPLASTIC_DETECTOR-main\dataset\train\pellet\pellet_0383.png
pellet_0384.png,pellet,4,train,C:\Users\hs085\Downloads\MICROPLASTIC_DETECTOR-main\MICROPLASTIC_DETECTOR-main\dataset\train\pellet\pellet_0384.png
pellet_0385.png,pellet,4,train,C:\Users\hs085\Downloads\MICROPLASTIC_DETECTOR-main\MICROPLASTIC_DETECTOR-main\dataset\train\pellet\pellet_0385.png
pellet_0386.png,pellet,4,train,C:\Users\hs085\Downloads\MICROPLASTIC_DETECTOR-main\MICROPLASTIC_DETECTOR-main\dataset\train\pellet\pellet_0386.png
pellet_0387.png,pellet,4,train,C:\Users\hs085\Downloads\MICROPLASTIC_DETECTOR-main\MICROPLASTIC_DETECTOR-main\dataset\train\pellet\pellet_0387.png
pellet_0388.png,pellet,4,train,C:\Users\hs085\Downloads\MICROPLASTIC_DETECTOR-main\MICROPLASTIC_DETECTOR-main\dataset\train\pellet\pellet_0388.png
pellet_0389.png,pellet,4,train,C:\Users\hs085\Downloads\MICROPLASTIC_DETECTOR-main\MICROPLASTIC_DETECTOR-main\dataset\train\pellet\pellet_0389.png
pellet_0390.png,pellet,4,train,C:\Users\hs085\Downloads\MICROPLASTIC_DETECTOR-main\MICROPLASTIC_DETECTOR-main\dataset\train\pellet\pellet_0390.png
pellet_0391.png,pellet,4,train,C:\Users\hs085\Downloads\MICROPLASTIC_DETECTOR-main\MICROPLASTIC_DETECTOR-main\dataset\train\pellet\pellet_0391.png
pellet_0392.png,pellet,4,train,C:\Users\hs085\Downloads\MICROPLASTIC_DETECTOR-main\MICROPLASTIC_DETECTOR-main\dataset\train\pellet\pellet_0392.png
pellet_0393.png,pellet,4,train,C:\Users\hs085\Downloads\MICROPLASTIC_DETECTOR-main\MICROPLASTIC_DETECTOR-main\dataset\train\pellet\pellet_0393.png
pellet_0394.png,pellet,4,train,C:\Users\hs085\Downloads\MICROPLASTIC_DETECTOR-main\MICROPLASTIC_DETECTOR-main\dataset\train\pellet\pellet_0394.png
pellet_0395.png,pellet,4,train,C:\Users\hs085\Downloads\MICROPLASTIC_DETECTOR-main\MICROPLASTIC_DETECTOR-main\dataset\train\pellet\pellet_0395.png
pellet_0396.png,pellet,4,train,C:\Users\hs085\Downloads\MICROPLASTIC_DETECTOR-main\MICROPLASTIC_DETECTOR-main\dataset\train\pellet\pellet_0396.png
pellet_0397.png,pellet,4,train,C:\Users\hs085\Downloads\MICROPLASTIC_DETECTOR-main\MICROPLASTIC_DETECTOR-main\dataset\train\pellet\pellet_0397.png
pellet_0398.png,pellet,4,train,C:\Users\hs085\Downloads\MICROPLASTIC_DETECTOR-main\MICROPLASTIC_DETECTOR-main\dataset\train\pellet\pellet_0398.png
pellet_0399.png,pellet,4,train,C:\Users\hs085\Downloads\MICROPLASTIC_DETECTOR-main\MICROPLASTIC_DETECTOR-main\dataset\train\pellet\pellet_0399.png
pellet_0400.png,pellet,4,train,C:\Users\hs085\Downloads\MICROPLASTIC_DETECTOR-main\MICROPLASTIC_DETECTOR-main\dataset\train\pellet\pellet_0400.png
pellet_0401.png,pellet,4,train,C:\Users\hs085\Downloads\MICROPLASTIC_DETECTOR-main\MICROPLASTIC_DETECTOR-main\dataset\train\pellet\pellet_0401.png
pellet_0402.png,pellet,4,train,C:\Users\hs085\Downloads\MICROPLASTIC_DETECTOR-main\MICROPLASTIC_DETECTOR-main\dataset\train\pellet\pellet_0402.png
pellet_0403.png,pellet,4,train,C:\Users\hs085\Downloads\MICROPLASTIC_DETECTOR-main\MICROPLASTIC_DETECTOR-main\dataset\train\pellet\pellet_0403.png
pellet_0404.png,pellet,4,train,C:\Users\hs085\Downloads\MICROPLASTIC_DETECTOR-main\MICROPLASTIC_DETECTOR-main\dataset\train\pellet\pellet_0404.png
pellet_0405.png,pellet,4,train,C:\Users\hs085\Downloads\MICROPLASTIC_DETECTOR-main\MICROPLASTIC_DETECTOR-main\dataset\train\pellet\pellet_0405.png
pellet_0406.png,pellet,4,train,C:\Users\hs085\Downloads\MICROPLASTIC_DETECTOR-main\MICROPLASTIC_DETECTOR-main\dataset\train\pellet\pellet_0406.png
pellet_0407.png,pellet,4,train,C:\Users\hs085\Downloads\MICROPLASTIC_DETECTOR-main\MICROPLASTIC_DETECTOR-main\dataset\train\pellet\pellet_0407.png
pellet_0408.png,pellet,4,train,C:\Users\hs085\Downloads\MICROPLASTIC_DETECTOR-main\MICROPLASTIC_DETECTOR-main\dataset\train\pellet\pellet_0408.png
pellet_0409.png,pellet,4,train,C:\Users\hs085\Downloads\MICROPLASTIC_DETECTOR-main\MICROPLASTIC_DETECTOR-main\dataset\train\pellet\pellet_0409.png
pellet_0410.png,pellet,4,train,C:\Users\hs085\Downloads\MICROPLASTIC_DETECTOR-main\MICROPLASTIC_DETECTOR-main\dataset\train\pellet\pellet_0410.png
pellet_0411.png,pellet,4,train,C:\Users\hs085\Downloads\MICROPLASTIC_DETECTOR-main\MICROPLASTIC_DETECTOR-main\dataset\train\pellet\pellet_0411.png
pellet_0412.png,pellet,4,train,C:\Users\hs085\Downloads\MICROPLASTIC_DETECTOR-main\MICROPLASTIC_DETECTOR-main\dataset\train\pellet\pellet_0412.png
pellet_0413.png,pellet,4,train,C:\Users\hs085\Downloads\MICROPLASTIC_DETECTOR-main\MICROPLASTIC_DETECTOR-main\dataset\train\pellet\pellet_0413.png
pellet_0414.png,pellet,4,train,C:\Users\hs085\Downloads\MICROPLASTIC_DETECTOR-main\MICROPLASTIC_DETECTOR-main\dataset\train\pellet\pellet_0414.png
pellet_0415.png,pellet,4,train,C:\Users\hs085\Downloads\MICROPLASTIC_DETECTOR-main\MICROPLASTIC_DETECTOR-main\dataset\train\pellet\pellet_0415.png
pellet_0416.png,pellet,4,train,C:\Users\hs085\Downloads\MICROPLASTIC_DETECTOR-main\MICROPLASTIC_DETECTOR-main\dataset\train\pellet\pellet_0416.png
pellet_0417.png,pellet,4,train,C:\Users\hs085\Downloads\MICROPLASTIC_DETECTOR-main\MICROPLASTIC_DETECTOR-main\dataset\train\pellet\pellet_0417.png
pellet_0418.png,pellet,4,train,C:\Users\hs085\Downloads\MICROPLASTIC_DETECTOR-main\MICROPLASTIC_DETECTOR-main\dataset\train\pellet\pellet_0418.png
pellet_0419.png,pellet,4,train,C:\Users\hs085\Downloads\MICROPLASTIC_DETECTOR-main\MICROPLASTIC_DETECTOR-main\dataset\train\pellet\pellet_0419.png
pellet_0420.png,pellet,4,train,C:\Users\hs085\Downloads\MICROPLASTIC_DETECTOR-main\MICROPLASTIC_DETECTOR-main\dataset\train\pellet\pellet_0420.png
pellet_0421.png,pellet,4,train,C:\Users\hs085\Downloads\MICROPLASTIC_DETECTOR-main\MICROPLASTIC_DETECTOR-main\dataset\train\pellet\pellet_0421.png
pellet_0422.png,pellet,4,train,C:\Users\hs085\Downloads\MICROPLASTIC_DETECTOR-main\MICROPLASTIC_DETECTOR-main\dataset\train\pellet\pellet_0422.png
pellet_0423.png,pellet,4,train,C:\Users\hs085\Downloads\MICROPLASTIC_DETECTOR-main\MICROPLASTIC_DETECTOR-main\dataset\train\pellet\pellet_0423.png
pellet_0424.png,pellet,4,train,C:\Users\hs085\Downloads\MICROPLASTIC_DETECTOR-main\MICROPLASTIC_DETECTOR-main\dataset\train\pellet\pellet_0424.png
pellet_0425.png,pellet,4,train,C:\Users\hs085\Downloads\MICROPLASTIC_DETECTOR-main\MICROPLASTIC_DETECTOR-main\dataset\train\pellet\pellet_0425.png
pellet_0426.png,pellet,4,train,C:\Users\hs085\Downloads\MICROPLASTIC_DETECTOR-main\MICROPLASTIC_DETECTOR-main\dataset\train\pellet\pellet_0426.png
pellet_0427.png,pellet,4,train,C:\Users\hs085\Downloads\MICROPLASTIC_DETECTOR-main\MICROPLASTIC_DETECTOR-main\dataset\train\pellet\pellet_0427.png
pellet_0428.png,pellet,4,train,C:\Users\hs085\Downloads\MICROPLASTIC_DETECTOR-main\MICROPLASTIC_DETECTOR-main\dataset\train\pellet\pellet_0428.png
pellet_0429.png,pellet,4,train,C:\Users\hs085\Downloads\MICROPLASTIC_DETECTOR-main\MICROPLASTIC_DETECTOR-main\dataset\train\pellet\pellet_0429.png
pellet_0430.png,pellet,4,train,C:\Users\hs085\Downloads\MICROPLASTIC_DETECTOR-main\MICROPLASTIC_DETECTOR-main\dataset\train\pellet\pellet_0430.png
pellet_0431.png,pellet,4,train,C:\Users\hs085\Downloads\MICROPLASTIC_DETECTOR-main\MICROPLASTIC_DETECTOR-main\dataset\train\pellet\pellet_0431.png
pellet_0432.png,pellet,4,train,C:\Users\hs085\Downloads\MICROPLASTIC_DETECTOR-main\MICROPLASTIC_DETECTOR-main\dataset\train\pellet\pellet_0432.png
pellet_0433.png,pellet,4,train,C:\Users\hs085\Downloads\MICROPLASTIC_DETECTOR-main\MICROPLASTIC_DETECTOR-main\dataset\train\pellet\pellet_0433.png
pellet_0434.png,pellet,4,train,C:\Users\hs085\Downloads\MICROPLASTIC_DETECTOR-main\MICROPLASTIC_DETECTOR-main\dataset\train\pellet\pellet_0434.png
pellet_0435.png,pellet,4,train,C:\Users\hs085\Downloads\MICROPLASTIC_DETECTOR-main\MICROPLASTIC_DETECTOR-main\dataset\train\pellet\pellet_0435.png
pellet_0436.png,pellet,4,train,C:\Users\hs085\Downloads\MICROPLASTIC_DETECTOR-main\MICROPLASTIC_DETECTOR-main\dataset\train\pellet\pellet_0436.png
pellet_0437.png,pellet,4,train,C:\Users\hs085\Downloads\MICROPLASTIC_DETECTOR-main\MICROPLASTIC_DETECTOR-main\dataset\train\pellet\pellet_0437.png
pellet_0438.png,pellet,4,train,C:\Users\hs085\Downloads\MICROPLASTIC_DETECTOR-main\MICROPLASTIC_DETECTOR-main\dataset\train\pellet\pellet_0438.png
pellet_0439.png,pellet,4,train,C:\Users\hs085\Downloads\MICROPLASTIC_DETECTOR-main\MICROPLASTIC_DETECTOR-main\dataset\train\pellet\pellet_0439.png
pellet_0440.png,pellet,4,train,C:\Users\hs085\Downloads\MICROPLASTIC_DETECTOR-main\MICROPLASTIC_DETECTOR-main\dataset\train\pellet\pellet_0440.png
pellet_0441.png,pellet,4,train,C:\Users\hs085\Downloads\MICROPLASTIC_DETECTOR-main\MICROPLASTIC_DETECTOR-main\dataset\train\pellet\pellet_0441.png
pellet_0442.png,pellet,4,train,C:\Users\hs085\Downloads\MICROPLASTIC_DETECTOR-main\MICROPLASTIC_DETECTOR-main\dataset\train\pellet\pellet_0442.png
pellet_0443.png,pellet,4,train,C:\Users\hs085\Downloads\MICROPLASTIC_DETECTOR-main\MICROPLASTIC_DETECTOR-main\dataset\train\pellet\pellet_0443.png
pellet_0444.png,pellet,4,train,C:\Users\hs085\Downloads\MICROPLASTIC_DETECTOR-main\MICROPLASTIC_DETECTOR-main\dataset\train\pellet\pellet_0444.png
pellet_0445.png,pellet,4,train,C:\Users\hs085\Downloads\MICROPLASTIC_DETECTOR-main\MICROPLASTIC_DETECTOR-main\dataset\train\pellet\pellet_0445.png
pellet_0446.png,pellet,4,train,C:\Users\hs085\Downloads\MICROPLASTIC_DETECTOR-main\MICROPLASTIC_DETECTOR-main\dataset\train\pellet\pellet_0446.png
pellet_0447.png,pellet,4,train,C:\Users\hs085\Downloads\MICROPLASTIC_DETECTOR-main\MICROPLASTIC_DETECTOR-main\dataset\train\pellet\pellet_0447.png
pellet_0448.png,pellet,4,train,C:\Users\hs085\Downloads\MICROPLASTIC_DETECTOR-main\MICROPLASTIC_DETECTOR-main\dataset\train\pellet\pellet_0448.png
pellet_0449.png,pellet,4,train,C:\Users\hs085\Downloads\MICROPLASTIC_DETECTOR-main\MICROPLASTIC_DETECTOR-main\dataset\train\pellet\pellet_0449.png
pellet_0450.png,pellet,4,train,C:\Users\hs085\Downloads\MICROPLASTIC_DETECTOR-main\MICROPLASTIC_DETECTOR-main\dataset\train\pellet\pellet_0450.png
pellet_0451.png,pellet,4,train,C:\Users\hs085\Downloads\MICROPLASTIC_DETECTOR-main\MICROPLASTIC_DETECTOR-main\dataset\train\pellet\pellet_0451.png
pellet_0452.png,pellet,4,train,C:\Users\hs085\Downloads\MICROPLASTIC_DETECTOR-main\MICROPLASTIC_DETECTOR-main\dataset\train\pellet\pellet_0452.png
pellet_0453.png,pellet,4,train,C:\Users\hs085\Downloads\MICROPLASTIC_DETECTOR-main\MICROPLASTIC_DETECTOR-main\dataset\train\pellet\pellet_0453.png
pellet_0454.png,pellet,4,train,C:\Users\hs085\Downloads\MICROPLASTIC_DETECTOR-main\MICROPLASTIC_DETECTOR-main\dataset\train\pellet\pellet_0454.png
pellet_0455.png,pellet,4,train,C:\Users\hs085\Downloads\MICROPLASTIC_DETECTOR-main\MICROPLASTIC_DETECTOR-main\dataset\train\pellet\pellet_0455.png
pellet_0456.png,pellet,4,train,C:\Users\hs085\Downloads\MICROPLASTIC_DETECTOR-main\MICROPLASTIC_DETECTOR-main\dataset\train\pellet\pellet_0456.png
pellet_0457.png,pellet,4,train,C:\Users\hs085\Downloads\MICROPLASTIC_DETECTOR-main\MICROPLASTIC_DETECTOR-main\dataset\train\pellet\pellet_0457.png
pellet_0458.png,pellet,4,train,C:\Users\hs085\Downloads\MICROPLASTIC_DETECTOR-main\MICROPLASTIC_DETECTOR-main\dataset\train\pellet\pellet_0458.png
pellet_0459.png,pellet,4,train,C:\Users\hs085\Downloads\MICROPLASTIC_DETECTOR-main\MICROPLASTIC_DETECTOR-main\dataset\train\pellet\pellet_0459.png
pellet_0460.png,pellet,4,train,C:\Users\hs085\Downloads\MICROPLASTIC_DETECTOR-main\MICROPLASTIC_DETECTOR-main\dataset\train\pellet\pellet_0460.png
pellet_0461.png,pellet,4,train,C:\Users\hs085\Downloads\MICROPLASTIC_DETECTOR-main\MICROPLASTIC_DETECTOR-main\dataset\train\pellet\pellet_0461.png
pellet_0462.png,pellet,4,train,C:\Users\hs085\Downloads\MICROPLASTIC_DETECTOR-main\MICROPLASTIC_DETECTOR-main\dataset\train\pellet\pellet_0462.png
pellet_0463.png,pellet,4,train,C:\Users\hs085\Downloads\MICROPLASTIC_DETECTOR-main\MICROPLASTIC_DETECTOR-main\dataset\train\pellet\pellet_0463.png
pellet_0464.png,pellet,4,train,C:\Users\hs085\Downloads\MICROPLASTIC_DETECTOR-main\MICROPLASTIC_DETECTOR-main\dataset\train\pellet\pellet_0464.png
pellet_0465.png,pellet,4,train,C:\Users\hs085\Downloads\MICROPLASTIC_DETECTOR-main\MICROPLASTIC_DETECTOR-main\dataset\train\pellet\pellet_0465.png
pellet_0466.png,pellet,4,train,C:\Users\hs085\Downloads\MICROPLASTIC_DETECTOR-main\MICROPLASTIC_DETECTOR-main\dataset\train\pellet\pellet_0466.png
pellet_0467.png,pellet,4,train,C:\Users\hs085\Downloads\MICROPLASTIC_DETECTOR-main\MICROPLASTIC_DETECTOR-main\dataset\train\pellet\pellet_0467.png
pellet_0468.png,pellet,4,train,C:\Users\hs085\Downloads\MICROPLASTIC_DETECTOR-main\MICROPLASTIC_DETECTOR-main\dataset\train\pellet\pellet_0468.png
pellet_0469.png,pellet,4,train,C:\Users\hs085\Downloads\MICROPLASTIC_DETECTOR-main\MICROPLASTIC_DETECTOR-main\dataset\train\pellet\pellet_0469.png
pellet_0470.png,pellet,4,train,C:\Users\hs085\Downloads\MICROPLASTIC_DETECTOR-main\MICROPLASTIC_DETECTOR-main\dataset\train\pellet\pellet_0470.png
pellet_0471.png,pellet,4,train,C:\Users\hs085\Downloads\MICROPLASTIC_DETECTOR-main\MICROPLASTIC_DETECTOR-main\dataset\train\pellet\pellet_0471.png
pellet_0472.png,pellet,4,train,C:\Users\hs085\Downloads\MICROPLASTIC_DETECTOR-main\MICROPLASTIC_DETECTOR-main\dataset\train\pellet\pellet_0472.png
pellet_0473.png,pellet,4,train,C:\Users\hs085\Downloads\MICROPLASTIC_DETECTOR-main\MICROPLASTIC_DETECTOR-main\dataset\train\pellet\pellet_0473.png
pellet_0474.png,pellet,4,train,C:\Users\hs085\Downloads\MICROPLASTIC_DETECTOR-main\MICROPLASTIC_DETECTOR-main\dataset\train\pellet\pellet_0474.png
pellet_0475.png,pellet,4,train,C:\Users\hs085\Downloads\MICROPLASTIC_DETECTOR-main\MICROPLASTIC_DETECTOR-main\dataset\train\pellet\pellet_0475.png
pellet_0476.png,pellet,4,train,C:\Users\hs085\Downloads\MICROPLASTIC_DETECTOR-main\MICROPLASTIC_DETECTOR-main\dataset\train\pellet\pellet_0476.png
pellet_0477.png,pellet,4,train,C:\Users\hs085\Downloads\MICROPLASTIC_DETECTOR-main\MICROPLASTIC_DETECTOR-main\dataset\train\pellet\pellet_0477.png
pellet_0478.png,pellet,4,train,C:\Users\hs085\Downloads\MICROPLASTIC_DETECTOR-main\MICROPLASTIC_DETECTOR-main\dataset\train\pellet\pellet_0478.png
pellet_0479.png,pellet,4,train,C:\Users\hs085\Downloads\MICROPLASTIC_DETECTOR-main\MICROPLASTIC_DETECTOR-main\dataset\train\pellet\pellet_0479.png
pellet_0480.png,pellet,4,train,C:\Users\hs085\Downloads\MICROPLASTIC_DETECTOR-main\MICROPLASTIC_DETECTOR-main\dataset\train\pellet\pellet_0480.png
pellet_0481.png,pellet,4,train,C:\Users\hs085\Downloads\MICROPLASTIC_DETECTOR-main\MICROPLASTIC_DETECTOR-main\dataset\train\pellet\pellet_0481.png
pellet_0482.png,pellet,4,train,C:\Users\hs085\Downloads\MICROPLASTIC_DETECTOR-main\MICROPLASTIC_DETECTOR-main\dataset\train\pellet\pellet_0482.png
pellet_0483.png,pellet,4,train,C:\Users\hs085\Downloads\MICROPLASTIC_DETECTOR-main\MICROPLASTIC_DETECTOR-main\dataset\train\pellet\pellet_0483.png
pellet_0484.png,pellet,4,train,C:\Users\hs085\Downloads\MICROPLASTIC_DETECTOR-main\MICROPLASTIC_DETECTOR-main\dataset\train\pellet\pellet_0484.png
pellet_0485.png,pellet,4,train,C:\Users\hs085\Downloads\MICROPLASTIC_DETECTOR-main\MICROPLASTIC_DETECTOR-main\dataset\train\pellet\pellet_0485.png
pellet_0486.png,pellet,4,train,C:\Users\hs085\Downloads\MICROPLASTIC_DETECTOR-main\MICROPLASTIC_DETECTOR-main\dataset\train\pellet\pellet_0486.png
pellet_0487.png,pellet,4,train,C:\Users\hs085\Downloads\MICROPLASTIC_DETECTOR-main\MICROPLASTIC_DETECTOR-main\dataset\train\pellet\pellet_0487.png
pellet_0488.png,pellet,4,train,C:\Users\hs085\Downloads\MICROPLASTIC_DETECTOR-main\MICROPLASTIC_DETECTOR-main\dataset\train\pellet\pellet_0488.png
pellet_0489.png,pellet,4,train,C:\Users\hs085\Downloads\MICROPLASTIC_DETECTOR-main\MICROPLASTIC_DETECTOR-main\dataset\train\pellet\pellet_0489.png
pellet_0490.png,pellet,4,train,C:\Users\hs085\Downloads\MICROPLASTIC_DETECTOR-main\MICROPLASTIC_DETECTOR-main\dataset\train\pellet\pellet_0490.png
pellet_0491.png,pellet,4,train,C:\Users\hs085\Downloads\MICROPLASTIC_DETECTOR-main\MICROPLASTIC_DETECTOR-main\dataset\train\pellet\pellet_0491.png
pellet_0492.png,pellet,4,train,C:\Users\hs085\Downloads\MICROPLASTIC_DETECTOR-main\MICROPLASTIC_DETECTOR-main\dataset\train\pellet\pellet_0492.png
pellet_0493.png,pellet,4,train,C:\Users\hs085\Downloads\MICROPLASTIC_DETECTOR-main\MICROPLASTIC_DETECTOR-main\dataset\train\pellet\pellet_0493.png
pellet_0494.png,pellet,4,train,C:\Users\hs085\Downloads\MICROPLASTIC_DETECTOR-main\MICROPLASTIC_DETECTOR-main\dataset\train\pellet\pellet_0494.png
pellet_0495.png,pellet,4,train,C:\Users\hs085\Downloads\MICROPLASTIC_DETECTOR-main\MICROPLASTIC_DETECTOR-main\dataset\train\pellet\pellet_0495.png
pellet_0496.png,pellet,4,train,C:\Users\hs085\Downloads\MICROPLASTIC_DETECTOR-main\MICROPLASTIC_DETECTOR-main\dataset\train\pellet\pellet_0496.png
pellet_0497.png,pellet,4,train,C:\Users\hs085\Downloads\MICROPLASTIC_DETECTOR-main\MICROPLASTIC_DETECTOR-main\dataset\train\pellet\pellet_0497.png
pellet_0498.png,pellet,4,train,C:\Users\hs085\Downloads\MICROPLASTIC_DETECTOR-main\MICROPLASTIC_DETECTOR-main\dataset\train\pellet\pellet_0498.png
pellet_0499.png,pellet,4,train,C:\Users\hs085\Downloads\MICROPLASTIC_DETECTOR-main\MICROPLASTIC_DETECTOR-main\dataset\train\pellet\pellet_0499.png
pellet_0500.png,pellet,4,train,C:\Users\hs085\Downloads\MICROPLASTIC_DETECTOR-main\MICROPLASTIC_DETECTOR-main\dataset\train\pellet\pellet_0500.png
pellet_0501.png,pellet,4,train,C:\Users\hs085\Downloads\MICROPLASTIC_DETECTOR-main\MICROPLASTIC_DETECTOR-main\dataset\train\pellet\pellet_0501.png
pellet_0502.png,pellet,4,train,C:\Users\hs085\Downloads\MICROPLASTIC_DETECTOR-main\MICROPLASTIC_DETECTOR-main\dataset\train\pellet\pellet_0502.png
pellet_0503.png,pellet,4,train,C:\Users\hs085\Downloads\MICROPLASTIC_DETECTOR-main\MICROPLASTIC_DETECTOR-main\dataset\train\pellet\pellet_0503.png
pellet_0504.png,pellet,4,train,C:\Users\hs085\Downloads\MICROPLASTIC_DETECTOR-main\MICROPLASTIC_DETECTOR-main\dataset\train\pellet\pellet_0504.png
pellet_0505.png,pellet,4,train,C:\Users\hs085\Downloads\MICROPLASTIC_DETECTOR-main\MICROPLASTIC_DETECTOR-main\dataset\train\pellet\pellet_0505.png
pellet_0506.png,pellet,4,train,C:\Users\hs085\Downloads\MICROPLASTIC_DETECTOR-main\MICROPLASTIC_DETECTOR-main\dataset\train\pellet\pellet_0506.png
pellet_0507.png,pellet,4,train,C:\Users\hs085\Downloads\MICROPLASTIC_DETECTOR-main\MICROPLASTIC_DETECTOR-main\dataset\train\pellet\pellet_0507.png
pellet_0508.png,pellet,4,train,C:\Users\hs085\Downloads\MICROPLASTIC_DETECTOR-main\MICROPLASTIC_DETECTOR-main\dataset\train\pellet\pellet_0508.png
pellet_0509.png,pellet,4,train,C:\Users\hs085\Downloads\MICROPLASTIC_DETECTOR-main\MICROPLASTIC_DETECTOR-main\dataset\train\pellet\pellet_0509.png
pellet_0510.png,pellet,4,train,C:\Users\hs085\Downloads\MICROPLASTIC_DETECTOR-main\MICROPLASTIC_DETECTOR-main\dataset\train\pellet\pellet_0510.png
pellet_0511.png,pellet,4,train,C:\Users\hs085\Downloads\MICROPLASTIC_DETECTOR-main\MICROPLASTIC_DETECTOR-main\dataset\train\pellet\pellet_0511.png
pellet_0512.png,pellet,4,train,C:\Users\hs085\Downloads\MICROPLASTIC_DETECTOR-main\MICROPLASTIC_DETECTOR-main\dataset\train\pellet\pellet_0512.png
pellet_0513.png,pellet,4,train,C:\Users\hs085\Downloads\MICROPLASTIC_DETECTOR-main\MICROPLASTIC_DETECTOR-main\dataset\train\pellet\pellet_0513.png
pellet_0514.png,pellet,4,train,C:\Users\hs085\Downloads\MICROPLASTIC_DETECTOR-main\MICROPLASTIC_DETECTOR-main\dataset\train\pellet\pellet_0514.png
pellet_0515.png,pellet,4,train,C:\Users\hs085\Downloads\MICROPLASTIC_DETECTOR-main\MICROPLASTIC_DETECTOR-main\dataset\train\pellet\pellet_0515.png
pellet_0516.png,pellet,4,train,C:\Users\hs085\Downloads\MICROPLASTIC_DETECTOR-main\MICROPLASTIC_DETECTOR-main\dataset\train\pellet\pellet_0516.png
pellet_0517.png,pellet,4,train,C:\Users\hs085\Downloads\MICROPLASTIC_DETECTOR-main\MICROPLASTIC_DETECTOR-main\dataset\train\pellet\pellet_0517.png
pellet_0518.png,pellet,4,train,C:\Users\hs085\Downloads\MICROPLASTIC_DETECTOR-main\MICROPLASTIC_DETECTOR-main\dataset\train\pellet\pellet_0518.png
pellet_0519.png,pellet,4,train,C:\Users\hs085\Downloads\MICROPLASTIC_DETECTOR-main\MICROPLASTIC_DETECTOR-main\dataset\train\pellet\pellet_0519.png
pellet_0520.png,pellet,4,train,C:\Users\hs085\Downloads\MICROPLASTIC_DETECTOR-main\MICROPLASTIC_DETECTOR-main\dataset\train\pellet\pellet_0520.png
pellet_0521.png,pellet,4,train,C:\Users\hs085\Downloads\MICROPLASTIC_DETECTOR-main\MICROPLASTIC_DETECTOR-main\dataset\train\pellet\pellet_0521.png
pellet_0522.png,pellet,4,train,C:\Users\hs085\Downloads\MICROPLASTIC_DETECTOR-main\MICROPLASTIC_DETECTOR-main\dataset\train\pellet\pellet_0522.png
pellet_0523.png,pellet,4,train,C:\Users\hs085\Downloads\MICROPLASTIC_DETECTOR-main\MICROPLASTIC_DETECTOR-main\dataset\train\pellet\pellet_0523.png
pellet_0524.png,pellet,4,train,C:\Users\hs085\Downloads\MICROPLASTIC_DETECTOR-main\MICROPLASTIC_DETECTOR-main\dataset\train\pellet\pellet_0524.png
pellet_0525.png,pellet,4,train,C:\Users\hs085\Downloads\MICROPLASTIC_DETECTOR-main\MICROPLASTIC_DETECTOR-main\dataset\train\pellet\pellet_0525.png
pellet_0526.png,pellet,4,train,C:\Users\hs085\Downloads\MICROPLASTIC_DETECTOR-main\MICROPLASTIC_DETECTOR-main\dataset\train\pellet\pellet_0526.png
pellet_0527.png,pellet,4,train,C:\Users\hs085\Downloads\MICROPLASTIC_DETECTOR-main\MICROPLASTIC_DETECTOR-main\dataset\train\pellet\pellet_0527.png
pellet_0528.png,pellet,4,train,C:\Users\hs085\Downloads\MICROPLASTIC_DETECTOR-main\MICROPLASTIC_DETECTOR-main\dataset\train\pellet\pellet_0528.png
pellet_0529.png,pellet,4,train,C:\Users\hs085\Downloads\MICROPLASTIC_DETECTOR-main\MICROPLASTIC_DETECTOR-main\dataset\train\pellet\pellet_0529.png
pellet_0530.png,pellet,4,train,C:\Users\hs085\Downloads\MICROPLASTIC_DETECTOR-main\MICROPLASTIC_DETECTOR-main\dataset\train\pellet\pellet_0530.png
pellet_0531.png,pellet,4,train,C:\Users\hs085\Downloads\MICROPLASTIC_DETECTOR-main\MICROPLASTIC_DETECTOR-main\dataset\train\pellet\pellet_0531.png
pellet_0532.png,pellet,4,train,C:\Users\hs085\Downloads\MICROPLASTIC_DETECTOR-main\MICROPLASTIC_DETECTOR-main\dataset\train\pellet\pellet_0532.png
pellet_0533.png,pellet,4,train,C:\Users\hs085\Downloads\MICROPLASTIC_DETECTOR-main\MICROPLASTIC_DETECTOR-main\dataset\train\pellet\pellet_0533.png
pellet_0534.png,pellet,4,train,C:\Users\hs085\Downloads\MICROPLASTIC_DETECTOR-main\MICROPLASTIC_DETECTOR-main\dataset\train\pellet\pellet_0534.png
pellet_0535.png,pellet,4,train,C:\Users\hs085\Downloads\MICROPLASTIC_DETECTOR-main\MICROPLASTIC_DETECTOR-main\dataset\train\pellet\pellet_0535.png
pellet_0536.png,pellet,4,train,C:\Users\hs085\Downloads\MICROPLASTIC_DETECTOR-main\MICROPLASTIC_DETECTOR-main\dataset\train\pellet\pellet_0536.png
pellet_0537.png,pellet,4,train,C:\Users\hs085\Downloads\MICROPLASTIC_DETECTOR-main\MICROPLASTIC_DETECTOR-main\dataset\train\pellet\pellet_0537.png
pellet_0538.png,pellet,4,train,C:\Users\hs085\Downloads\MICROPLASTIC_DETECTOR-main\MICROPLASTIC_DETECTOR-main\dataset\train\pellet\pellet_0538.png
pellet_0539.png,pellet,4,train,C:\Users\hs085\Downloads\MICROPLASTIC_DETECTOR-main\MICROPLASTIC_DETECTOR-main\dataset\train\pellet\pellet_0539.png
pellet_0540.png,pellet,4,train,C:\Users\hs085\Downloads\MICROPLASTIC_DETECTOR-main\MICROPLASTIC_DETECTOR-main\dataset\train\pellet\pellet_0540.png
pellet_0541.png,pellet,4,train,C:\Users\hs085\Downloads\MICROPLASTIC_DETECTOR-main\MICROPLASTIC_DETECTOR-main\dataset\train\pellet\pellet_0541.png
pellet_0542.png,pellet,4,train,C:\Users\hs085\Downloads\MICROPLASTIC_DETECTOR-main\MICROPLASTIC_DETECTOR-main\dataset\train\pellet\pellet_0542.png
pellet_0543.png,pellet,4,train,C:\Users\hs085\Downloads\MICROPLASTIC_DETECTOR-main\MICROPLASTIC_DETECTOR-main\dataset\train\pellet\pellet_0543.png
pellet_0544.png,pellet,4,train,C:\Users\hs085\Downloads\MICROPLASTIC_DETECTOR-main\MICROPLASTIC_DETECTOR-main\dataset\train\pellet\pellet_0544.png
pellet_0545.png,pellet,4,train,C:\Users\hs085\Downloads\MICROPLASTIC_DETECTOR-main\MICROPLASTIC_DETECTOR-main\dataset\train\pellet\pellet_0545.png
pellet_0546.png,pellet,4,train,C:\Users\hs085\Downloads\MICROPLASTIC_DETECTOR-main\MICROPLASTIC_DETECTOR-main\dataset\train\pellet\pellet_0546.png
pellet_0547.png,pellet,4,train,C:\Users\hs085\Downloads\MICROPLASTIC_DETECTOR-main\MICROPLASTIC_DETECTOR-main\dataset\train\pellet\pellet_0547.png
pellet_0548.png,pellet,4,train,C:\Users\hs085\Downloads\MICROPLASTIC_DETECTOR-main\MICROPLASTIC_DETECTOR-main\dataset\train\pellet\pellet_0548.png
pellet_0549.png,pellet,4,train,C:\Users\hs085\Downloads\MICROPLASTIC_DETECTOR-main\MICROPLASTIC_DETECTOR-main\dataset\train\pellet\pellet_0549.png
pellet_0550.png,pellet,4,train,C:\Users\hs085\Downloads\MICROPLASTIC_DETECTOR-main\MICROPLASTIC_DETECTOR-main\dataset\train\pellet\pellet_0550.png
pellet_0551.png,pellet,4,train,C:\Users\hs085\Downloads\MICROPLASTIC_DETECTOR-main\MICROPLASTIC_DETECTOR-main\dataset\train\pellet\pellet_0551.png
pellet_0552.png,pellet,4,train,C:\Users\hs085\Downloads\MICROPLASTIC_DETECTOR-main\MICROPLASTIC_DETECTOR-main\dataset\train\pellet\pellet_0552.png
pellet_0553.png,pellet,4,train,C:\Users\hs085\Downloads\MICROPLASTIC_DETECTOR-main\MICROPLASTIC_DETECTOR-main\dataset\train\pellet\pellet_0553.png
pellet_0554.png,pellet,4,train,C:\Users\hs085\Downloads\MICROPLASTIC_DETECTOR-main\MICROPLASTIC_DETECTOR-main\dataset\train\pellet\pellet_0554.png
pellet_0555.png,pellet,4,train,C:\Users\hs085\Downloads\MICROPLASTIC_DETECTOR-main\MICROPLASTIC_DETECTOR-main\dataset\train\pellet\pellet_0555.png
pellet_0556.png,pellet,4,train,C:\Users\hs085\Downloads\MICROPLASTIC_DETECTOR-main\MICROPLASTIC_DETECTOR-main\dataset\train\pellet\pellet_0556.png
pellet_0557.png,pellet,4,train,C:\Users\hs085\Downloads\MICROPLASTIC_DETECTOR-main\MICROPLASTIC_DETECTOR-main\dataset\train\pellet\pellet_0557.png
pellet_0558.png,pellet,4,train,C:\Users\hs085\Downloads\MICROPLASTIC_DETECTOR-main\MICROPLASTIC_DETECTOR-main\dataset\train\pellet\pellet_0558.png
pellet_0559.png,pellet,4,train,C:\Users\hs085\Downloads\MICROPLASTIC_DETECTOR-main\MICROPLASTIC_DETECTOR-main\dataset\train\pellet\pellet_0559.png
pellet_0560.png,pellet,4,train,C:\Users\hs085\Downloads\MICROPLASTIC_DETECTOR-main\MICROPLASTIC_DETECTOR-main\dataset\train\pellet\pellet_0560.png
pellet_0561.png,pellet,4,train,C:\Users\hs085\Downloads\MICROPLASTIC_DETECTOR-main\MICROPLASTIC_DETECTOR-main\dataset\train\pellet\pellet_0561.png
pellet_0562.png,pellet,4,train,C:\Users\hs085\Downloads\MICROPLASTIC_DETECTOR-main\MICROPLASTIC_DETECTOR-main\dataset\train\pellet\pellet_0562.png
pellet_0563.png,pellet,4,train,C:\Users\hs085\Downloads\MICROPLASTIC_DETECTOR-main\MICROPLASTIC_DETECTOR-main\dataset\train\pellet\pellet_0563.png
pellet_0564.png,pellet,4,train,C:\Users\hs085\Downloads\MICROPLASTIC_DETECTOR-main\MICROPLASTIC_DETECTOR-main\dataset\train\pellet\pellet_0564.png
pellet_0565.png,pellet,4,train,C:\Users\hs085\Downloads\MICROPLASTIC_DETECTOR-main\MICROPLASTIC_DETECTOR-main\dataset\train\pellet\pellet_0565.png
pellet_0566.png,pellet,4,train,C:\Users\hs085\Downloads\MICROPLASTIC_DETECTOR-main\MICROPLASTIC_DETECTOR-main\dataset\train\pellet\pellet_0566.png
pellet_0567.png,pellet,4,train,C:\Users\hs085\Downloads\MICROPLASTIC_DETECTOR-main\MICROPLASTIC_DETECTOR-main\dataset\train\pellet\pellet_0567.png
pellet_0568.png,pellet,4,train,C:\Users\hs085\Downloads\MICROPLASTIC_DETECTOR-main\MICROPLASTIC_DETECTOR-main\dataset\train\pellet\pellet_0568.png
pellet_0569.png,pellet,4,train,C:\Users\hs085\Downloads\MICROPLASTIC_DETECTOR-main\MICROPLASTIC_DETECTOR-main\dataset\train\pellet\pellet_0569.png
pellet_0570.png,pellet,4,train,C:\Users\hs085\Downloads\MICROPLASTIC_DETECTOR-main\MICROPLASTIC_DETECTOR-main\dataset\train\pellet\pellet_0570.png
pellet_0571.png,pellet,4,train,C:\Users\hs085\Downloads\MICROPLASTIC_DETECTOR-main\MICROPLASTIC_DETECTOR-main\dataset\train\pellet\pellet_0571.png
pellet_0572.png,pellet,4,train,C:\Users\hs085\Downloads\MICROPLASTIC_DETECTOR-main\MICROPLASTIC_DETECTOR-main\dataset\train\pellet\pellet_0572.png
pellet_0573.png,pellet,4,train,C:\Users\hs085\Downloads\MICROPLASTIC_DETECTOR-main\MICROPLASTIC_DETECTOR-main\dataset\train\pellet\pellet_0573.png
pellet_0574.png,pellet,4,train,C:\Users\hs085\Downloads\MICROPLASTIC_DETECTOR-main\MICROPLASTIC_DETECTOR-main\dataset\train\pellet\pellet_0574.png
pellet_0575.png,pellet,4,train,C:\Users\hs085\Downloads\MICROPLASTIC_DETECTOR-main\MICROPLASTIC_DETECTOR-main\dataset\train\pellet\pellet_0575.png
pellet_0576.png,pellet,4,train,C:\Users\hs085\Downloads\MICROPLASTIC_DETECTOR-main\MICROPLASTIC_DETECTOR-main\dataset\train\pellet\pellet_0576.png
pellet_0577.png,pellet,4,train,C:\Users\hs085\Downloads\MICROPLASTIC_DETECTOR-main\MICROPLASTIC_DETECTOR-main\dataset\train\pellet\pellet_0577.png
pellet_0578.png,pellet,4,train,C:\Users\hs085\Downloads\MICROPLASTIC_DETECTOR-main\MICROPLASTIC_DETECTOR-main\dataset\train\pellet\pellet_0578.png
pellet_0579.png,pellet,4,train,C:\Users\hs085\Downloads\MICROPLASTIC_DETECTOR-main\MICROPLASTIC_DETECTOR-main\dataset\train\pellet\pellet_0579.png
pellet_0580.png,pellet,4,train,C:\Users\hs085\Downloads\MICROPLASTIC_DETECTOR-main\MICROPLASTIC_DETECTOR-main\dataset\train\pellet\pellet_0580.png
pellet_0581.png,pellet,4,train,C:\Users\hs085\Downloads\MICROPLASTIC_DETECTOR-main\MICROPLASTIC_DETECTOR-main\dataset\train\pellet\pellet_0581.png
pellet_0582.png,pellet,4,train,C:\Users\hs085\Downloads\MICROPLASTIC_DETECTOR-main\MICROPLASTIC_DETECTOR-main\dataset\train\pellet\pellet_0582.png
pellet_0583.png,pellet,4,train,C:\Users\hs085\Downloads\MICROPLASTIC_DETECTOR-main\MICROPLASTIC_DETECTOR-main\dataset\train\pellet\pellet_0583.png
pellet_0584.png,pellet,4,train,C:\Users\hs085\Downloads\MICROPLASTIC_DETECTOR-main\MICROPLASTIC_DETECTOR-main\dataset\train\pellet\pellet_0584.png
pellet_0585.png,pellet,4,train,C:\Users\hs085\Downloads\MICROPLASTIC_DETECTOR-main\MICROPLASTIC_DETECTOR-main\dataset\train\pellet\pellet_0585.png
pellet_0586.png,pellet,4,train,C:\Users\hs085\Downloads\MICROPLASTIC_DETECTOR-main\MICROPLASTIC_DETECTOR-main\dataset\train\pellet\pellet_0586.png
pellet_0587.png,pellet,4,train,C:\Users\hs085\Downloads\MICROPLASTIC_DETECTOR-main\MICROPLASTIC_DETECTOR-main\dataset\train\pellet\pellet_0587.png
pellet_0588.png,pellet,4,train,C:\Users\hs085\Downloads\MICROPLASTIC_DETECTOR-main\MICROPLASTIC_DETECTOR-main\dataset\train\pellet\pellet_0588.png
pellet_0589.png,pellet,4,train,C:\Users\hs085\Downloads\MICROPLASTIC_DETECTOR-main\MICROPLASTIC_DETECTOR-main\dataset\train\pellet\pellet_0589.png
pellet_0590.png,pellet,4,train,C:\Users\hs085\Downloads\MICROPLASTIC_DETECTOR-main\MICROPLASTIC_DETECTOR-main\dataset\train\pellet\pellet_0590.png
pellet_0591.png,pellet,4,train,C:\Users\hs085\Downloads\MICROPLASTIC_DETECTOR-main\MICROPLASTIC_DETECTOR-main\dataset\train\pellet\pellet_0591.png
pellet_0592.png,pellet,4,train,C:\Users\hs085\Downloads\MICROPLASTIC_DETECTOR-main\MICROPLASTIC_DETECTOR-main\dataset\train\pellet\pellet_0592.png
pellet_0593.png,pellet,4,train,C:\Users\hs085\Downloads\MICROPLASTIC_DETECTOR-main\MICROPLASTIC_DETECTOR-main\dataset\train\pellet\pellet_0593.png
pellet_0594.png,pellet,4,train,C:\Users\hs085\Downloads\MICROPLASTIC_DETECTOR-main\MICROPLASTIC_DETECTOR-main\dataset\train\pellet\pellet_0594.png
pellet_0595.png,pellet,4,train,C:\Users\hs085\Downloads\MICROPLASTIC_DETECTOR-main\MICROPLASTIC_DETECTOR-main\dataset\train\pellet\pellet_0595.png
pellet_0596.png,pellet,4,train,C:\Users\hs085\Downloads\MICROPLASTIC_DETECTOR-main\MICROPLASTIC_DETECTOR-main\dataset\train\pellet\pellet_0596.png
pellet_0597.png,pellet,4,train,C:\Users\hs085\Downloads\MICROPLASTIC_DETECTOR-main\MICROPLASTIC_DETECTOR-main\dataset\train\pellet\pellet_0597.png
pellet_0598.png,pellet,4,train,C:\Users\hs085\Downloads\MICROPLASTIC_DETECTOR-main\MICROPLASTIC_DETECTOR-main\dataset\train\pellet\pellet_0598.png
pellet_0599.png,pellet,4,train,C:\Users\hs085\Downloads\MICROPLASTIC_DETECTOR-main\MICROPLASTIC_DETECTOR-main\dataset\train\pellet\pellet_0599.png
pellet_0600.png,pellet,4,train,C:\Users\hs085\Downloads\MICROPLASTIC_DETECTOR-main\MICROPLASTIC_DETECTOR-main\dataset\train\pellet\pellet_0600.png
pellet_0601.png,pellet,4,train,C:\Users\hs085\Downloads\MICROPLASTIC_DETECTOR-main\MICROPLASTIC_DETECTOR-main\dataset\train\pellet\pellet_0601.png
pellet_0602.png,pellet,4,train,C:\Users\hs085\Downloads\MICROPLASTIC_DETECTOR-main\MICROPLASTIC_DETECTOR-main\dataset\train\pellet\pellet_0602.png
pellet_0603.png,pellet,4,train,C:\Users\hs085\Downloads\MICROPLASTIC_DETECTOR-main\MICROPLASTIC_DETECTOR-main\dataset\train\pellet\pellet_0603.png
pellet_0604.png,pellet,4,train,C:\Users\hs085\Downloads\MICROPLASTIC_DETECTOR-main\MICROPLASTIC_DETECTOR-main\dataset\train\pellet\pellet_0604.png
pellet_0605.png,pellet,4,train,C:\Users\hs085\Downloads\MICROPLASTIC_DETECTOR-main\MICROPLASTIC_DETECTOR-main\dataset\train\pellet\pellet_0605.png
pellet_0606.png,pellet,4,train,C:\Users\hs085\Downloads\MICROPLASTIC_DETECTOR-main\MICROPLASTIC_DETECTOR-main\dataset\train\pellet\pellet_0606.png
pellet_0607.png,pellet,4,train,C:\Users\hs085\Downloads\MICROPLASTIC_DETECTOR-main\MICROPLASTIC_DETECTOR-main\dataset\train\pellet\pellet_0607.png
pellet_0608.png,pellet,4,train,C:\Users\hs085\Downloads\MICROPLASTIC_DETECTOR-main\MICROPLASTIC_DETECTOR-main\dataset\train\pellet\pellet_0608.png
pellet_0609.png,pellet,4,train,C:\Users\hs085\Downloads\MICROPLASTIC_DETECTOR-main\MICROPLASTIC_DETECTOR-main\dataset\train\pellet\pellet_0609.png
pellet_0610.png,pellet,4,train,C:\Users\hs085\Downloads\MICROPLASTIC_DETECTOR-main\MICROPLASTIC_DETECTOR-main\dataset\train\pellet\pellet_0610.png
pellet_0611.png,pellet,4,train,C:\Users\hs085\Downloads\MICROPLASTIC_DETECTOR-main\MICROPLASTIC_DETECTOR-main\dataset\train\pellet\pellet_0611.png
pellet_0612.png,pellet,4,train,C:\Users\hs085\Downloads\MICROPLASTIC_DETECTOR-main\MICROPLASTIC_DETECTOR-main\dataset\train\pellet\pellet_0612.png
pellet_0613.png,pellet,4,train,C:\Users\hs085\Downloads\MICROPLASTIC_DETECTOR-main\MICROPLASTIC_DETECTOR-main\dataset\train\pellet\pellet_0613.png
pellet_0614.png,pellet,4,train,C:\Users\hs085\Downloads\MICROPLASTIC_DETECTOR-main\MICROPLASTIC_DETECTOR-main\dataset\train\pellet\pellet_0614.png
pellet_0615.png,pellet,4,train,C:\Users\hs085\Downloads\MICROPLASTIC_DETECTOR-main\MICROPLASTIC_DETECTOR-main\dataset\train\pellet\pellet_0615.png
pellet_0616.png,pellet,4,train,C:\Users\hs085\Downloads\MICROPLASTIC_DETECTOR-main\MICROPLASTIC_DETECTOR-main\dataset\train\pellet\pellet_0616.png
pellet_0617.png,pellet,4,train,C:\Users\hs085\Downloads\MICROPLASTIC_DETECTOR-main\MICROPLASTIC_DETECTOR-main\dataset\train\pellet\pellet_0617.png
pellet_0618.png,pellet,4,train,C:\Users\hs085\Downloads\MICROPLASTIC_DETECTOR-main\MICROPLASTIC_DETECTOR-main\dataset\train\pellet\pellet_0618.png
pellet_0619.png,pellet,4,train,C:\Users\hs085\Downloads\MICROPLASTIC_DETECTOR-main\MICROPLASTIC_DETECTOR-main\dataset\train\pellet\pellet_0619.png
pellet_0620.png,pellet,4,train,C:\Users\hs085\Downloads\MICROPLASTIC_DETECTOR-main\MICROPLASTIC_DETECTOR-main\dataset\train\pellet\pellet_0620.png
pellet_0621.png,pellet,4,train,C:\Users\hs085\Downloads\MICROPLASTIC_DETECTOR-main\MICROPLASTIC_DETECTOR-main\dataset\train\pellet\pellet_0621.png
pellet_0622.png,pellet,4,train,C:\Users\hs085\Downloads\MICROPLASTIC_DETECTOR-main\MICROPLASTIC_DETECTOR-main\dataset\train\pellet\pellet_0622.png
pellet_0623.png,pellet,4,train,C:\Users\hs085\Downloads\MICROPLASTIC_DETECTOR-main\MICROPLASTIC_DETECTOR-main\dataset\train\pellet\pellet_0623.png
pellet_0624.png,pellet,4,train,C:\Users\hs085\Downloads\MICROPLASTIC_DETECTOR-main\MICROPLASTIC_DETECTOR-main\dataset\train\pellet\pellet_0624.png
pellet_0625.png,pellet,4,train,C:\Users\hs085\Downloads\MICROPLASTIC_DETECTOR-main\MICROPLASTIC_DETECTOR-main\dataset\train\pellet\pellet_0625.png
pellet_0626.png,pellet,4,train,C:\Users\hs085\Downloads\MICROPLASTIC_DETECTOR-main\MICROPLASTIC_DETECTOR-main\dataset\train\pellet\pellet_0626.png
pellet_0627.png,pellet,4,train,C:\Users\hs085\Downloads\MICROPLASTIC_DETECTOR-main\MICROPLASTIC_DETECTOR-main\dataset\train\pellet\pellet_0627.png
pellet_0628.png,pellet,4,train,C:\Users\hs085\Downloads\MICROPLASTIC_DETECTOR-main\MICROPLASTIC_DETECTOR-main\dataset\train\pellet\pellet_0628.png
pellet_0629.png,pellet,4,train,C:\Users\hs085\Downloads\MICROPLASTIC_DETECTOR-main\MICROPLASTIC_DETECTOR-main\dataset\train\pellet\pellet_0629.png
pellet_0630.png,pellet,4,train,C:\Users\hs085\Downloads\MICROPLASTIC_DETECTOR-main\MICROPLASTIC_DETECTOR-main\dataset\train\pellet\pellet_0630.png
pellet_0631.png,pellet,4,train,C:\Users\hs085\Downloads\MICROPLASTIC_DETECTOR-main\MICROPLASTIC_DETECTOR-main\dataset\train\pellet\pellet_0631.png
pellet_0632.png,pellet,4,train,C:\Users\hs085\Downloads\MICROPLASTIC_DETECTOR-main\MICROPLASTIC_DETECTOR-main\dataset\train\pellet\pellet_0632.png
pellet_0633.png,pellet,4,train,C:\Users\hs085\Downloads\MICROPLASTIC_DETECTOR-main\MICROPLASTIC_DETECTOR-main\dataset\train\pellet\pellet_0633.png
pellet_0634.png,pellet,4,train,C:\Users\hs085\Downloads\MICROPLASTIC_DETECTOR-main\MICROPLASTIC_DETECTOR-main\dataset\train\pellet\pellet_0634.png
pellet_0635.png,pellet,4,train,C:\Users\hs085\Downloads\MICROPLASTIC_DETECTOR-main\MICROPLASTIC_DETECTOR-main\dataset\train\pellet\pellet_0635.png
pellet_0636.png,pellet,4,train,C:\Users\hs085\Downloads\MICROPLASTIC_DETECTOR-main\MICROPLASTIC_DETECTOR-main\dataset\train\pellet\pellet_0636.png
pellet_0637.png,pellet,4,train,C:\Users\hs085\Downloads\MICROPLASTIC_DETECTOR-main\MICROPLASTIC_DETECTOR-main\dataset\train\pellet\pellet_0637.png
pellet_0638.png,pellet,4,train,C:\Users\hs085\Downloads\MICROPLASTIC_DETECTOR-main\MICROPLASTIC_DETECTOR-main\dataset\train\pellet\pellet_0638.png
pellet_0639.png,pellet,4,train,C:\Users\hs085\Downloads\MICROPLASTIC_DETECTOR-main\MICROPLASTIC_DETECTOR-main\dataset\train\pellet\pellet_0639.png
pellet_0640.png,pellet,4,train,C:\Users\hs085\Downloads\MICROPLASTIC_DETECTOR-main\MICROPLASTIC_DETECTOR-main\dataset\train\pellet\pellet_0640.png
pellet_0641.png,pellet,4,train,C:\Users\hs085\Downloads\MICROPLASTIC_DETECTOR-main\MICROPLASTIC_DETECTOR-main\dataset\train\pellet\pellet_0641.png
pellet_0642.png,pellet,4,train,C:\Users\hs085\Downloads\MICROPLASTIC_DETECTOR-main\MICROPLASTIC_DETECTOR-main\dataset\train\pellet\pellet_0642.png
pellet_0643.png,pellet,4,train,C:\Users\hs085\Downloads\MICROPLASTIC_DETECTOR-main\MICROPLASTIC_DETECTOR-main\dataset\train\pellet\pellet_0643.png
pellet_0644.png,pellet,4,train,C:\Users\hs085\Downloads\MICROPLASTIC_DETECTOR-main\MICROPLASTIC_DETECTOR-main\dataset\train\pellet\pellet_0644.png
pellet_0645.png,pellet,4,train,C:\Users\hs085\Downloads\MICROPLASTIC_DETECTOR-main\MICROPLASTIC_DETECTOR-main\dataset\train\pellet\pellet_0645.png
pellet_0646.png,pellet,4,train,C:\Users\hs085\Downloads\MICROPLASTIC_DETECTOR-main\MICROPLASTIC_DETECTOR-main\dataset\train\pellet\pellet_0646.png
pellet_0647.png,pellet,4,train,C:\Users\hs085\Downloads\MICROPLASTIC_DETECTOR-main\MICROPLASTIC_DETECTOR-main\dataset\train\pellet\pellet_0647.png
pellet_0648.png,pellet,4,train,C:\Users\hs085\Downloads\MICROPLASTIC_DETECTOR-main\MICROPLASTIC_DETECTOR-main\dataset\train\pellet\pellet_0648.png
pellet_0649.png,pellet,4,train,C:\Users\hs085\Downloads\MICROPLASTIC_DETECTOR-main\MICROPLASTIC_DETECTOR-main\dataset\train\pellet\pellet_0649.png
pellet_0650.png,pellet,4,train,C:\Users\hs085\Downloads\MICROPLASTIC_DETECTOR-main\MICROPLASTIC_DETECTOR-main\dataset\train\pellet\pellet_0650.png
pellet_0651.png,pellet,4,train,C:\Users\hs085\Downloads\MICROPLASTIC_DETECTOR-main\MICROPLASTIC_DETECTOR-main\dataset\train\pellet\pellet_0651.png
pellet_0652.png,pellet,4,train,C:\Users\hs085\Downloads\MICROPLASTIC_DETECTOR-main\MICROPLASTIC_DETECTOR-main\dataset\train\pellet\pellet_0652.png
pellet_0653.png,pellet,4,train,C:\Users\hs085\Downloads\MICROPLASTIC_DETECTOR-main\MICROPLASTIC_DETECTOR-main\dataset\train\pellet\pellet_0653.png
pellet_0654.png,pellet,4,train,C:\Users\hs085\Downloads\MICROPLASTIC_DETECTOR-main\MICROPLASTIC_DETECTOR-main\dataset\train\pellet\pellet_0654.png
pellet_0655.png,pellet,4,train,C:\Users\hs085\Downloads\MICROPLASTIC_DETECTOR-main\MICROPLASTIC_DETECTOR-main\dataset\train\pellet\pellet_0655.png
pellet_0656.png,pellet,4,train,C:\Users\hs085\Downloads\MICROPLASTIC_DETECTOR-main\MICROPLASTIC_DETECTOR-main\dataset\train\pellet\pellet_0656.png
pellet_0657.png,pellet,4,train,C:\Users\hs085\Downloads\MICROPLASTIC_DETECTOR-main\MICROPLASTIC_DETECTOR-main\dataset\train\pellet\pellet_0657.png
pellet_0658.png,pellet,4,train,C:\Users\hs085\Downloads\MICROPLASTIC_DETECTOR-main\MICROPLASTIC_DETECTOR-main\dataset\train\pellet\pellet_0658.png
pellet_0659.png,pellet,4,train,C:\Users\hs085\Downloads\MICROPLASTIC_DETECTOR-main\MICROPLASTIC_DETECTOR-main\dataset\train\pellet\pellet_0659.png
pellet_0660.png,pellet,4,train,C:\Users\hs085\Downloads\MICROPLASTIC_DETECTOR-main\MICROPLASTIC_DETECTOR-main\dataset\train\pellet\pellet_0660.png
pellet_0661.png,pellet,4,train,C:\Users\hs085\Downloads\MICROPLASTIC_DETECTOR-main\MICROPLASTIC_DETECTOR-main\dataset\train\pellet\pellet_0661.png
pellet_0662.png,pellet,4,train,C:\Users\hs085\Downloads\MICROPLASTIC_DETECTOR-main\MICROPLASTIC_DETECTOR-main\dataset\train\pellet\pellet_0662.png
pellet_0663.png,pellet,4,train,C:\Users\hs085\Downloads\MICROPLASTIC_DETECTOR-main\MICROPLASTIC_DETECTOR-main\dataset\train\pellet\pellet_0663.png
pellet_0664.png,pellet,4,train,C:\Users\hs085\Downloads\MICROPLASTIC_DETECTOR-main\MICROPLASTIC_DETECTOR-main\dataset\train\pellet\pellet_0664.png
pellet_0665.png,pellet,4,train,C:\Users\hs085\Downloads\MICROPLASTIC_DETECTOR-main\MICROPLASTIC_DETECTOR-main\dataset\train\pellet\pellet_0665.png
pellet_0666.png,pellet,4,train,C:\Users\hs085\Downloads\MICROPLASTIC_DETECTOR-main\MICROPLASTIC_DETECTOR-main\dataset\train\pellet\pellet_0666.png
pellet_0667.png,pellet,4,train,C:\Users\hs085\Downloads\MICROPLASTIC_DETECTOR-main\MICROPLASTIC_DETECTOR-main\dataset\train\pellet\pellet_0667.png
pellet_0668.png,pellet,4,train,C:\Users\hs085\Downloads\MICROPLASTIC_DETECTOR-main\MICROPLASTIC_DETECTOR-main\dataset\train\pellet\pellet_0668.png
pellet_0669.png,pellet,4,train,C:\Users\hs085\Downloads\MICROPLASTIC_DETECTOR-main\MICROPLASTIC_DETECTOR-main\dataset\train\pellet\pellet_0669.png
pellet_0670.png,pellet,4,train,C:\Users\hs085\Downloads\MICROPLASTIC_DETECTOR-main\MICROPLASTIC_DETECTOR-main\dataset\train\pellet\pellet_0670.png
pellet_0671.png,pellet,4,train,C:\Users\hs085\Downloads\MICROPLASTIC_DETECTOR-main\MICROPLASTIC_DETECTOR-main\dataset\train\pellet\pellet_0671.png
pellet_0672.png,pellet,4,train,C:\Users\hs085\Downloads\MICROPLASTIC_DETECTOR-main\MICROPLASTIC_DETECTOR-main\dataset\train\pellet\pellet_0672.png
pellet_0673.png,pellet,4,train,C:\Users\hs085\Downloads\MICROPLASTIC_DETECTOR-main\MICROPLASTIC_DETECTOR-main\dataset\train\pellet\pellet_0673.png
pellet_0674.png,pellet,4,train,C:\Users\hs085\Downloads\MICROPLASTIC_DETECTOR-main\MICROPLASTIC_DETECTOR-main\dataset\train\pellet\pellet_0674.png
pellet_0675.png,pellet,4,train,C:\Users\hs085\Downloads\MICROPLASTIC_DETECTOR-main\MICROPLASTIC_DETECTOR-main\dataset\train\pellet\pellet_0675.png
pellet_0676.png,pellet,4,train,C:\Users\hs085\Downloads\MICROPLASTIC_DETECTOR-main\MICROPLASTIC_DETECTOR-main\dataset\train\pellet\pellet_0676.png
pellet_0677.png,pellet,4,train,C:\Users\hs085\Downloads\MICROPLASTIC_DETECTOR-main\MICROPLASTIC_DETECTOR-main\dataset\train\pellet\pellet_0677.png
pellet_0678.png,pellet,4,train,C:\Users\hs085\Downloads\MICROPLASTIC_DETECTOR-main\MICROPLASTIC_DETECTOR-main\dataset\train\pellet\pellet_0678.png
pellet_0679.png,pellet,4,train,C:\Users\hs085\Downloads\MICROPLASTIC_DETECTOR-main\MICROPLASTIC_DETECTOR-main\dataset\train\pellet\pellet_0679.png
pellet_0680.png,pellet,4,test,C:\Users\hs085\Downloads\MICROPLASTIC_DETECTOR-main\MICROPLASTIC_DETECTOR-main\dataset\test\pellet\pellet_0680.png
pellet_0681.png,pellet,4,test,C:\Users\hs085\Downloads\MICROPLASTIC_DETECTOR-main\MICROPLASTIC_DETECTOR-main\dataset\test\pellet\pellet_0681.png
pellet_0682.png,pellet,4,test,C:\Users\hs085\Downloads\MICROPLASTIC_DETECTOR-main\MICROPLASTIC_DETECTOR-main\dataset\test\pellet\pellet_0682.png
pellet_0683.png,pellet,4,test,C:\Users\hs085\Downloads\MICROPLASTIC_DETECTOR-main\MICROPLASTIC_DETECTOR-main\dataset\test\pellet\pellet_0683.png
pellet_0684.png,pellet,4,test,C:\Users\hs085\Downloads\MICROPLASTIC_DETECTOR-main\MICROPLASTIC_DETECTOR-main\dataset\test\pellet\pellet_0684.png
pellet_0685.png,pellet,4,test,C:\Users\hs085\Downloads\MICROPLASTIC_DETECTOR-main\MICROPLASTIC_DETECTOR-main\dataset\test\pellet\pellet_0685.png
pellet_0686.png,pellet,4,test,C:\Users\hs085\Downloads\MICROPLASTIC_DETECTOR-main\MICROPLASTIC_DETECTOR-main\dataset\test\pellet\pellet_0686.png
pellet_0687.png,pellet,4,test,C:\Users\hs085\Downloads\MICROPLASTIC_DETECTOR-main\MICROPLASTIC_DETECTOR-main\dataset\test\pellet\pellet_0687.png
pellet_0688.png,pellet,4,test,C:\Users\hs085\Downloads\MICROPLASTIC_DETECTOR-main\MICROPLASTIC_DETECTOR-main\dataset\test\pellet\pellet_0688.png
pellet_0689.png,pellet,4,test,C:\Users\hs085\Downloads\MICROPLASTIC_DETECTOR-main\MICROPLASTIC_DETECTOR-main\dataset\test\pellet\pellet_0689.png
pellet_0690.png,pellet,4,test,C:\Users\hs085\Downloads\MICROPLASTIC_DETECTOR-main\MICROPLASTIC_DETECTOR-main\dataset\test\pellet\pellet_0690.png
pellet_0691.png,pellet,4,test,C:\Users\hs085\Downloads\MICROPLASTIC_DETECTOR-main\MICROPLASTIC_DETECTOR-main\dataset\test\pellet\pellet_0691.png
pellet_0692.png,pellet,4,test,C:\Users\hs085\Downloads\MICROPLASTIC_DETECTOR-main\MICROPLASTIC_DETECTOR-main\dataset\test\pellet\pellet_0692.png
pellet_0693.png,pellet,4,test,C:\Users\hs085\Downloads\MICROPLASTIC_DETECTOR-main\MICROPLASTIC_DETECTOR-main\dataset\test\pellet\pellet_0693.png
pellet_0694.png,pellet,4,test,C:\Users\hs085\Downloads\MICROPLASTIC_DETECTOR-main\MICROPLASTIC_DETECTOR-main\dataset\test\pellet\pellet_0694.png
pellet_0695.png,pellet,4,test,C:\Users\hs085\Downloads\MICROPLASTIC_DETECTOR-main\MICROPLASTIC_DETECTOR-main\dataset\test\pellet\pellet_0695.png
pellet_0696.png,pellet,4,test,C:\Users\hs085\Downloads\MICROPLASTIC_DETECTOR-main\MICROPLASTIC_DETECTOR-main\dataset\test\pellet\pellet_0696.png
pellet_0697.png,pellet,4,test,C:\Users\hs085\Downloads\MICROPLASTIC_DETECTOR-main\MICROPLASTIC_DETECTOR-main\dataset\test\pellet\pellet_0697.png
pellet_0698.png,pellet,4,test,C:\Users\hs085\Downloads\MICROPLASTIC_DETECTOR-main\MICROPLASTIC_DETECTOR-main\dataset\test\pellet\pellet_0698.png
pellet_0699.png,pellet,4,test,C:\Users\hs085\Downloads\MICROPLASTIC_DETECTOR-main\MICROPLASTIC_DETECTOR-main\dataset\test\pellet\pellet_0699.png
pellet_0700.png,pellet,4,test,C:\Users\hs085\Downloads\MICROPLASTIC_DETECTOR-main\MICROPLASTIC_DETECTOR-main\dataset\test\pellet\pellet_0700.png
pellet_0701.png,pellet,4,test,C:\Users\hs085\Downloads\MICROPLASTIC_DETECTOR-main\MICROPLASTIC_DETECTOR-main\dataset\test\pellet\pellet_0701.png
pellet_0702.png,pellet,4,test,C:\Users\hs085\Downloads\MICROPLASTIC_DETECTOR-main\MICROPLASTIC_DETECTOR-main\dataset\test\pellet\pellet_0702.png
pellet_0703.png,pellet,4,test,C:\Users\hs085\Downloads\MICROPLASTIC_DETECTOR-main\MICROPLASTIC_DETECTOR-main\dataset\test\pellet\pellet_0703.png
pellet_0704.png,pellet,4,test,C:\Users\hs085\Downloads\MICROPLASTIC_DETECTOR-main\MICROPLASTIC_DETECTOR-main\dataset\test\pellet\pellet_0704.png
pellet_0705.png,pellet,4,test,C:\Users\hs085\Downloads\MICROPLASTIC_DETECTOR-main\MICROPLASTIC_DETECTOR-main\dataset\test\pellet\pellet_0705.png
pellet_0706.png,pellet,4,test,C:\Users\hs085\Downloads\MICROPLASTIC_DETECTOR-main\MICROPLASTIC_DETECTOR-main\dataset\test\pellet\pellet_0706.png
pellet_0707.png,pellet,4,test,C:\Users\hs085\Downloads\MICROPLASTIC_DETECTOR-main\MICROPLASTIC_DETECTOR-main\dataset\test\pellet\pellet_0707.png
pellet_0708.png,pellet,4,test,C:\Users\hs085\Downloads\MICROPLASTIC_DETECTOR-main\MICROPLASTIC_DETECTOR-main\dataset\test\pellet\pellet_0708.png
pellet_0709.png,pellet,4,test,C:\Users\hs085\Downloads\MICROPLASTIC_DETECTOR-main\MICROPLASTIC_DETECTOR-main\dataset\test\pellet\pellet_0709.png
pellet_0710.png,pellet,4,test,C:\Users\hs085\Downloads\MICROPLASTIC_DETECTOR-main\MICROPLASTIC_DETECTOR-main\dataset\test\pellet\pellet_0710.png
pellet_0711.png,pellet,4,test,C:\Users\hs085\Downloads\MICROPLASTIC_DETECTOR-main\MICROPLASTIC_DETECTOR-main\dataset\test\pellet\pellet_0711.png
pellet_0712.png,pellet,4,test,C:\Users\hs085\Downloads\MICROPLASTIC_DETECTOR-main\MICROPLASTIC_DETECTOR-main\dataset\test\pellet\pellet_0712.png
pellet_0713.png,pellet,4,test,C:\Users\hs085\Downloads\MICROPLASTIC_DETECTOR-main\MICROPLASTIC_DETECTOR-main\dataset\test\pellet\pellet_0713.png
pellet_0714.png,pellet,4,test,C:\Users\hs085\Downloads\MICROPLASTIC_DETECTOR-main\MICROPLASTIC_DETECTOR-main\dataset\test\pellet\pellet_0714.png
pellet_0715.png,pellet,4,test,C:\Users\hs085\Downloads\MICROPLASTIC_DETECTOR-main\MICROPLASTIC_DETECTOR-main\dataset\test\pellet\pellet_0715.png
pellet_0716.png,pellet,4,test,C:\Users\hs085\Downloads\MICROPLASTIC_DETECTOR-main\MICROPLASTIC_DETECTOR-main\dataset\test\pellet\pellet_0716.png
pellet_0717.png,pellet,4,test,C:\Users\hs085\Downloads\MICROPLASTIC_DETECTOR-main\MICROPLASTIC_DETECTOR-main\dataset\test\pellet\pellet_0717.png
pellet_0718.png,pellet,4,test,C:\Users\hs085\Downloads\MICROPLASTIC_DETECTOR-main\MICROPLASTIC_DETECTOR-main\dataset\test\pellet\pellet_0718.png
pellet_0719.png,pellet,4,test,C:\Users\hs085\Downloads\MICROPLASTIC_DETECTOR-main\MICROPLASTIC_DETECTOR-main\dataset\test\pellet\pellet_0719.png
pellet_0720.png,pellet,4,test,C:\Users\hs085\Downloads\MICROPLASTIC_DETECTOR-main\MICROPLASTIC_DETECTOR-main\dataset\test\pellet\pellet_0720.png
pellet_0721.png,pellet,4,test,C:\Users\hs085\Downloads\MICROPLASTIC_DETECTOR-main\MICROPLASTIC_DETECTOR-main\dataset\test\pellet\pellet_0721.png
pellet_0722.png,pellet,4,test,C:\Users\hs085\Downloads\MICROPLASTIC_DETECTOR-main\MICROPLASTIC_DETECTOR-main\dataset\test\pellet\pellet_0722.png
pellet_0723.png,pellet,4,test,C:\Users\hs085\Downloads\MICROPLASTIC_DETECTOR-main\MICROPLASTIC_DETECTOR-main\dataset\test\pellet\pellet_0723.png
pellet_0724.png,pellet,4,test,C:\Users\hs085\Downloads\MICROPLASTIC_DETECTOR-main\MICROPLASTIC_DETECTOR-main\dataset\test\pellet\pellet_0724.png
pellet_0725.png,pellet,4,test,C:\Users\hs085\Downloads\MICROPLASTIC_DETECTOR-main\MICROPLASTIC_DETECTOR-main\dataset\test\pellet\pellet_0725.png
pellet_0726.png,pellet,4,test,C:\Users\hs085\Downloads\MICROPLASTIC_DETECTOR-main\MICROPLASTIC_DETECTOR-main\dataset\test\pellet\pellet_0726.png
pellet_0727.png,pellet,4,test,C:\Users\hs085\Downloads\MICROPLASTIC_DETECTOR-main\MICROPLASTIC_DETECTOR-main\dataset\test\pellet\pellet_0727.png
pellet_0728.png,pellet,4,test,C:\Users\hs085\Downloads\MICROPLASTIC_DETECTOR-main\MICROPLASTIC_DETECTOR-main\dataset\test\pellet\pellet_0728.png
pellet_0729.png,pellet,4,test,C:\Users\hs085\Downloads\MICROPLASTIC_DETECTOR-main\MICROPLASTIC_DETECTOR-main\dataset\test\pellet\pellet_0729.png
pellet_0730.png,pellet,4,test,C:\Users\hs085\Downloads\MICROPLASTIC_DETECTOR-main\MICROPLASTIC_DETECTOR-main\dataset\test\pellet\pellet_0730.png
pellet_0731.png,pellet,4,test,C:\Users\hs085\Downloads\MICROPLASTIC_DETECTOR-main\MICROPLASTIC_DETECTOR-main\dataset\test\pellet\pellet_0731.png
pellet_0732.png,pellet,4,test,C:\Users\hs085\Downloads\MICROPLASTIC_DETECTOR-main\MICROPLASTIC_DETECTOR-main\dataset\test\pellet\pellet_0732.png
pellet_0733.png,pellet,4,test,C:\Users\hs085\Downloads\MICROPLASTIC_DETECTOR-main\MICROPLASTIC_DETECTOR-main\dataset\test\pellet\pellet_0733.png
pellet_0734.png,pellet,4,test,C:\Users\hs085\Downloads\MICROPLASTIC_DETECTOR-main\MICROPLASTIC_DETECTOR-main\dataset\test\pellet\pellet_0734.png
pellet_0735.png,pellet,4,test,C:\Users\hs085\Downloads\MICROPLASTIC_DETECTOR-main\MICROPLASTIC_DETECTOR-main\dataset\test\pellet\pellet_0735.png
pellet_0736.png,pellet,4,test,C:\Users\hs085\Downloads\MICROPLASTIC_DETECTOR-main\MICROPLASTIC_DETECTOR-main\dataset\test\pellet\pellet_0736.png
pellet_0737.png,pellet,4,test,C:\Users\hs085\Downloads\MICROPLASTIC_DETECTOR-main\MICROPLASTIC_DETECTOR-main\dataset\test\pellet\pellet_0737.png
pellet_0738.png,pellet,4,test,C:\Users\hs085\Downloads\MICROPLASTIC_DETECTOR-main\MICROPLASTIC_DETECTOR-main\dataset\test\pellet\pellet_0738.png
pellet_0739.png,pellet,4,test,C:\Users\hs085\Downloads\MICROPLASTIC_DETECTOR-main\MICROPLASTIC_DETECTOR-main\dataset\test\pellet\pellet_0739.png
pellet_0740.png,pellet,4,test,C:\Users\hs085\Downloads\MICROPLASTIC_DETECTOR-main\MICROPLASTIC_DETECTOR-main\dataset\test\pellet\pellet_0740.png
pellet_0741.png,pellet,4,test,C:\Users\hs085\Downloads\MICROPLASTIC_DETECTOR-main\MICROPLASTIC_DETECTOR-main\dataset\test\pellet\pellet_0741.png
pellet_0742.png,pellet,4,test,C:\Users\hs085\Downloads\MICROPLASTIC_DETECTOR-main\MICROPLASTIC_DETECTOR-main\dataset\test\pellet\pellet_0742.png
pellet_0743.png,pellet,4,test,C:\Users\hs085\Downloads\MICROPLASTIC_DETECTOR-main\MICROPLASTIC_DETECTOR-main\dataset\test\pellet\pellet_0743.png
pellet_0744.png,pellet,4,test,C:\Users\hs085\Downloads\MICROPLASTIC_DETECTOR-main\MICROPLASTIC_DETECTOR-main\dataset\test\pellet\pellet_0744.png
pellet_0745.png,pellet,4,test,C:\Users\hs085\Downloads\MICROPLASTIC_DETECTOR-main\MICROPLASTIC_DETECTOR-main\dataset\test\pellet\pellet_0745.png
pellet_0746.png,pellet,4,test,C:\Users\hs085\Downloads\MICROPLASTIC_DETECTOR-main\MICROPLASTIC_DETECTOR-main\dataset\test\pellet\pellet_0746.png
pellet_0747.png,pellet,4,test,C:\Users\hs085\Downloads\MICROPLASTIC_DETECTOR-main\MICROPLASTIC_DETECTOR-main\dataset\test\pellet\pellet_0747.png
pellet_0748.png,pellet,4,test,C:\Users\hs085\Downloads\MICROPLASTIC_DETECTOR-main\MICROPLASTIC_DETECTOR-main\dataset\test\pellet\pellet_0748.png
pellet_0749.png,pellet,4,test,C:\Users\hs085\Downloads\MICROPLASTIC_DETECTOR-main\MICROPLASTIC_DETECTOR-main\dataset\test\pellet\pellet_0749.png
pellet_0750.png,pellet,4,test,C:\Users\hs085\Downloads\MICROPLASTIC_DETECTOR-main\MICROPLASTIC_DETECTOR-main\dataset\test\pellet\pellet_0750.png
pellet_0751.png,pellet,4,test,C:\Users\hs085\Downloads\MICROPLASTIC_DETECTOR-main\MICROPLASTIC_DETECTOR-main\dataset\test\pellet\pellet_0751.png
pellet_0752.png,pellet,4,test,C:\Users\hs085\Downloads\MICROPLASTIC_DETECTOR-main\MICROPLASTIC_DETECTOR-main\dataset\test\pellet\pellet_0752.png
pellet_0753.png,pellet,4,test,C:\Users\hs085\Downloads\MICROPLASTIC_DETECTOR-main\MICROPLASTIC_DETECTOR-main\dataset\test\pellet\pellet_0753.png
pellet_0754.png,pellet,4,test,C:\Users\hs085\Downloads\MICROPLASTIC_DETECTOR-main\MICROPLASTIC_DETECTOR-main\dataset\test\pellet\pellet_0754.png
pellet_0755.png,pellet,4,test,C:\Users\hs085\Downloads\MICROPLASTIC_DETECTOR-main\MICROPLASTIC_DETECTOR-main\dataset\test\pellet\pellet_0755.png
pellet_0756.png,pellet,4,test,C:\Users\hs085\Downloads\MICROPLASTIC_DETECTOR-main\MICROPLASTIC_DETECTOR-main\dataset\test\pellet\pellet_0756.png
pellet_0757.png,pellet,4,test,C:\Users\hs085\Downloads\MICROPLASTIC_DETECTOR-main\MICROPLASTIC_DETECTOR-main\dataset\test\pellet\pellet_0757.png
pellet_0758.png,pellet,4,test,C:\Users\hs085\Downloads\MICROPLASTIC_DETECTOR-main\MICROPLASTIC_DETECTOR-main\dataset\test\pellet\pellet_0758.png
pellet_0759.png,pellet,4,test,C:\Users\hs085\Downloads\MICROPLASTIC_DETECTOR-main\MICROPLASTIC_DETECTOR-main\dataset\test\pellet\pellet_0759.png
pellet_0760.png,pellet,4,test,C:\Users\hs085\Downloads\MICROPLASTIC_DETECTOR-main\MICROPLASTIC_DETECTOR-main\dataset\test\pellet\pellet_0760.png
pellet_0761.png,pellet,4,test,C:\Users\hs085\Downloads\MICROPLASTIC_DETECTOR-main\MICROPLASTIC_DETECTOR-main\dataset\test\pellet\pellet_0761.png
pellet_0762.png,pellet,4,test,C:\Users\hs085\Downloads\MICROPLASTIC_DETECTOR-main\MICROPLASTIC_DETECTOR-main\dataset\test\pellet\pellet_0762.png
pellet_0763.png,pellet,4,test,C:\Users\hs085\Downloads\MICROPLASTIC_DETECTOR-main\MICROPLASTIC_DETECTOR-main\dataset\test\pellet\pellet_0763.png
pellet_0764.png,pellet,4,test,C:\Users\hs085\Downloads\MICROPLASTIC_DETECTOR-main\MICROPLASTIC_DETECTOR-main\dataset\test\pellet\pellet_0764.png
pellet_0765.png,pellet,4,test,C:\Users\hs085\Downloads\MICROPLASTIC_DETECTOR-main\MICROPLASTIC_DETECTOR-main\dataset\test\pellet\pellet_0765.png
pellet_0766.png,pellet,4,test,C:\Users\hs085\Downloads\MICROPLASTIC_DETECTOR-main\MICROPLASTIC_DETECTOR-main\dataset\test\pellet\pellet_0766.png
pellet_0767.png,pellet,4,test,C:\Users\hs085\Downloads\MICROPLASTIC_DETECTOR-main\MICROPLASTIC_DETECTOR-main\dataset\test\pellet\pellet_0767.png
pellet_0768.png,pellet,4,test,C:\Users\hs085\Downloads\MICROPLASTIC_DETECTOR-main\MICROPLASTIC_DETECTOR-main\dataset\test\pellet\pellet_0768.png
pellet_0769.png,pellet,4,test,C:\Users\hs085\Downloads\MICROPLASTIC_DETECTOR-main\MICROPLASTIC_DETECTOR-main\dataset\test\pellet\pellet_0769.png
pellet_0770.png,pellet,4,test,C:\Users\hs085\Downloads\MICROPLASTIC_DETECTOR-main\MICROPLASTIC_DETECTOR-main\dataset\test\pellet\pellet_0770.png
pellet_0771.png,pellet,4,test,C:\Users\hs085\Downloads\MICROPLASTIC_DETECTOR-main\MICROPLASTIC_DETECTOR-main\dataset\test\pellet\pellet_0771.png
pellet_0772.png,pellet,4,test,C:\Users\hs085\Downloads\MICROPLASTIC_DETECTOR-main\MICROPLASTIC_DETECTOR-main\dataset\test\pellet\pellet_0772.png
pellet_0773.png,pellet,4,test,C:\Users\hs085\Downloads\MICROPLASTIC_DETECTOR-main\MICROPLASTIC_DETECTOR-main\dataset\test\pellet\pellet_0773.png
pellet_0774.png,pellet,4,test,C:\Users\hs085\Downloads\MICROPLASTIC_DETECTOR-main\MICROPLASTIC_DETECTOR-main\dataset\test\pellet\pellet_0774.png
pellet_0775.png,pellet,4,test,C:\Users\hs085\Downloads\MICROPLASTIC_DETECTOR-main\MICROPLASTIC_DETECTOR-main\dataset\test\pellet\pellet_0775.png
pellet_0776.png,pellet,4,test,C:\Users\hs085\Downloads\MICROPLASTIC_DETECTOR-main\MICROPLASTIC_DETECTOR-main\dataset\test\pellet\pellet_0776.png
pellet_0777.png,pellet,4,test,C:\Users\hs085\Downloads\MICROPLASTIC_DETECTOR-main\MICROPLASTIC_DETECTOR-main\dataset\test\pellet\pellet_0777.png
pellet_0778.png,pellet,4,test,C:\Users\hs085\Downloads\MICROPLASTIC_DETECTOR-main\MICROPLASTIC_DETECTOR-main\dataset\test\pellet\pellet_0778.png
pellet_0779.png,pellet,4,test,C:\Users\hs085\Downloads\MICROPLASTIC_DETECTOR-main\MICROPLASTIC_DETECTOR-main\dataset\test\pellet\pellet_0779.png
pellet_0780.png,pellet,4,test,C:\Users\hs085\Downloads\MICROPLASTIC_DETECTOR-main\MICROPLASTIC_DETECTOR-main\dataset\test\pellet\pellet_0780.png
pellet_0781.png,pellet,4,test,C:\Users\hs085\Downloads\MICROPLASTIC_DETECTOR-main\MICROPLASTIC_DETECTOR-main\dataset\test\pellet\pellet_0781.png
pellet_0782.png,pellet,4,test,C:\Users\hs085\Downloads\MICROPLASTIC_DETECTOR-main\MICROPLASTIC_DETECTOR-main\dataset\test\pellet\pellet_0782.png
pellet_0783.png,pellet,4,test,C:\Users\hs085\Downloads\MICROPLASTIC_DETECTOR-main\MICROPLASTIC_DETECTOR-main\dataset\test\pellet\pellet_0783.png
pellet_0784.png,pellet,4,test,C:\Users\hs085\Downloads\MICROPLASTIC_DETECTOR-main\MICROPLASTIC_DETECTOR-main\dataset\test\pellet\pellet_0784.png
pellet_0785.png,pellet,4,test,C:\Users\hs085\Downloads\MICROPLASTIC_DETECTOR-main\MICROPLASTIC_DETECTOR-main\dataset\test\pellet\pellet_0785.png
pellet_0786.png,pellet,4,test,C:\Users\hs085\Downloads\MICROPLASTIC_DETECTOR-main\MICROPLASTIC_DETECTOR-main\dataset\test\pellet\pellet_0786.png
pellet_0787.png,pellet,4,test,C:\Users\hs085\Downloads\MICROPLASTIC_DETECTOR-main\MICROPLASTIC_DETECTOR-main\dataset\test\pellet\pellet_0787.png
pellet_0788.png,pellet,4,test,C:\Users\hs085\Downloads\MICROPLASTIC_DETECTOR-main\MICROPLASTIC_DETECTOR-main\dataset\test\pellet\pellet_0788.png
pellet_0789.png,pellet,4,test,C:\Users\hs085\Downloads\MICROPLASTIC_DETECTOR-main\MICROPLASTIC_DETECTOR-main\dataset\test\pellet\pellet_0789.png
pellet_0790.png,pellet,4,test,C:\Users\hs085\Downloads\MICROPLASTIC_DETECTOR-main\MICROPLASTIC_DETECTOR-main\dataset\test\pellet\pellet_0790.png
pellet_0791.png,pellet,4,test,C:\Users\hs085\Downloads\MICROPLASTIC_DETECTOR-main\MICROPLASTIC_DETECTOR-main\dataset\test\pellet\pellet_0791.png
pellet_0792.png,pellet,4,test,C:\Users\hs085\Downloads\MICROPLASTIC_DETECTOR-main\MICROPLASTIC_DETECTOR-main\dataset\test\pellet\pellet_0792.png
pellet_0793.png,pellet,4,test,C:\Users\hs085\Downloads\MICROPLASTIC_DETECTOR-main\MICROPLASTIC_DETECTOR-main\dataset\test\pellet\pellet_0793.png
pellet_0794.png,pellet,4,test,C:\Users\hs085\Downloads\MICROPLASTIC_DETECTOR-main\MICROPLASTIC_DETECTOR-main\dataset\test\pellet\pellet_0794.png
pellet_0795.png,pellet,4,test,C:\Users\hs085\Downloads\MICROPLASTIC_DETECTOR-main\MICROPLASTIC_DETECTOR-main\dataset\test\pellet\pellet_0795.png
pellet_0796.png,pellet,4,test,C:\Users\hs085\Downloads\MICROPLASTIC_DETECTOR-main\MICROPLASTIC_DETECTOR-main\dataset\test\pellet\pellet_0796.png
pellet_0797.png,pellet,4,test,C:\Users\hs085\Downloads\MICROPLASTIC_DETECTOR-main\MICROPLASTIC_DETECTOR-main\dataset\test\pellet\pellet_0797.png
pellet_0798.png,pellet,4,test,C:\Users\hs085\Downloads\MICROPLASTIC_DETECTOR-main\MICROPLASTIC_DETECTOR-main\dataset\test\pellet\pellet_0798.png
pellet_0799.png,pellet,4,test,C:\Users\hs085\Downloads\MICROPLASTIC_DETECTOR-main\MICROPLASTIC_DETECTOR-main\dataset\test\pellet\pellet_0799.png
pellet_0800.png,pellet,4,test,C:\Users\hs085\Downloads\MICROPLASTIC_DETECTOR-main\MICROPLASTIC_DETECTOR-main\dataset\test\pellet\pellet_0800.png
pellet_0801.png,pellet,4,test,C:\Users\hs085\Downloads\MICROPLASTIC_DETECTOR-main\MICROPLASTIC_DETECTOR-main\dataset\test\pellet\pellet_0801.png
pellet_0802.png,pellet,4,test,C:\Users\hs085\Downloads\MICROPLASTIC_DETECTOR-main\MICROPLASTIC_DETECTOR-main\dataset\test\pellet\pellet_0802.png
pellet_0803.png,pellet,4,test,C:\Users\hs085\Downloads\MICROPLASTIC_DETECTOR-main\MICROPLASTIC_DETECTOR-main\dataset\test\pellet\pellet_0803.png
pellet_0804.png,pellet,4,test,C:\Users\hs085\Downloads\MICROPLASTIC_DETECTOR-main\MICROPLASTIC_DETECTOR-main\dataset\test\pellet\pellet_0804.png
pellet_0805.png,pellet,4,test,C:\Users\hs085\Downloads\MICROPLASTIC_DETECTOR-main\MICROPLASTIC_DETECTOR-main\dataset\test\pellet\pellet_0805.png
pellet_0806.png,pellet,4,test,C:\Users\hs085\Downloads\MICROPLASTIC_DETECTOR-main\MICROPLASTIC_DETECTOR-main\dataset\test\pellet\pellet_0806.png
pellet_0807.png,pellet,4,test,C:\Users\hs085\Downloads\MICROPLASTIC_DETECTOR-main\MICROPLASTIC_DETECTOR-main\dataset\test\pellet\pellet_0807.png
pellet_0808.png,pellet,4,test,C:\Users\hs085\Downloads\MICROPLASTIC_DETECTOR-main\MICROPLASTIC_DETECTOR-main\dataset\test\pellet\pellet_0808.png
pellet_0809.png,pellet,4,test,C:\Users\hs085\Downloads\MICROPLASTIC_DETECTOR-main\MICROPLASTIC_DETECTOR-main\dataset\test\pellet\pellet_0809.png
pellet_0810.png,pellet,4,test,C:\Users\hs085\Downloads\MICROPLASTIC_DETECTOR-main\MICROPLASTIC_DETECTOR-main\dataset\test\pellet\pellet_0810.png
pellet_0811.png,pellet,4,test,C:\Users\hs085\Downloads\MICROPLASTIC_DETECTOR-main\MICROPLASTIC_DETECTOR-main\dataset\test\pellet\pellet_0811.png
pellet_0812.png,pellet,4,test,C:\Users\hs085\Downloads\MICROPLASTIC_DETECTOR-main\MICROPLASTIC_DETECTOR-main\dataset\test\pellet\pellet_0812.png
pellet_0813.png,pellet,4,test,C:\Users\hs085\Downloads\MICROPLASTIC_DETECTOR-main\MICROPLASTIC_DETECTOR-main\dataset\test\pellet\pellet_0813.png
pellet_0814.png,pellet,4,test,C:\Users\hs085\Downloads\MICROPLASTIC_DETECTOR-main\MICROPLASTIC_DETECTOR-main\dataset\test\pellet\pellet_0814.png
pellet_0815.png,pellet,4,test,C:\Users\hs085\Downloads\MICROPLASTIC_DETECTOR-main\MICROPLASTIC_DETECTOR-main\dataset\test\pellet\pellet_0815.png
pellet_0816.png,pellet,4,test,C:\Users\hs085\Downloads\MICROPLASTIC_DETECTOR-main\MICROPLASTIC_DETECTOR-main\dataset\test\pellet\pellet_0816.png
pellet_0817.png,pellet,4,test,C:\Users\hs085\Downloads\MICROPLASTIC_DETECTOR-main\MICROPLASTIC_DETECTOR-main\dataset\test\pellet\pellet_0817.png
pellet_0818.png,pellet,4,test,C:\Users\hs085\Downloads\MICROPLASTIC_DETECTOR-main\MICROPLASTIC_DETECTOR-main\dataset\test\pellet\pellet_0818.png
pellet_0819.png,pellet,4,test,C:\Users\hs085\Downloads\MICROPLASTIC_DETECTOR-main\MICROPLASTIC_DETECTOR-main\dataset\test\pellet\pellet_0819.png
pellet_0820.png,pellet,4,test,C:\Users\hs085\Downloads\MICROPLASTIC_DETECTOR-main\MICROPLASTIC_DETECTOR-main\dataset\test\pellet\pellet_0820.png
pellet_0821.png,pellet,4,test,C:\Users\hs085\Downloads\MICROPLASTIC_DETECTOR-main\MICROPLASTIC_DETECTOR-main\dataset\test\pellet\pellet_0821.png
pellet_0822.png,pellet,4,test,C:\Users\hs085\Downloads\MICROPLASTIC_DETECTOR-main\MICROPLASTIC_DETECTOR-main\dataset\test\pellet\pellet_0822.png
pellet_0823.png,pellet,4,test,C:\Users\hs085\Downloads\MICROPLASTIC_DETECTOR-main\MICROPLASTIC_DETECTOR-main\dataset\test\pellet\pellet_0823.png
pellet_0824.png,pellet,4,test,C:\Users\hs085\Downloads\MICROPLASTIC_DETECTOR-main\MICROPLASTIC_DETECTOR-main\dataset\test\pellet\pellet_0824.png
pellet_0825.png,pellet,4,test,C:\Users\hs085\Downloads\MICROPLASTIC_DETECTOR-main\MICROPLASTIC_DETECTOR-main\dataset\test\pellet\pellet_0825.png
pellet_0826.png,pellet,4,test,C:\Users\hs085\Downloads\MICROPLASTIC_DETECTOR-main\MICROPLASTIC_DETECTOR-main\dataset\test\pellet\pellet_0826.png
pellet_0827.png,pellet,4,test,C:\Users\hs085\Downloads\MICROPLASTIC_DETECTOR-main\MICROPLASTIC_DETECTOR-main\dataset\test\pellet\pellet_0827.png
pellet_0828.png,pellet,4,test,C:\Users\hs085\Downloads\MICROPLASTIC_DETECTOR-main\MICROPLASTIC_DETECTOR-main\dataset\test\pellet\pellet_0828.png
pellet_0829.png,pellet,4,test,C:\Users\hs085\Downloads\MICROPLASTIC_DETECTOR-main\MICROPLASTIC_DETECTOR-main\dataset\test\pellet\pellet_0829.png
pellet_0830.png,pellet,4,test,C:\Users\hs085\Downloads\MICROPLASTIC_DETECTOR-main\MICROPLASTIC_DETECTOR-main\dataset\test\pellet\pellet_0830.png
pellet_0831.png,pellet,4,test,C:\Users\hs085\Downloads\MICROPLASTIC_DETECTOR-main\MICROPLASTIC_DETECTOR-main\dataset\test\pellet\pellet_0831.png
pellet_0832.png,pellet,4,test,C:\Users\hs085\Downloads\MICROPLASTIC_DETECTOR-main\MICROPLASTIC_DETECTOR-main\dataset\test\pellet\pellet_0832.png
pellet_0833.png,pellet,4,test,C:\Users\hs085\Downloads\MICROPLASTIC_DETECTOR-main\MICROPLASTIC_DETECTOR-main\dataset\test\pellet\pellet_0833.png
pellet_0834.png,pellet,4,test,C:\Users\hs085\Downloads\MICROPLASTIC_DETECTOR-main\MICROPLASTIC_DETECTOR-main\dataset\test\pellet\pellet_0834.png
pellet_0835.png,pellet,4,test,C:\Users\hs085\Downloads\MICROPLASTIC_DETECTOR-main\MICROPLASTIC_DETECTOR-main\dataset\test\pellet\pellet_0835.png
pellet_0836.png,pellet,4,test,C:\Users\hs085\Downloads\MICROPLASTIC_DETECTOR-main\MICROPLASTIC_DETECTOR-main\dataset\test\pellet\pellet_0836.png
pellet_0837.png,pellet,4,test,C:\Users\hs085\Downloads\MICROPLASTIC_DETECTOR-main\MICROPLASTIC_DETECTOR-main\dataset\test\pellet\pellet_0837.png
pellet_0838.png,pellet,4,test,C:\Users\hs085\Downloads\MICROPLASTIC_DETECTOR-main\MICROPLASTIC_DETECTOR-main\dataset\test\pellet\pellet_0838.png
pellet_0839.png,pellet,4,test,C:\Users\hs085\Downloads\MICROPLASTIC_DETECTOR-main\MICROPLASTIC_DETECTOR-main\dataset\test\pellet\pellet_0839.png
pellet_0840.png,pellet,4,test,C:\Users\hs085\Downloads\MICROPLASTIC_DETECTOR-main\MICROPLASTIC_DETECTOR-main\dataset\test\pellet\pellet_0840.png
pellet_0841.png,pellet,4,test,C:\Users\hs085\Downloads\MICROPLASTIC_DETECTOR-main\MICROPLASTIC_DETECTOR-main\dataset\test\pellet\pellet_0841.png
pellet_0842.png,pellet,4,test,C:\Users\hs085\Downloads\MICROPLASTIC_DETECTOR-main\MICROPLASTIC_DETECTOR-main\dataset\test\pellet\pellet_0842.png
pellet_0843.png,pellet,4,test,C:\Users\hs085\Downloads\MICROPLASTIC_DETECTOR-main\MICROPLASTIC_DETECTOR-main\dataset\test\pellet\pellet_0843.png
pellet_0844.png,pellet,4,test,C:\Users\hs085\Downloads\MICROPLASTIC_DETECTOR-main\MICROPLASTIC_DETECTOR-main\dataset\test\pellet\pellet_0844.png
pellet_0845.png,pellet,4,test,C:\Users\hs085\Downloads\MICROPLASTIC_DETECTOR-main\MICROPLASTIC_DETECTOR-main\dataset\test\pellet\pellet_0845.png
pellet_0846.png,pellet,4,test,C:\Users\hs085\Downloads\MICROPLASTIC_DETECTOR-main\MICROPLASTIC_DETECTOR-main\dataset\test\pellet\pellet_0846.png
pellet_0847.png,pellet,4,test,C:\Users\hs085\Downloads\MICROPLASTIC_DETECTOR-main\MICROPLASTIC_DETECTOR-main\dataset\test\pellet\pellet_0847.png
pellet_0848.png,pellet,4,test,C:\Users\hs085\Downloads\MICROPLASTIC_DETECTOR-main\MICROPLASTIC_DETECTOR-main\dataset\test\pellet\pellet_0848.png
pellet_0849.png,pellet,4,test,C:\Users\hs085\Downloads\MICROPLASTIC_DETECTOR-main\MICROPLASTIC_DETECTOR-main\dataset\test\pellet\pellet_0849.png
